t,f
0.000000000000000000e+00,1.161591648891501460e+00
2.000400080016003206e-03,1.161591648891501460e+00
4.000800160032006413e-03,1.151008387167237190e+00
6.001200240048009185e-03,1.140294097441209686e+00
8.001600320064012825e-03,1.129451884483885449e+00
1.000200040008001647e-02,1.118484785596982833e+00
1.200240048009601837e-02,1.107395772311680071e+00
1.400280056011202201e-02,1.096187752039698093e+00
1.600320064012802565e-02,1.084863569678654382e+00
1.800360072014402929e-02,1.073426009172891549e+00
2.000400080016003293e-02,1.061877795031149763e+00
2.200440088017603657e-02,1.050221593802179942e+00
2.400480096019203674e-02,1.038460015509561130e+00
2.600520104020804038e-02,1.026595615046866250e+00
2.800560112022404402e-02,1.014630893534310907e+00
3.000600120024004766e-02,1.002568299637883964e+00
3.200640128025605130e-02,9.904102308522242382e-01
3.400680136027205147e-02,9.781590347480125791e-01
3.600720144028805858e-02,9.658170101851240030e-01
3.800760152030405875e-02,9.533864084923761029e-01
4.000800160032006586e-02,9.408694346148788190e-01
4.200840168033606603e-02,9.282682482298665327e-01
4.400880176035207314e-02,9.155849648319878131e-01
4.600920184036807331e-02,9.028216567888127653e-01
4.800960192038407348e-02,8.899803543675534057e-01
5.001000200040008059e-02,8.770630467336618663e-01
5.201040208041608076e-02,8.640716829222150341e-01
5.401080216043208787e-02,8.510081727828711085e-01
5.601120224044808804e-02,8.378743878990565497e-01
5.801160232046409515e-02,8.246721624822407337e-01
6.001200240048009532e-02,8.114032942419143746e-01
6.201240248049610243e-02,7.980695452320347716e-01
6.401280256051210260e-02,7.846726426745680438e-01
6.601320264052810971e-02,7.712142797608347866e-01
6.801360272054410294e-02,7.576961164312179253e-01
7.001400280056011005e-02,7.441197801339418660e-01
7.201440288057611716e-02,7.304868665634586256e-01
7.401480296059212427e-02,7.167989403790652192e-01
7.601520304060811750e-02,7.030575359042965378e-01
7.801560312062412461e-02,6.892641578076174058e-01
8.001600320064013172e-02,6.754202817650871715e-01
8.201640328065612495e-02,6.615273551052792689e-01
8.401680336067213206e-02,6.475867974372131464e-01
8.601720344068813917e-02,6.336000012616216370e-01
8.801760352070414628e-02,6.195683325660804597e-01
9.001800360072013951e-02,6.054931314044655899e-01
9.201840368073614662e-02,5.913757124612419869e-01
9.401880376075215373e-02,5.772173656008737774e-01
9.601920384076814696e-02,5.630193564029630782e-01
9.801960392078415407e-02,5.487829266833936792e-01
1.000200040008001612e-01,5.345092950019383338e-01
1.020204040808161683e-01,5.201996571566989136e-01
1.040208041608321615e-01,5.058551866657787777e-01
1.060212042408481686e-01,4.914770352365267492e-01
1.080216043208641757e-01,4.770663332227436659e-01
1.100220044008801829e-01,4.626241900701481002e-01
1.120224044808961761e-01,4.481516947504634030e-01
1.140228045609121832e-01,4.336499161844967754e-01
1.160232046409281903e-01,4.191199036544234202e-01
1.180236047209441835e-01,4.045626872056797829e-01
1.200240048009601906e-01,3.899792780387154600e-01
1.220244048809761978e-01,3.753706688908972078e-01
1.240248049609922049e-01,3.607378344088810751e-01
1.260252050410081981e-01,3.460817315116377912e-01
1.280256051210242052e-01,3.314032997445397477e-01
1.300260052010402123e-01,3.167034616246109380e-01
1.320264052810562194e-01,3.019831229772853565e-01
1.340268053610722265e-01,2.872431732649293190e-01
1.360272054410882059e-01,2.724844859072501624e-01
1.380276055211042130e-01,2.577079185939837869e-01
1.400280056011202201e-01,2.429143135899231032e-01
1.420284056811362272e-01,2.281044980326174532e-01
1.440288057611522343e-01,2.132792842228988794e-01
1.460292058411682414e-01,2.028135939785194353e+02
1.480296059211842485e-01,1.773831283313184883e+02
1.500300060012002279e-01,1.516445042776353489e+02
1.520304060812162350e-01,1.295265408070788169e+02
1.540308061612322421e-01,1.109459575375051799e+02
1.560312062412482492e-01,9.517371030810906518e+01
1.580316063212642563e-01,8.177735738843912827e+01
1.600320064012802634e-01,7.041908525537479591e+01
1.620324064812962706e-01,6.080753523851299747e+01
1.640328065613122499e-01,5.269161208511443562e+01
1.660332066413282570e-01,4.585507355338808821e+01
1.680336067213442641e-01,4.011181655664318413e+01
1.700340068013602712e-01,3.530177934123666716e+01
1.720344068813762783e-01,3.128738522098439745e+01
1.740348069613922855e-01,2.795046031097023942e+01
1.760352070414082926e-01,2.518956479166864426e+01
1.780356071214242719e-01,2.291768408080423214e+01
1.800360072014402790e-01,2.106023267762163087e+01
1.820364072814562861e-01,1.955332927174397639e+01
1.840368073614722932e-01,1.834230694578899090e+01
1.860372074414883004e-01,1.738042695819546779e+01
1.880376075215043075e-01,1.662776870438975507e+01
1.900380076015203146e-01,1.605027206407707752e+01
1.920384076815362939e-01,1.561891149960722025e+01
1.940388077615523010e-01,1.530898402385421342e+01
1.960392078415683081e-01,1.509949555158208057e+01
1.980396079215843153e-01,1.497263223029856505e+01
2.000400080016003224e-01,1.491330515289330449e+01
2.020404080816163295e-01,1.490875842078604840e+01
2.040408081616323366e-01,1.494823188331689323e+01
2.060412082416483437e-01,1.502267105479782394e+01
2.080416083216643230e-01,1.512309949282696842e+01
2.100420084016803302e-01,1.523034474917850112e+01
2.120424084816963373e-01,1.534224377198772871e+01
2.140428085617123444e-01,1.546046416864109396e+01
2.160432086417283515e-01,1.558557513302733888e+01
2.180436087217443586e-01,1.571737756483813264e+01
2.200440088017603657e-01,1.585516339636566308e+01
2.220444088817763451e-01,1.599791445699066372e+01
2.240448089617923522e-01,1.614445098790588062e+01
2.260452090418083593e-01,1.629353921567121688e+01
2.280456091218243664e-01,1.644396639495823820e+01
2.300460092018403735e-01,1.659665082010112513e+01
2.320464092818563806e-01,1.675435452858122076e+01
2.340468093618723877e-01,1.691363070219452069e+01
2.360472094418883671e-01,1.707351403411763968e+01
2.380476095219043742e-01,1.729030242614391000e+01
2.400480096019203813e-01,1.753837210139998248e+01
2.420484096819363884e-01,1.776495878403882145e+01
2.440488097619523955e-01,1.797071248480556349e+01
2.460492098419684026e-01,1.815764173031092099e+01
2.480496099219844097e-01,1.832761751665522709e+01
2.500500100020003891e-01,1.848236515194491858e+01
2.520504100820163962e-01,1.862346314372231859e+01
2.540508101620324033e-01,1.875234672604890562e+01
2.560512102420484104e-01,1.887031433723023710e+01
2.580516103220644175e-01,1.897853586294226957e+01
2.600520104020804246e-01,1.907806181677134560e+01
2.620524104820964317e-01,1.916983288513658223e+01
2.640528105621124388e-01,1.925468944624569900e+01
2.660532106421284460e-01,1.933338080360728739e+01
2.680536107221444531e-01,1.940657396849762506e+01
2.700540108021604602e-01,1.947486189283916147e+01
2.720544108821764118e-01,1.953923902716542571e+01
2.740548109621924189e-01,1.960143730809681983e+01
2.760552110422084260e-01,1.966766977276878237e+01
2.780556111222244331e-01,1.972658771325095017e+01
2.800560112022404402e-01,1.977913356679192347e+01
2.820564112822564473e-01,1.982613623318011875e+01
2.840568113622724544e-01,1.987461463219150204e+01
2.860572114422884615e-01,1.991986304500811755e+01
2.880576115223044686e-01,2.364244237246790092e+01
2.900580116023204758e-01,2.325697558752747440e+01
2.920584116823364829e-01,2.292326691575685516e+01
2.940588117623524900e-01,2.263428852114637735e+01
2.960592118423684971e-01,3.390096876136460224e+01
2.980596119223845042e-01,3.219252529091311743e+01
3.000600120024004558e-01,3.072100114483077959e+01
3.020604120824164629e-01,3.333412062219341720e+01
3.040608121624324700e-01,3.151910377117341255e+01
3.060612122424484771e-01,2.997454110428080654e+01
3.080616123224644842e-01,2.866070404901364554e+01
3.100620124024804913e-01,2.754405226868179568e+01
3.120624124824964984e-01,2.659609310376828262e+01
3.140628125625125056e-01,2.579251180682680555e+01
3.160632126425285127e-01,2.511249259618969631e+01
3.180636127225445198e-01,2.453817711754132347e+01
3.200640128025605269e-01,2.405422420481203716e+01
3.220644128825765340e-01,2.364744617048243214e+01
3.240648129625925411e-01,2.330650433846359348e+01
3.260652130426085482e-01,2.302165151235271878e+01
3.280656131226244998e-01,2.278451241638356350e+01
3.300660132026405069e-01,2.258789542008266693e+01
3.320664132826565140e-01,2.242563042496702863e+01
3.340668133626725211e-01,2.229242889158291163e+01
3.360672134426885282e-01,2.218376277401910812e+01
3.380676135227045354e-01,2.209575970861254390e+01
3.400680136027205425e-01,2.202511224119070476e+01
3.420684136827365496e-01,2.196899921688366319e+01
3.440688137627525567e-01,2.192501772720675746e+01
3.460692138427685638e-01,2.189112423053213874e+01
3.480696139227845709e-01,2.186558364602740667e+01
3.500700140028005780e-01,2.184692537755245567e+01
3.520704140828165851e-01,2.183390535781032327e+01
3.540708141628325922e-01,2.182547331909773192e+01
3.560712142428485438e-01,2.182074459783449427e+01
3.580716143228645509e-01,2.181897586844026549e+01
3.600720144028805580e-01,2.181954427935508889e+01
3.620724144828965652e-01,2.182192953195366059e+01
3.640728145629125723e-01,2.182569850238002473e+01
3.660732146429285794e-01,2.183049205872228526e+01
3.680736147229445865e-01,2.183601377149010148e+01
3.700740148029605936e-01,2.184202025531689273e+01
3.720744148829766007e-01,2.184831291486651139e+01
3.740748149629926078e-01,2.185473089825569915e+01
3.760752150430086149e-01,2.186114508811460411e+01
3.780756151230246220e-01,2.186745298318059838e+01
3.800760152030406291e-01,3.983559675088107355e+01
3.820764152830566363e-01,3.747516823023443067e+01
3.840768153630725879e-01,3.501685664602486980e+01
3.860772154430885950e-01,3.288638948271026408e+01
3.880776155231046021e-01,3.104237232584655715e+01
3.900780156031206092e-01,2.944860637271215253e+01
3.920784156831366163e-01,2.807339395193077536e+01
3.940788157631526234e-01,2.688895289895661378e+01
3.960792158431686305e-01,2.587091852133565695e+01
3.980796159231846376e-01,2.499791686186136275e+01
4.000800160032006447e-01,2.425119666174825994e+01
4.020804160832166518e-01,2.361431018276544691e+01
4.040808161632326589e-01,2.307283511708289581e+01
4.060812162432486661e-01,2.261413137731616274e+01
4.080816163232646732e-01,2.222712774819444448e+01
4.100820164032806803e-01,2.190213429403110723e+01
4.120824164832966874e-01,2.163067712137701903e+01
4.140828165633126390e-01,2.140535264857981801e+01
4.160832166433286461e-01,2.121969897028099439e+01
4.180836167233446532e-01,2.110707807627160904e+01
4.200840168033606603e-01,2.109680116538607564e+01
4.220844168833766674e-01,2.108894806914540254e+01
4.240848169633926745e-01,2.108313996555941117e+01
4.260852170434086816e-01,2.107905240227804811e+01
4.280856171234246887e-01,2.107640786735030147e+01
4.300860172034406959e-01,2.107496933193496602e+01
4.320864172834567030e-01,2.107453464482689753e+01
4.340868173634727101e-01,2.107493167193512917e+01
4.360872174434887172e-01,2.107601408645381369e+01
4.380876175235047243e-01,2.107765772628149747e+01
4.400880176035207314e-01,2.107975744561959175e+01
4.420884176835366830e-01,2.108222439606077714e+01
4.440888177635526901e-01,2.108498368104938336e+01
4.460892178435686972e-01,2.108797233402825455e+01
4.480896179235847043e-01,2.109113757735413230e+01
4.500900180036007114e-01,2.109443532418044498e+01
4.520904180836167185e-01,2.109782889061066413e+01
4.540908181636327257e-01,2.110128788954273915e+01
4.560912182436487328e-01,2.110478728142796001e+01
4.580916183236647399e-01,2.110830656042670839e+01
4.600920184036807470e-01,2.111182905731854831e+01
4.620924184836967541e-01,2.111534134291663989e+01
4.640928185637127612e-01,2.111883271812322960e+01
4.660932186437287683e-01,2.112229477838462799e+01
4.680936187237447754e-01,2.112572104223711023e+01
4.700940188037607270e-01,2.112910663471368622e+01
4.720944188837767341e-01,2.113244801808765061e+01
4.740948189637927412e-01,2.113574276294085763e+01
4.760952190438087483e-01,2.113898935400023404e+01
4.780956191238247555e-01,2.114218702564278729e+01
4.800960192038407626e-01,2.114533562279068235e+01
4.820964192838567697e-01,2.114843548356146385e+01
4.840968193638727768e-01,2.115148734041319400e+01
4.860972194438887839e-01,2.115449223713984139e+01
4.880976195239047910e-01,2.115745145937990657e+01
4.900980196039207981e-01,2.116036647648865809e+01
4.920984196839368052e-01,2.116323889334432096e+01
4.940988197639528123e-01,2.116607041027627645e+01
4.960992198439688194e-01,2.116886279014368100e+01
4.980996199239847710e-01,2.117161783125612473e+01
5.001000200040007782e-01,2.117433734541852175e+01
5.021004200840167853e-01,2.117702314013500953e+01
5.041008201640327924e-01,2.117967700443546164e+01
5.061012202440487995e-01,2.118230069766854129e+01
5.081016203240648066e-01,2.118489594081061256e+01
5.101020204040808137e-01,2.118746440984184076e+01
5.121024204840968208e-01,2.119000773091834589e+01
5.141028205641128279e-01,2.119252747691137273e+01
5.161032206441288350e-01,2.119502516521002633e+01
5.181036207241448421e-01,2.119750225641998398e+01
5.201040208041608492e-01,2.119996015389992650e+01
5.221044208841768564e-01,2.120240020393112701e+01
5.241048209641928635e-01,2.120482369639408304e+01
5.261052210442088706e-01,2.120723186582818443e+01
5.281056211242248777e-01,2.120962589281210597e+01
5.301060212042408848e-01,2.121200690560941737e+01
5.321064212842568919e-01,2.121437598195685581e+01
5.341068213642728990e-01,2.121673415094504023e+01
5.361072214442889061e-01,2.121908239508972471e+01
5.381076215243049132e-01,2.122142165228712329e+01
5.401080216043209203e-01,2.122375281793362944e+01
5.421084216843368164e-01,2.122607674694857494e+01
5.441088217643528235e-01,2.122839425581434014e+01
5.461092218443688306e-01,2.123070612453411599e+01
5.481096219243848378e-01,2.123301309860557851e+01
5.501100220044008449e-01,2.123531589086602622e+01
5.521104220844168520e-01,2.123761518332397813e+01
5.541108221644328591e-01,2.123991162888060202e+01
5.561112222444488662e-01,2.124220585302440867e+01
5.581116223244648733e-01,2.124449845540113913e+01
5.601120224044808804e-01,2.124679001136321688e+01
5.621124224844968875e-01,2.124908107338119478e+01
5.641128225645128946e-01,2.125137217244647303e+01
5.661132226445289017e-01,2.125366381936310844e+01
5.681136227245449088e-01,2.125595650598235054e+01
5.701140228045609160e-01,2.125825070635660552e+01
5.721144228845769231e-01,2.126054687786920638e+01
5.741148229645929302e-01,2.126284546222551697e+01
5.761152230446089373e-01,2.126514688646453877e+01
5.781156231246249444e-01,2.126745156385190327e+01
5.801160232046409515e-01,2.126975989477282525e+01
5.821164232846569586e-01,2.127207226752529934e+01
5.841168233646729657e-01,2.127438905906766209e+01
5.861172234446889728e-01,2.127671063578435806e+01
5.881176235247049799e-01,2.127903735408061792e+01
5.901180236047209871e-01,2.128136956107609734e+01
5.921184236847369942e-01,2.128370759517579458e+01
5.941188237647530013e-01,2.128605178659180552e+01
5.961192238447690084e-01,2.128840245790654606e+01
5.981196239247849045e-01,2.129075992451241461e+01
6.001200240048009116e-01,2.129312449511944649e+01
6.021204240848169187e-01,2.129549647208718710e+01
6.041208241648329258e-01,2.129787615194016936e+01
6.061212242448489329e-01,2.140139648811485884e+01
6.081216243248649400e-01,2.138162246361001451e+01
6.101220244048809471e-01,2.136524953928964266e+01
6.121224244848969542e-01,2.135177570646807865e+01
6.141228245649129613e-01,2.134077182978470688e+01
6.161232246449289685e-01,2.133187123524568207e+01
6.181236247249449756e-01,2.132476076496848805e+01
6.201240248049609827e-01,2.131917309542885164e+01
6.221244248849769898e-01,2.131488014345294602e+01
6.241248249649929969e-01,2.131168740814651485e+01
6.261252250450090040e-01,2.130942911785441396e+01
6.281256251250250111e-01,2.130796406915216679e+01
6.301260252050410182e-01,2.130717206048301549e+01
6.321264252850570253e-01,2.130695083659920641e+01
6.341268253650730324e-01,2.130721347144452693e+01
6.361272254450890395e-01,2.130788612746649235e+01
6.381276255251050467e-01,2.130890613776441356e+01
6.401280256051210538e-01,2.131022036508515427e+01
6.421284256851370609e-01,2.131178379825322011e+01
6.441288257651530680e-01,2.131355835203491722e+01
6.461292258451690751e-01,2.131551184118404763e+01
6.481296259251850822e-01,2.131761710393257303e+01
6.501300260052010893e-01,2.131985125306935558e+01
6.521304260852170964e-01,2.132219503661471549e+01
6.541308261652331035e-01,2.132463229194350163e+01
6.561312262452489996e-01,2.132714948006290712e+01
6.581316263252650067e-01,2.132973528835829669e+01
6.601320264052810138e-01,2.133238029186513884e+01
6.621324264852970209e-01,2.133507666460075569e+01
6.641328265653130281e-01,2.133781793367247559e+01
6.661332266453290352e-01,2.134059876985780235e+01
6.681336267253450423e-01,2.134341480942217117e+01
6.701340268053610494e-01,2.134626250258918034e+01
6.721344268853770565e-01,2.134913898465677207e+01
6.741348269653930636e-01,2.135204196657532805e+01
6.761352270454090707e-01,2.135496964206229364e+01
6.781356271254250778e-01,2.135792060875551712e+01
6.801360272054410849e-01,2.136089380144953154e+01
6.821364272854570920e-01,2.136388843552028405e+01
6.841368273654730991e-01,2.136690395911011109e+01
6.861372274454891063e-01,2.136994001269984622e+01
6.881376275255051134e-01,2.137299639499825332e+01
6.901380276055211205e-01,2.137607303420710991e+01
6.921384276855371276e-01,2.137916996384065627e+01
6.941388277655531347e-01,2.138228730242099473e+01
6.961392278455691418e-01,2.138542523645425320e+01
6.981396279255851489e-01,2.138858400618966371e+01
7.001400280056011560e-01,2.139176389376335408e+01
7.021404280856171631e-01,2.139496521332134549e+01
7.041408281656331702e-01,2.139818830280009010e+01
7.061412282456491774e-01,2.140143351722603882e+01
7.081416283256651845e-01,2.140470122311740653e+01
7.101420284056811916e-01,2.140799179396875118e+01
7.121424284856970877e-01,2.141130560653579096e+01
7.141428285657130948e-01,2.141464303790347401e+01
7.161432286457291019e-01,2.141800446309809658e+01
7.181436287257451090e-01,2.142139025318840240e+01
7.201440288057611161e-01,2.142480077390562343e+01
7.221444288857771232e-01,2.142823638445282697e+01
7.241448289657931303e-01,2.143169743675816363e+01
7.261452290458091374e-01,2.143518427485472344e+01
7.281456291258251445e-01,2.143869723452480969e+01
7.301460292058411516e-01,2.144223664305135202e+01
7.321464292858571588e-01,2.144580281913972541e+01
7.341468293658731659e-01,2.144939607291686201e+01
7.361472294458891730e-01,2.145301670602430022e+01
7.381476295259051801e-01,2.145666501178387264e+01
7.401480296059211872e-01,2.146034127537989278e+01
7.421484296859371943e-01,2.146404577412970482e+01
7.441488297659532014e-01,2.146777877774786703e+01
7.461492298459692085e-01,2.147154054863728589e+01
7.481496299259852156e-01,2.147533134219643713e+01
7.501500300060012227e-01,2.147915140711915782e+01
7.521504300860172298e-01,2.148300098573508876e+01
7.541508301660332370e-01,2.148688031430531709e+01
7.561512302460492441e-01,2.149078962333087262e+01
7.581516303260652512e-01,2.149472913787247563e+01
7.601520304060812583e-01,2.097078420794384712e+01
7.621524304860972654e-01,2.092600602452086278e+01
7.641528305661132725e-01,2.089233327937624907e+01
7.661532306461292796e-01,2.086815953170738425e+01
7.681536307261451757e-01,2.085211018222146606e+01
7.701540308061611828e-01,2.084300859706739573e+01
7.721544308861771899e-01,2.083984720550770930e+01
7.741548309661931970e-01,2.084176283624849901e+01
7.761552310462092041e-01,2.084801566785793625e+01
7.781556311262252112e-01,2.085797126164994708e+01
7.801560312062412184e-01,2.087108522437094749e+01
7.821564312862572255e-01,2.088689011523046801e+01
7.841568313662732326e-01,2.090498426834107448e+01
7.861572314462892397e-01,2.092502225021159035e+01
7.881576315263052468e-01,2.094670671314545629e+01
7.901580316063212539e-01,2.096978144020585688e+01
7.921584316863372610e-01,2.099288802942006527e+01
7.941588317663532681e-01,2.101582997310722334e+01
7.961592318463692752e-01,2.103918867153045369e+01
7.981596319263852823e-01,2.106290670876408555e+01
8.001600320064012895e-01,2.108693372614311201e+01
8.021604320864172966e-01,2.111112050146588004e+01
8.041608321664333037e-01,2.113460301174572109e+01
8.061612322464493108e-01,2.115733513025157464e+01
8.081616323264653179e-01,2.117944533843436616e+01
8.101620324064813250e-01,2.236277823248239827e+01
8.121624324864973321e-01,2.225624535884846722e+01
8.141628325665133392e-01,2.216714645071600387e+01
8.161632326465293463e-01,2.209283430254549785e+01
8.181636327265453534e-01,2.203106072145265415e+01
8.201640328065613605e-01,2.197991620711009020e+01
8.221644328865773677e-01,2.193777887132855753e+01
8.241648329665933748e-01,2.190327114671827502e+01
8.261652330466092709e-01,2.187522307081787432e+01
8.281656331266252780e-01,2.185264112784338053e+01
8.301660332066412851e-01,2.183468179285549127e+01
8.321664332866572922e-01,2.182062905848255596e+01
8.341668333666732993e-01,2.180987533726368000e+01
8.361672334466893064e-01,2.180190522726125479e+01
8.381676335267053135e-01,2.179628170790318364e+01
8.401680336067213206e-01,2.179263439957232507e+01
8.421684336867373277e-01,2.179064957668871472e+01
8.441688337667533348e-01,2.179006167103088387e+01
8.461692338467693419e-01,2.179064604233326818e+01
8.481696339267853491e-01,2.179221282667711179e+01
8.501700340068013562e-01,2.179460170180879430e+01
8.521704340868173633e-01,2.179767743266464208e+01
8.541708341668333704e-01,2.180132608104427305e+01
8.561712342468493775e-01,2.180545178048728516e+01
8.581716343268653846e-01,2.180997399239941004e+01
8.601720344068813917e-01,2.181482517187127357e+01
8.621724344868973988e-01,2.181994878234111823e+01
8.641728345669134059e-01,2.182529760731777557e+01
8.661732346469294130e-01,2.183083231499249521e+01
8.681736347269454201e-01,2.183652023818415699e+01
8.701740348069614273e-01,2.184233433769611565e+01
8.721744348869774344e-01,2.184825232172725507e+01
8.741748349669934415e-01,2.185425589822182602e+01
8.761752350470094486e-01,2.186033014030300237e+01
8.781756351270254557e-01,2.186646294801646917e+01
8.801760352070414628e-01,2.187264459197887234e+01
8.821764352870573589e-01,2.187886732674996892e+01
8.841768353670733660e-01,2.188512506345600883e+01
8.861772354470893731e-01,2.189141309288836013e+01
8.881776355271053802e-01,2.189772785139759392e+01
8.901780356071213873e-01,2.190406672328586879e+01
8.921784356871373944e-01,2.191042787404887449e+01
8.941788357671534015e-01,2.191681010999601042e+01
8.961792358471694087e-01,2.192321276008877007e+01
8.981796359271854158e-01,2.192963557678974595e+01
9.001800360072014229e-01,2.193607865281556712e+01
9.021804360872174300e-01,2.194254235160058286e+01
9.041808361672334371e-01,2.194902724926841131e+01
9.061812362472494442e-01,2.195553408622448899e+01
9.081816363272654513e-01,2.196206372708138588e+01
9.101820364072814584e-01,2.196861712749216622e+01
9.121824364872974655e-01,2.197519530683950606e+01
9.141828365673134726e-01,2.198179932585490803e+01
9.161832366473294798e-01,2.198843026840956227e+01
9.181836367273454869e-01,2.199508922673502909e+01
9.201840368073614940e-01,2.200177728965683244e+01
9.221844368873775011e-01,2.200849553315914875e+01
9.241848369673935082e-01,2.201524501307748594e+01
9.261852370474095153e-01,2.202202675940993259e+01
9.281856371274255224e-01,2.202884177210925642e+01
9.301860372074415295e-01,2.203569101798941432e+01
9.321864372874575366e-01,2.204257542857391527e+01
9.341868373674735437e-01,2.204949589877901772e+01
9.361872374474895508e-01,2.205645328618174261e+01
9.381876375275055580e-01,2.206344841082233543e+01
9.401880376075214540e-01,2.207085686428188254e+01
9.421884376875374612e-01,2.207882129013467676e+01
9.441888377675534683e-01,2.208661089085754270e+01
9.461892378475694754e-01,2.209426149637998549e+01
9.481896379275854825e-01,2.210180346211937064e+01
9.501900380076014896e-01,2.210926249950152567e+01
9.521904380876174967e-01,2.211666037999352241e+01
9.541908381676335038e-01,2.212401553226516526e+01
9.561912382476495109e-01,2.213187858501346383e+01
9.581916383276655180e-01,2.214031879671701475e+01
9.601920384076815251e-01,2.214897095683669193e+01
9.621924384876975322e-01,2.215778134386242826e+01
9.641928385677135394e-01,2.216618924270681390e+01
9.661932386477295465e-01,2.217426843754244814e+01
9.681936387277455536e-01,2.218208159539065605e+01
9.701940388077615607e-01,2.218968188932245411e+01
9.721944388877775678e-01,2.219711438784740309e+01
9.741948389677935749e-01,2.220441724413542062e+01
9.761952390478095820e-01,2.221162271356063300e+01
9.781956391278255891e-01,2.221980102145612435e+01
9.801960392078415962e-01,2.222683229788076176e+01
9.821964392878576033e-01,2.223467456725278524e+01
9.841968393678736104e-01,2.224227114001217842e+01
9.861972394478896176e-01,2.224967256383881775e+01
9.881976395279056247e-01,2.225692183714427230e+01
9.901980396079216318e-01,2.226405546610787312e+01
9.921984396879376389e-01,2.227110438010433668e+01
9.941988397679536460e-01,2.227809472358306664e+01
9.961992398479695421e-01,2.228504854044391692e+01
9.981996399279855492e-01,2.229198436486020540e+01
1.000200040008001556e+00,2.229891773082082906e+01
1.002200440088017563e+00,2.230586161124283251e+01
1.004200840168033571e+00,2.231282679592379026e+01
1.006201240248049578e+00,2.231982221660537746e+01
1.008201640328065585e+00,2.232685522628512231e+01
1.010202040408081592e+00,2.233393183894687439e+01
1.012202440488097599e+00,2.234105693517811630e+01
1.014202840568113606e+00,2.234823443824537392e+01
1.016203240648129613e+00,2.235546746482264524e+01
1.018203640728145620e+00,2.236275845381015159e+01
1.020204040808161627e+00,2.237010927631073898e+01
1.022204440888177635e+00,2.237752132939023753e+01
1.024204840968193642e+00,2.238499561595411080e+01
1.026205241048209649e+00,2.239253281263360762e+01
1.028205641128225656e+00,2.240013332738904239e+01
1.030206041208241663e+00,2.240779734837461490e+01
1.032206441288257670e+00,2.241552488523938536e+01
1.034206841368273677e+00,2.242331580396909629e+01
1.036207241448289684e+00,2.243116985625109905e+01
1.038207641528305691e+00,2.243908670409766160e+01
1.040208041608321698e+00,2.244706594047052661e+01
1.042208441688337706e+00,2.245510710650473740e+01
1.044208841768353713e+00,2.246320970580060816e+01
1.046209241848369720e+00,2.247137321619921124e+01
1.048209641928385727e+00,2.247959709956687391e+01
1.050210042008401734e+00,2.248788080971235459e+01
1.052210442088417741e+00,2.249622379881414602e+01
1.054210842168433748e+00,2.250462552261359406e+01
1.056211242248449755e+00,2.251308544452787075e+01
1.058211642328465762e+00,2.252160303883677628e+01
1.060212042408481770e+00,2.253017779318101432e+01
1.062212442488497777e+00,2.253880921036462937e+01
1.064212842568513784e+00,2.254749680967825398e+01
1.066213242648529791e+00,2.255624012781195731e+01
1.068213642728545798e+00,2.256503871935233363e+01
1.070214042808561805e+00,2.257389215707184960e+01
1.072214442888577812e+00,2.258280003187813278e+01
1.074214842968593819e+00,2.259176195268624454e+01
1.076215243048609826e+00,2.260077754607946332e+01
1.078215643128625834e+00,2.260984645584718677e+01
1.080216043208641841e+00,2.261896834245238352e+01
1.082216443288657626e+00,2.262814288244048555e+01
1.084216843368673633e+00,2.263736976776562670e+01
1.086217243448689640e+00,2.264664870511504446e+01
1.088217643528705647e+00,2.265597941520639935e+01
1.090218043608721654e+00,2.266536163206161447e+01
1.092218443688737661e+00,2.267479510228097794e+01
1.094218843768753668e+00,2.268427958434439873e+01
1.096219243848769676e+00,2.269381484791034609e+01
1.098219643928785683e+00,2.270340067308675458e+01
1.100220044008801690e+00,2.271303684981689841e+01
1.102220444088817697e+00,2.272272317720088353e+01
1.104220844168833704e+00,2.273245946285232932e+01
1.106221244248849711e+00,2.274224552232931273e+01
1.108221644328865718e+00,2.275208117853685508e+01
1.110222044408881725e+00,2.276196626115399724e+01
1.112222444488897732e+00,2.277190060615630429e+01
1.114222844568913739e+00,2.278188405524442572e+01
1.116223244648929747e+00,2.279191645541070699e+01
1.118223644728945754e+00,2.280199765845474857e+01
1.120224044808961761e+00,2.281212752058150883e+01
1.122224444888977768e+00,2.502120428796474272e+01
1.124224844968993775e+00,2.475913345306434721e+01
1.126225245049009782e+00,2.453027150751487540e+01
1.128225645129025789e+00,2.432936239008190782e+01
1.130226045209041796e+00,2.415283293486146832e+01
1.132226445289057803e+00,2.399804630464386079e+01
1.134226845369073811e+00,2.386287791111301360e+01
1.136227245449089818e+00,2.374548426012469449e+01
1.138227645529105825e+00,2.364418544322258953e+01
1.140228045609121832e+00,2.355741216862617549e+01
1.142228445689137839e+00,2.348368716665832068e+01
1.144228845769153846e+00,2.342162294576542436e+01
1.146229245849169853e+00,2.336992564140967232e+01
1.148229645929185860e+00,2.332739956253192304e+01
1.150230046009201867e+00,2.329294997052634741e+01
1.152230446089217875e+00,2.326558329434485373e+01
1.154230846169233882e+00,2.324440485542525536e+01
1.156231246249249889e+00,2.322861456552131187e+01
1.158231646329265896e+00,2.321750117571150085e+01
1.160232046409281903e+00,2.321043562933451909e+01
1.162232446489297910e+00,2.320686398298212794e+01
1.164232846569313917e+00,2.320630025395187701e+01
1.166233246649329924e+00,2.320831945120214712e+01
1.168233646729345931e+00,2.321255096132526674e+01
1.170234046809361939e+00,2.321867239302503094e+01
1.172234446889377946e+00,2.322640393266823722e+01
1.174234846969393953e+00,2.323550322711487937e+01
1.176235247049409960e+00,2.324576078546400382e+01
1.178235647129425967e+00,2.325699587540631086e+01
1.180236047209441974e+00,2.326905288068443767e+01
1.182236447289457981e+00,2.328179808151585206e+01
1.184236847369473988e+00,2.329511681831789360e+01
1.186237247449489995e+00,2.330891099970247282e+01
1.188237647529506003e+00,2.332309691745171776e+01
1.190238047609522010e+00,2.333760333402415910e+01
1.192238447689538017e+00,2.335236981078593033e+01
1.194238847769554024e+00,2.336734524840380800e+01
1.196239247849569809e+00,2.338248661370572989e+01
1.198239647929585816e+00,2.339775783019428346e+01
1.200240048009601823e+00,2.341312881196184037e+01
1.202240448089617830e+00,2.342857462303153682e+01
1.204240848169633837e+00,2.344407474665178270e+01
1.206241248249649844e+00,2.345961245038849796e+01
1.208241648329665852e+00,2.347517423509831858e+01
1.210242048409681859e+00,2.349074935712136636e+01
1.212242448489697866e+00,2.350632941431708645e+01
1.214242848569713873e+00,2.352190798778817893e+01
1.216243248649729880e+00,2.353748033228143655e+01
1.218243648729745887e+00,2.355304310881733443e+01
1.220244048809761894e+00,2.356859415427980053e+01
1.222244448889777901e+00,2.358413228309235876e+01
1.224244848969793908e+00,2.359965711678151123e+01
1.226245249049809916e+00,2.361516893788992988e+01
1.228245649129825923e+00,2.363066856491595757e+01
1.230246049209841930e+00,2.364615724559340393e+01
1.232246449289857937e+00,2.366163656604945587e+01
1.234246849369873944e+00,2.367710837369244459e+01
1.236247249449889951e+00,2.369257471198683263e+01
1.238247649529905958e+00,2.370803776549868758e+01
1.240248049609921965e+00,2.372349981388774509e+01
1.242248449689937972e+00,2.373896319338498273e+01
1.244248849769953980e+00,2.375443026502259158e+01
1.246249249849969987e+00,2.376990338832356997e+01
1.248249649929985994e+00,2.378538489997312766e+01
1.250250050010002001e+00,2.380087709651947847e+01
1.252250450090018008e+00,2.381638222064142241e+01
1.254250850170034015e+00,2.383190245037959443e+01
1.256251250250050022e+00,2.384743989095090910e+01
1.258251650330066029e+00,2.386299656860871110e+01
1.260252050410082036e+00,2.387857442640251904e+01
1.262252450490098044e+00,2.389417532138420341e+01
1.264252850570114051e+00,2.390980102306767918e+01
1.266253250650130058e+00,2.392545321292955052e+01
1.268253650730146065e+00,2.394113348476746239e+01
1.270254050810162072e+00,2.395684334569370932e+01
1.272254450890178079e+00,2.397258421775935133e+01
1.274254850970194086e+00,2.398835743995584835e+01
1.276255251050210093e+00,2.400416427052773827e+01
1.278255651130226100e+00,2.402000588961589500e+01
1.280256051210242108e+00,2.403588340203004137e+01
1.282256451290258115e+00,2.405179784015842515e+01
1.284256851370274122e+00,2.406775016692261815e+01
1.286257251450290129e+00,2.408374127882925464e+01
1.288257651530306136e+00,2.409977200898725513e+01
1.290258051610322143e+00,2.411584313004949820e+01
1.292258451690338150e+00,2.413195535721856189e+01
1.294258851770354157e+00,2.414810935108164003e+01
1.296259251850370164e+00,2.416430572042668246e+01
1.298259651930386172e+00,2.418054502494691960e+01
1.300260052010402179e+00,2.419682777783967254e+01
1.302260452090418186e+00,2.421315444833696517e+01
1.304260852170434193e+00,2.422952546409131003e+01
1.306261252250450200e+00,2.424594121347305276e+01
1.308261652330466207e+00,2.426240204776966891e+01
1.310262052410481992e+00,2.427890828323292638e+01
1.312262452490497999e+00,2.429546020307709853e+01
1.314262852570514006e+00,2.431205805933892350e+01
1.316263252650530013e+00,2.432870207463281176e+01
1.318263652730546021e+00,2.434539244382583689e+01
1.320264052810562028e+00,2.436212933560214822e+01
1.322264452890578035e+00,2.437891289394064032e+01
1.324264852970594042e+00,2.439574323950617085e+01
1.326265253050610049e+00,2.441262047095767684e+01
1.328265653130626056e+00,2.442954466616225773e+01
1.330266053210642063e+00,2.444651588334891912e+01
1.332266453290658070e+00,2.446353416218352805e+01
1.334266853370674077e+00,2.448059952477215262e+01
1.336267253450690085e+00,2.449771197659956101e+01
1.338267653530706092e+00,2.451575727239162461e+01
1.340268053610722099e+00,2.453322537450983276e+01
1.342268453690738106e+00,2.455160856856815954e+01
1.344268853770754113e+00,2.456982033342165295e+01
1.346269253850770120e+00,2.458789527824081489e+01
1.348269653930786127e+00,2.460586292216117599e+01
1.350270054010802134e+00,2.462374841918272494e+01
1.352270454090818141e+00,2.464157318014610354e+01
1.354270854170834149e+00,2.465935540655809532e+01
1.356271254250850156e+00,2.467711054879793053e+01
1.358271654330866163e+00,2.469485169947273562e+01
1.360272054410882170e+00,2.471258993111319668e+01
1.362272454490898177e+00,2.473033458611373803e+01
1.364272854570914184e+00,2.474020020355386151e+01
1.366273254650930191e+00,2.475848853156730200e+01
1.368273654730946198e+00,2.477648696794881999e+01
1.370274054810962205e+00,2.479429910352243382e+01
1.372274454890978213e+00,2.481200280999012620e+01
1.374274854970994220e+00,2.482965596866194957e+01
1.376275255051010227e+00,2.484730099378490920e+01
1.378275655131026234e+00,2.486496839583180218e+01
1.380276055211042241e+00,2.488267958101390320e+01
1.382276455291058248e+00,2.490044904423952588e+01
1.384276855371074255e+00,2.491828608110495225e+01
1.386277255451090262e+00,2.493619611908481559e+01
1.388277655531106269e+00,2.495418174809042355e+01
1.390278055611122277e+00,2.497224351395040998e+01
1.392278455691138284e+00,2.499038052565028778e+01
1.394278855771154291e+00,2.500859091651988564e+01
1.396279255851170298e+00,2.502687219138220343e+01
1.398279655931186305e+00,2.504522148494375600e+01
1.400280056011202312e+00,2.506363575138653133e+01
1.402280456091218319e+00,2.508211190098461429e+01
1.404280856171234326e+00,2.510073853992502890e+01
1.406281256251250333e+00,2.512083298583765156e+01
1.408281656331266340e+00,2.514080083282021860e+01
1.410282056411282348e+00,2.516056765264712070e+01
1.412282456491298355e+00,2.518017031820346929e+01
1.414282856571314362e+00,2.519964027171767285e+01
1.416283256651330369e+00,2.521900430349698752e+01
1.418283656731346376e+00,2.523828521834388283e+01
1.420284056811362383e+00,2.525750240609321295e+01
1.422284456891378390e+00,2.527667233034246763e+01
1.424284856971394175e+00,2.529580894715385497e+01
1.426285257051410182e+00,2.531492406399782169e+01
1.428285657131426190e+00,2.533402764745192925e+01
1.430286057211442197e+00,2.535312808711655563e+01
1.432286457291458204e+00,2.537352443954948100e+01
1.434286857371474211e+00,2.539347086327401470e+01
1.436287257451490218e+00,2.541432112416735123e+01
1.438287657531506225e+00,2.543485497606591750e+01
1.440288057611522232e+00,2.545512426516824434e+01
1.442288457691538239e+00,2.547517402235798301e+01
1.444288857771554246e+00,2.549610178904867297e+01
1.446289257851570254e+00,2.551733832832268334e+01
1.448289657931586261e+00,2.685123397336448559e+00
1.450290058011602268e+00,2.678954763422690899e+00
1.452290458091618275e+00,2.672545495979727903e+00
1.454290858171634282e+00,2.665898626088341494e+00
1.456291258251650289e+00,2.659017122114268439e+00
1.458291658331666296e+00,2.651903891363324828e+00
1.460292058411682303e+00,2.644561781696531888e+00
1.462292458491698310e+00,2.636993583106285843e+00
1.464292858571714318e+00,2.629202029254682493e+00
1.466293258651730325e+00,2.621189798975073870e+00
1.468293658731746332e+00,2.612959517737790893e+00
1.470294058811762339e+00,2.604513759081103608e+00
1.472294458891778346e+00,2.595855046008273437e+00
1.474294858971794353e+00,2.586985852351727289e+00
1.476295259051810360e+00,2.577908604105073387e+00
1.478295659131826367e+00,2.568625680724027305e+00
1.480296059211842374e+00,2.559139416396904121e+00
1.482296459291858381e+00,2.549452101285640815e+00
1.484296859371874389e+00,2.539565982737904015e+00
1.486297259451890396e+00,2.529483266471322711e+00
1.488297659531906403e+00,2.519206117730389494e+00
1.490298059611922410e+00,2.508736662416696461e+00
1.492298459691938417e+00,2.498076988193452586e+00
1.494298859771954424e+00,2.487229145564568977e+00
1.496299259851970431e+00,2.476195148929325018e+00
1.498299659931986438e+00,2.464976977612977738e+00
1.500300060012002445e+00,2.453576576874000104e+00
1.502300460092018453e+00,2.441995858888583282e+00
1.504300860172034460e+00,2.430236703712882029e+00
1.506301260252050467e+00,2.418300960223547236e+00
1.508301660332066474e+00,2.406190447037194424e+00
1.510302060412082481e+00,2.393906953409151939e+00
1.512302460492098488e+00,2.381452240112078567e+00
1.514302860572114495e+00,2.368828040294903126e+00
1.516303260652130502e+00,2.356036060322575842e+00
1.518303660732146509e+00,2.343077980597012555e+00
1.520304060812162517e+00,2.329955456359741106e+00
1.522304460892178524e+00,2.316670118476618967e+00
1.524304860972194531e+00,2.303223574204998236e+00
1.526305261052210538e+00,2.289617407943860705e+00
1.528305661132226545e+00,2.275853181967115280e+00
1.530306061212242552e+00,2.261932437140573349e+00
1.532306461292258559e+00,2.247856693622892976e+00
1.534306861372274566e+00,2.233627451550836529e+00
1.536307261452290351e+00,2.219246191709201455e+00
1.538307661532306359e+00,2.204714376185695546e+00
1.540308061612322366e+00,2.190033449011134170e+00
1.542308461692338373e+00,2.175204836785224582e+00
1.544308861772354380e+00,2.160229949288201112e+00
1.546309261852370387e+00,2.145110180078656725e+00
1.548309661932386394e+00,2.129846907077820539e+00
1.550310062012402401e+00,2.114441493140498451e+00
1.552310462092418408e+00,2.098895286613029931e+00
1.554310862172434415e+00,2.083209621878395090e+00
1.556311262252450422e+00,2.067385819888858389e+00
1.558311662332466430e+00,2.051425188686214263e+00
1.560312062412482437e+00,2.035329023909990820e+00
1.562312462492498444e+00,2.019098609293809687e+00
1.564312862572514451e+00,2.002735217150056535e+00
1.566313262652530458e+00,1.986240108843112750e+00
1.568313662732546465e+00,1.969614535251395626e+00
1.570314062812562472e+00,1.952859737218266112e+00
1.572314462892578479e+00,1.935976945992163634e+00
1.574314862972594486e+00,1.918967383656017933e+00
1.576315263052610494e+00,1.901832263546231250e+00
1.578315663132626501e+00,1.884572790661225739e+00
1.580316063212642508e+00,1.867190162059968461e+00
1.582316463292658515e+00,1.849685567250450635e+00
1.584316863372674522e+00,1.832060188568350956e+00
1.586317263452690529e+00,1.814315201546027545e+00
1.588317663532706536e+00,1.796451775272003060e+00
1.590318063612722543e+00,1.778471072741106607e+00
1.592318463692738550e+00,1.760374251195310880e+00
1.594318863772754558e+00,1.742162462455618233e+00
1.596319263852770565e+00,1.723836853244849365e+00
1.598319663932786572e+00,1.705398565501753838e+00
1.600320064012802579e+00,1.686848736686371364e+00
1.602320464092818586e+00,1.668188500076826397e+00
1.604320864172834593e+00,1.649418985057739651e+00
1.606321264252850600e+00,1.630541317400351797e+00
1.608321664332866607e+00,1.611556619534318724e+00
1.610322064412882614e+00,1.592466010811648403e+00
1.612322464492898622e+00,1.573270607762510487e+00
1.614322864572914629e+00,1.553971524343275012e+00
1.616323264652930636e+00,1.534569872176800853e+00
1.618323664732946643e+00,1.515066760785091393e+00
1.620324064812962650e+00,1.495463297814459080e+00
1.622324464892978657e+00,1.475760589253226396e+00
1.624324864972994664e+00,1.455959739642107786e+00
1.626325265053010671e+00,1.436061852277464634e+00
1.628325665133026678e+00,1.416068029407292039e+00
1.630326065213042686e+00,1.395979372420329101e+00
1.632326465293058693e+00,1.375796982028138160e+00
1.634326865373074700e+00,1.355521958440408348e+00
1.636327265453090707e+00,1.335155401533492325e+00
1.638327665533106714e+00,1.314698411012310331e+00
1.640328065613122721e+00,1.294152086565687698e+00
1.642328465693138728e+00,1.273517528015187139e+00
1.644328865773154735e+00,1.252795835457634732e+00
1.646329265853170742e+00,1.231988109401264575e+00
1.648329665933186750e+00,1.211095450895713466e+00
1.650330066013202535e+00,1.190118961655845631e+00
1.652330466093218542e+00,1.169059744179588911e+00
1.654330866173234549e+00,1.147918901859710461e+00
1.656331266253250556e+00,1.126697539089851485e+00
1.658331666333266563e+00,1.105396761364650038e+00
1.660332066413282570e+00,1.084017675374190581e+00
1.662332466493298577e+00,1.062561389092814057e+00
1.664332866573314584e+00,1.041029011862416587e+00
1.666333266653330591e+00,1.019421654470163308e+00
1.668333666733346599e+00,9.977404292209139935e-01
1.670334066813362606e+00,9.759864500042412239e-01
1.672334466893378613e+00,9.541608323562900118e-01
1.674334866973394620e+00,9.322646935163831916e-01
1.676335267053410627e+00,9.102991524785652988e-01
1.678335667133426634e+00,8.882653300381967432e-01
1.680336067213442641e+00,8.661643488334649366e-01
1.682336467293458648e+00,8.439973333822079482e-01
1.684336867373474655e+00,8.217654101137926714e-01
1.686337267453490663e+00,7.994697073963836775e-01
1.688337667533506670e+00,7.771113555595005051e-01
1.690338067613522677e+00,7.546914869120685543e-01
1.692338467693538684e+00,7.322112357559440454e-01
1.694338867773554691e+00,7.096717383950083002e-01
1.696339267853570698e+00,6.870741331399750074e-01
1.698339667933586705e+00,6.644195603088474122e-01
1.700340068013602712e+00,6.417091622232573567e-01
1.702340468093618719e+00,6.189440832006085635e-01
1.704340868173634727e+00,5.961254695422101291e-01
1.706341268253650734e+00,5.732544695174378591e-01
1.708341668333666741e+00,5.503322333439413239e-01
1.710342068413682748e+00,5.273599131640505089e-01
1.712342468493698755e+00,5.043386630174520047e-01
1.714342868573714762e+00,4.812696388100917710e-01
1.716343268653730769e+00,4.581539982795401755e-01
1.718343668733746776e+00,4.349929009567408134e-01
1.720344068813762783e+00,4.117875081243668189e-01
1.722344468893778791e+00,3.885389827716908551e-01
1.724344868973794798e+00,3.652484895461947101e-01
1.726345269053810805e+00,3.419171947018525004e-01
1.728345669133826812e+00,3.185462660442759386e-01
1.730346069213842819e+00,2.951368728727567503e-01
1.732346469293858826e+00,2.716901859191843127e-01
1.734346869373874833e+00,2.482073772840762138e-01
1.736347269453890840e+00,2.246896203696204242e-01
1.738347669533906847e+00,2.011380898099995318e-01
1.740348069613922855e+00,1.775539613988228460e-01
1.742348469693938862e+00,1.539384120139700718e-01
1.744348869773954869e+00,1.302926195397456910e-01
1.746349269853970876e+00,1.066177627865274036e-01
1.748349669933986883e+00,8.291502140790774078e-02
1.750350070014002890e+00,5.918557581542693846e-02
1.752350470094018897e+00,3.543060709098511118e-02
1.754350870174034904e+00,1.165129689697108617e-02
1.756351270254050911e+00,-1.215117261582587815e-02
1.758351670334066918e+00,-3.597561890241574023e-02
1.760352070414082926e+00,-5.982085911987256033e-02
1.762352470494098933e+00,-8.368571022559723183e-02
1.764352870574114718e+00,-1.075689890775211044e-01
1.766353270654130725e+00,-1.314695125361259320e-01
1.768353670734146732e+00,-1.553860975682972434e-01
1.770354070814162739e+00,-1.793175613528770196e-01
1.772354470894178746e+00,-2.032627213878551720e-01
1.774354870974194753e+00,-2.272203955991863866e-01
1.776355271054210760e+00,-2.511894024510771262e-01
1.778355671134226768e+00,-2.751685610577542795e-01
1.780356071214242775e+00,-2.991566912966361347e-01
1.782356471294258782e+00,-3.231526139227486882e-01
1.784356871374274789e+00,-3.471551506844819945e-01
1.786357271454290796e+00,-3.711631244404706709e-01
1.788357671534306803e+00,-3.951753592776163226e-01
1.790358071614322810e+00,-4.191906806301879396e-01
1.792358471694338817e+00,-4.432079153998659815e-01
1.794358871774354824e+00,-4.672258920767566881e-01
1.796359271854370832e+00,-4.912434408612380010e-01
1.798359671934386839e+00,-5.152593937866437601e-01
1.800360072014402846e+00,-5.392725848426536128e-01
1.802360472094418853e+00,-5.632818500993280741e-01
1.804360872174434860e+00,-5.872860278318727811e-01
1.806361272254450867e+00,-6.112839586457856633e-01
1.808361672334466874e+00,-6.352744856026599773e-01
1.810362072414482881e+00,-6.592564543462731130e-01
1.812362472494498888e+00,-6.832287132291816611e-01
1.814362872574514896e+00,-7.071901134394740218e-01
1.816363272654530903e+00,-7.311395091279356828e-01
1.818363672734546910e+00,-7.550757575352581297e-01
1.820364072814562917e+00,-7.789977191195025519e-01
1.822364472894578924e+00,-8.029042576835450085e-01
1.824364872974594931e+00,-8.267942405026138530e-01
1.826365273054610938e+00,-8.506665384517313466e-01
1.828365673134626945e+00,-8.745200261331333991e-01
1.830366073214642952e+00,-8.983535820034705965e-01
1.832366473294658960e+00,-9.221660885008389208e-01
1.834366873374674967e+00,-9.459564321715800972e-01
1.836367273454690974e+00,-9.697235037967348870e-01
1.838367673534706981e+00,-9.934661985181695298e-01
1.840368073614722988e+00,1.136125293916240082e+02
1.842368473694738995e+00,1.019833333533762669e+02
1.844368873774755002e+00,9.197384626160261689e+01
1.846369273854771009e+00,8.148680222503021753e+01
1.848369673934787016e+00,7.164255652104648675e+01
1.850370074014803023e+00,6.309961271695353702e+01
1.852370474094819031e+00,5.575901355789608971e+01
1.854370874174835038e+00,4.946979628041864885e+01
1.856371274254851045e+00,4.409710798722021252e+01
1.858371674334867052e+00,3.952119969071231509e+01
1.860372074414883059e+00,3.563624141196099515e+01
1.862372474494899066e+00,3.234907116318025544e+01
1.864372874574915073e+00,2.957794905649898354e+01
1.866373274654931080e+00,2.725135999952487609e+01
1.868373674734947087e+00,2.530688996903500154e+01
1.870374074814963095e+00,2.369018867230729342e+01
1.872374474894979102e+00,2.235402347342988705e+01
1.874374874974995109e+00,2.125742439756285762e+01
1.876375275055011116e+00,2.036491689514371828e+01
1.878375675135026901e+00,1.964583721452396503e+01
1.880376075215042908e+00,1.907263527540691328e+01
1.882376475295058915e+00,1.861101618782015166e+01
1.884376875375074922e+00,1.824273289313620339e+01
1.886377275455090929e+00,1.795578030842214901e+01
1.888377675535106937e+00,1.773949980396994519e+01
1.890378075615122944e+00,1.758437751626902568e+01
1.892378475695138951e+00,1.748190105310995079e+01
1.894378875775154958e+00,1.742445425508665835e+01
1.896379275855170965e+00,1.740523560698630234e+01
1.898379675935186972e+00,1.741819060648452222e+01
1.900380076015202979e+00,1.745795196733413235e+01
1.902380476095218986e+00,1.751978410432149857e+01
1.904380876175234993e+00,1.759953009679742664e+01
1.906381276255251001e+00,1.769602197333156468e+01
1.908381676335267008e+00,1.780992246122655587e+01
1.910382076415283015e+00,1.793588031196324906e+01
1.912382476495299022e+00,1.806947300194447692e+01
1.914382876575315029e+00,1.820722258011499406e+01
1.916383276655331036e+00,1.834641992400530341e+01
1.918383676735347043e+00,1.848498013476058333e+01
1.920384076815363050e+00,1.862132364983858324e+01
1.922384476895379057e+00,1.875427857093225725e+01
1.924384876975395064e+00,1.888300048594394909e+01
1.926385277055411072e+00,1.900690671823247868e+01
1.928385677135427079e+00,1.906485885984594830e+01
1.930386077215443086e+00,1.919004188860038695e+01
1.932386477295459093e+00,1.930778718315452380e+01
1.934386877375475100e+00,1.941841738227909886e+01
1.936387277455491107e+00,1.952228116115632872e+01
1.938387677535507114e+00,1.961974235767246455e+01
1.940388077615523121e+00,-1.183133252521721968e-01
1.942388477695539128e+00,-1.225627672381257582e-01
1.944388877775555136e+00,-1.270775164967314907e-01
1.946389277855571143e+00,-1.318524144320729619e-01
1.948389677935587150e+00,-1.109275937649987220e-01
1.950390078015603157e+00,3.041596110148856447e-01
1.952390478095619164e+00,6.651595820565621153e-01
1.954390878175635171e+00,9.807216156598272949e-01
1.956391278255651178e+00,1.257872053757321806e+00
1.958391678335667185e+00,-1.601894883089793886e-01
1.960392078415683192e+00,-1.664143802877839917e-01
1.962392478495699200e+00,-1.728644854401946152e-01
1.964392878575715207e+00,-1.795354395101123046e-01
1.966393278655731214e+00,-1.864229610473169263e-01
1.968393678735747221e+00,-1.935228493891010260e-01
1.970394078815763228e+00,-2.008309826922176633e-01
1.972394478895779235e+00,-2.083433160140313323e-01
1.974394878975795242e+00,-2.160558794418918627e-01
1.976395279055811249e+00,-2.239647762693699473e-01
1.978395679135827256e+00,-2.320661812184818817e-01
1.980396079215843264e+00,-2.403563387067988444e-01
1.982396479295859271e+00,1.894917567689358862e+01
1.984396879375875278e+00,1.827473585506719900e+01
1.986397279455891285e+00,1.766094757841322505e+01
1.988397679535907292e+00,1.710285793443066282e+01
1.990398079615923299e+00,1.659598783079688289e+01
1.992398479695939084e+00,1.613625322827281394e+01
1.994398879775955091e+00,1.571989261713875052e+01
1.996399279855971098e+00,1.534341189798702487e+01
1.998399679935987105e+00,1.500354683449677040e+01
2.000400080016003113e+00,1.469723938358530901e+01
2.002400480096019120e+00,1.442162354169959571e+01
2.004400880176035127e+00,1.417401694563634784e+01
2.006401280256051134e+00,1.395191542369169468e+01
2.008401680336067141e+00,1.375298861566596109e+01
2.010402080416083148e+00,1.357507552539047779e+01
2.012402480496099155e+00,1.341617941375641010e+01
2.014402880576115162e+00,1.327446180764652084e+01
2.016403280656131169e+00,1.314823562835283610e+01
2.018403680736147177e+00,1.303595757124704591e+01
2.020404080816163184e+00,1.293621992784063757e+01
2.022404480896179191e+00,1.284774205739361008e+01
2.024404880976195198e+00,1.276936170457818420e+01
2.026405281056211205e+00,1.270002633634759626e+01
2.028405681136227212e+00,1.263878464053600403e+01
2.030406081216243219e+00,1.258477829848575702e+01
2.032406481296259226e+00,1.253723411507107244e+01
2.034406881376275233e+00,1.249545656383610215e+01
2.036407281456291241e+00,1.245882078375870883e+01
2.038407681536307248e+00,1.242676604638193893e+01
2.040408081616323255e+00,1.239878969826604127e+01
2.042408481696339262e+00,1.237444157299397851e+01
2.044408881776355269e+00,1.235331885914987460e+01
2.046409281856371276e+00,1.233506140498019654e+01
2.048409681936387283e+00,1.231934743674222155e+01
2.050410082016403290e+00,1.230588966550511643e+01
2.052410482096419297e+00,1.229443175587434567e+01
2.054410882176435305e+00,1.228474512998781698e+01
2.056411282256451312e+00,1.227662608036533243e+01
2.058411682336467319e+00,1.226989316607747504e+01
2.060412082416483326e+00,1.226438486783374593e+01
2.062412482496499333e+00,1.225995747883325393e+01
2.064412882576515340e+00,1.225648320990251428e+01
2.066413282656531347e+00,1.225384848867067689e+01
2.068413682736547354e+00,1.225195243433036829e+01
2.070414082816563361e+00,1.225070549079589100e+01
2.072414482896579369e+00,1.225002820270296056e+01
2.074414882976595376e+00,1.224985011993780581e+01
2.076415283056611383e+00,1.225010881771746440e+01
2.078415683136627390e+00,1.225074902044975467e+01
2.080416083216643397e+00,1.225172181871038646e+01
2.082416483296659404e+00,1.225298396975117221e+01
2.084416883376675411e+00,1.225449727276733292e+01
2.086417283456691418e+00,1.225622801120949212e+01
2.088417683536707425e+00,1.225814645502570421e+01
2.090418083616723433e+00,1.226022641658981627e+01
2.092418483696739440e+00,1.226244485454904343e+01
2.094418883776755447e+00,1.226478152062978744e+01
2.096419283856771454e+00,1.226721864472625434e+01
2.098419683936787461e+00,1.226974065426736438e+01
2.100420084016803468e+00,1.227233392413237922e+01
2.102420484096819475e+00,1.227498655399448069e+01
2.104420884176835482e+00,1.227768816992849565e+01
2.106421284256851489e+00,1.228042974790221287e+01
2.108421684336867497e+00,1.228320345666494262e+01
2.110422084416883504e+00,1.228600251800718368e+01
2.112422484496899511e+00,1.228882108245409377e+01
2.114422884576915518e+00,1.229165411885612613e+01
2.116423284656931525e+00,1.229449731620289299e+01
2.118423684736947532e+00,1.229734699651817031e+01
2.120424084816963539e+00,1.230020003747388557e+01
2.122424484896979546e+00,1.230305380376395696e+01
2.124424884976995553e+00,1.230590608628223315e+01
2.126425285057011560e+00,1.230875504822806299e+01
2.128425685137027568e+00,1.231159917734886200e+01
2.130426085217043575e+00,1.231443724373385784e+01
2.132426485297059582e+00,1.231726826250658036e+01
2.134426885377075589e+00,1.232009146083738571e+01
2.136427285457091596e+00,1.232290624885717634e+01
2.138427685537107603e+00,1.232571219404337981e+01
2.140428085617123610e+00,1.232850899862368088e+01
2.142428485697139617e+00,1.233129647975780152e+01
2.144428885777155624e+00,1.233407455206666548e+01
2.146429285857171632e+00,1.233684321241661053e+01
2.148429685937187639e+00,1.233960252648251021e+01
2.150430086017203646e+00,1.234235261710850828e+01
2.152430486097219653e+00,1.234509365410992920e+01
2.154430886177235660e+00,1.234782584537614269e+01
2.156431286257251667e+00,1.235054942920864463e+01
2.158431686337267674e+00,1.235326466765571851e+01
2.160432086417283681e+00,1.235597184077157884e+01
2.162432486497299244e+00,1.235867124164550290e+01
2.164432886577315251e+00,1.236136317221366276e+01
2.166433286657331259e+00,1.236404793960971205e+01
2.168433686737347266e+00,1.236672585314220640e+01
2.170434086817363273e+00,1.236939722167520905e+01
2.172434486897379280e+00,1.237206235151191791e+01
2.174434886977395287e+00,1.237472154457496387e+01
2.176435287057411294e+00,1.237737509694979821e+01
2.178435687137427301e+00,1.238002329768909959e+01
2.180436087217443308e+00,1.238266642784859428e+01
2.182436487297459315e+00,1.238530475980215151e+01
2.184436887377475323e+00,1.238793855661998577e+01
2.186437287457491330e+00,1.239056807168190133e+01
2.188437687537507337e+00,1.239319354847168242e+01
2.190438087617523344e+00,1.239581522031372884e+01
2.192438487697539351e+00,1.239843331042351338e+01
2.194438887777555358e+00,1.240104803182445536e+01
2.196439287857571365e+00,1.240365958754751929e+01
2.198439687937587372e+00,1.240626817068145016e+01
2.200440088017603379e+00,1.244064717246258844e+01
2.202440488097619387e+00,1.243801972954924473e+01
2.204440888177635394e+00,1.243617331790590264e+01
2.206441288257651401e+00,1.243499102879999008e+01
2.208441688337667408e+00,1.243437409194801901e+01
2.210442088417683415e+00,1.243423891643038459e+01
2.212442488497699422e+00,1.243451463786072964e+01
2.214442888577715429e+00,1.243514108200139567e+01
2.216443288657731436e+00,1.243606707120522437e+01
2.218443688737747443e+00,1.243724901362448065e+01
2.220444088817763451e+00,1.243864972571371652e+01
2.222444488897779458e+00,1.244023744776493778e+01
2.224444888977795465e+00,1.244198501918490507e+01
2.226445289057811472e+00,1.244386918626169169e+01
2.228445689137827479e+00,1.244587002006674581e+01
2.230446089217843486e+00,1.244797042586160885e+01
2.232446489297859493e+00,1.245015572895897549e+01
2.234446889377875500e+00,1.245241332433017867e+01
2.236447289457891507e+00,1.245473237955429191e+01
2.238447689537907515e+00,1.245710358257212746e+01
2.240448089617923522e+00,1.245951892699289232e+01
2.242448489697939529e+00,1.246197152905295269e+01
2.244448889777955536e+00,1.246445547133209431e+01
2.246449289857971543e+00,1.246696566893907132e+01
2.248449689937987550e+00,1.246949775489916590e+01
2.250450090018003557e+00,1.247204798170917606e+01
2.252450490098019564e+00,1.247461313676892658e+01
2.254450890178035571e+00,1.247719046945245935e+01
2.256451290258051579e+00,1.247977762836794824e+01
2.258451690338067586e+00,1.248237260708905083e+01
2.260452090418083593e+00,1.248497369731175155e+01
2.262452490498099600e+00,1.248757944832506617e+01
2.264452890578115607e+00,1.249018863193694173e+01
2.266453290658131614e+00,1.249280021201408886e+01
2.268453690738147621e+00,1.249541331818628187e+01
2.270454090818163628e+00,1.249802722291237878e+01
2.272454490898179635e+00,1.250064132168353126e+01
2.274454890978195643e+00,1.250325511575675108e+01
2.276455291058211650e+00,1.250586819722749077e+01
2.278455691138227657e+00,1.250848023602531178e+01
2.280456091218243664e+00,1.251109096864298920e+01
2.282456491298259671e+00,1.251370018837419806e+01
2.284456891378275678e+00,1.251630773680311570e+01
2.286457291458291685e+00,1.251891349645130269e+01
2.288457691538307692e+00,1.252151738441792439e+01
2.290458091618323699e+00,1.252411934688099215e+01
2.292458491698339706e+00,1.252671935428058347e+01
2.294458891778355714e+00,1.252931739723642224e+01
2.296459291858371721e+00,1.253191348300503627e+01
2.298459691938387728e+00,1.253450763240049604e+01
2.300460092018403735e+00,1.253709987719561525e+01
2.302460492098419742e+00,1.253969025784852676e+01
2.304460892178435749e+00,1.254227882162169116e+01
2.306461292258451756e+00,1.254486562090473356e+01
2.308461692338467763e+00,1.254745071184927596e+01
2.310462092418483770e+00,1.255003415320809168e+01
2.312462492498499778e+00,1.255261600530401722e+01
2.314462892578515785e+00,1.255519632924987228e+01
2.316463292658531792e+00,1.255777518623943045e+01
2.318463692738547799e+00,1.256035263700221449e+01
2.320464092818563806e+00,1.256292874130464376e+01
2.322464492898579813e+00,1.256550355760337645e+01
2.324464892978595820e+00,1.256807714276765786e+01
2.326465293058611827e+00,1.257064955183132327e+01
2.328465693138627834e+00,1.257322083778439037e+01
2.330466093218643842e+00,1.257579105152909804e+01
2.332466493298659849e+00,1.257836024171338174e+01
2.334466893378675856e+00,1.258092845473270316e+01
2.336467293458691863e+00,1.258349573468225913e+01
2.338467693538707870e+00,1.258606212335270413e+01
2.340468093618723877e+00,1.258862766028257596e+01
2.342468493698739884e+00,1.259119238275286179e+01
2.344468893778755891e+00,1.259375632585581783e+01
2.346469293858771898e+00,1.259631952256283327e+01
2.348469693938787906e+00,1.259888200378352607e+01
2.350470094018803913e+00,1.260144379841282181e+01
2.352470494098819920e+00,1.260400493344722506e+01
2.354470894178835927e+00,1.260656543404737207e+01
2.356471294258851934e+00,1.260912532360614691e+01
2.358471694338867941e+00,1.261168462386280886e+01
2.360472094418883948e+00,1.261424335494943882e+01
2.362472494498899955e+00,1.261680153549151662e+01
2.364472894578915962e+00,1.261935918268896728e+01
2.366473294658931970e+00,1.262191631239099898e+01
2.368473694738947977e+00,1.262447293916930136e+01
2.370474094818963984e+00,1.262702907639141792e+01
2.372474494898979991e+00,1.262958473629852385e+01
2.374474894978995998e+00,1.263213993006919544e+01
2.376475295059012005e+00,1.263469466788460061e+01
2.378475695139028012e+00,1.263724895899047240e+01
2.380476095219044019e+00,1.263980281176451648e+01
2.382476495299060026e+00,1.264235623376143813e+01
2.384476895379076034e+00,1.264490923178659365e+01
2.386477295459092041e+00,1.264746181191893548e+01
2.388477695539108048e+00,1.265001397958056728e+01
2.390478095619123611e+00,1.265256573957724839e+01
2.392478495699139618e+00,1.265511709614123781e+01
2.394478895779155625e+00,1.265766805298028075e+01
2.396479295859171632e+00,1.266021861329616094e+01
2.398479695939187639e+00,1.266276877982945948e+01
2.400480096019203646e+00,1.266531855492399750e+01
2.402480496099219653e+00,1.266786794050001674e+01
2.404480896179235661e+00,1.267041693811895264e+01
2.406481296259251668e+00,1.267296554902018002e+01
2.408481696339267675e+00,1.267551377413645497e+01
2.410482096419283682e+00,1.267806161409644083e+01
2.412482496499299689e+00,1.268060906928119280e+01
2.414482896579315696e+00,1.268315613983116208e+01
2.416483296659331703e+00,1.268570282565509721e+01
2.418483696739347710e+00,1.268824912646004499e+01
2.420484096819363717e+00,1.269079504178315787e+01
2.422484496899379725e+00,1.269334057097884383e+01
2.424484896979395732e+00,1.269588571323079584e+01
2.426485297059411739e+00,1.269843046760713356e+01
2.428485697139427746e+00,1.270097483303573505e+01
2.430486097219443753e+00,1.270351880833489133e+01
2.432486497299459760e+00,1.270606239218924927e+01
2.434486897379475767e+00,1.271269087911235651e+01
2.436487297459491774e+00,1.271456504935063947e+01
2.438487697539507781e+00,1.271654193847331804e+01
2.440488097619523788e+00,1.271860546330887409e+01
2.442488497699539796e+00,1.272074213739763060e+01
2.444488897779555803e+00,1.272294063511935924e+01
2.446489297859571810e+00,1.272519143142906373e+01
2.448489697939587817e+00,1.270799621190846906e+01
2.450490098019603824e+00,1.271346446019856735e+01
2.452490498099619831e+00,1.271846607507462679e+01
2.454490898179635838e+00,1.272307786321248990e+01
2.456491298259651845e+00,1.272736341145111183e+01
2.458491698339667852e+00,1.273137545351566935e+01
2.460492098419683860e+00,1.273515780033088163e+01
2.462492498499699867e+00,1.273874691608141596e+01
2.464492898579715874e+00,1.274217320636146233e+01
2.466493298659731881e+00,1.274546207230853589e+01
2.468493698739747888e+00,1.274863477426588965e+01
2.470494098819763895e+00,1.275170914032110048e+01
2.472494498899779902e+00,1.275470014844849587e+01
2.474494898979795909e+00,1.275762040542232967e+01
2.476495299059811916e+00,1.276048054150090572e+01
2.478495699139827924e+00,1.276328953617363915e+01
2.480496099219843931e+00,1.276605498745324674e+01
2.482496499299859938e+00,1.276878333497628759e+01
2.484496899379875945e+00,1.277148004510064006e+01
2.486497299459891952e+00,1.277414976475446906e+01
2.488497699539907959e+00,1.275615637171612882e+01
2.490498099619923966e+00,1.276167438589286895e+01
2.492498499699939973e+00,1.276666310435854612e+01
2.494498899779955980e+00,1.277122342180672909e+01
2.496499299859971988e+00,1.277543660433673978e+01
2.498499699939987995e+00,1.277936811282864404e+01
2.500500100020004002e+00,1.278307068425211668e+01
2.502500500100020009e+00,1.278658681434923672e+01
2.504500900180036016e+00,1.278995075757504019e+01
2.506501300260052023e+00,1.279319013759671009e+01
2.508501700340068030e+00,1.279632724403035660e+01
2.510502100420084037e+00,1.279938007607927908e+01
2.512502500500100044e+00,1.280236318241471949e+01
2.514502900580116052e+00,1.280528833672897981e+01
2.516503300660132059e+00,1.280816508106613760e+01
2.518503700740148066e+00,1.281100116260620503e+01
2.520504100820164073e+00,1.281380288474624152e+01
2.522504500900180080e+00,1.281657538915987971e+01
2.524504900980196087e+00,1.281932288238475337e+01
2.526505301060212094e+00,1.282204881775224159e+01
2.528505701140228101e+00,1.282475604150940995e+01
2.530506101220244108e+00,1.282744690999172121e+01
2.532506501300260116e+00,1.283012338377533013e+01
2.534506901380276123e+00,1.283278710315217808e+01
2.536507301460292130e+00,1.283543944870429954e+01
2.538507701540308137e+00,1.283808158994088799e+01
2.540508101620324144e+00,1.284071452426927884e+01
2.542508501700340151e+00,1.284333910836871873e+01
2.544508901780356158e+00,1.284595608329855132e+01
2.546509301860372165e+00,1.284856609475893663e+01
2.548509701940388172e+00,1.285116970934589986e+01
2.550510102020404180e+00,1.285376742767268787e+01
2.552510502100420187e+00,1.285635969495898756e+01
2.554510902180436194e+00,1.285894690957197462e+01
2.556511302260452201e+00,1.286152943000929127e+01
2.558511702340468208e+00,1.286410758050711678e+01
2.560512102420484215e+00,1.286668165571432176e+01
2.562512502500500222e+00,1.286925192444459753e+01
2.564512902580516229e+00,1.287181863281907646e+01
2.566513302660532236e+00,1.287438200686221990e+01
2.568513702740548243e+00,1.287694225470151110e+01
2.570514102820564251e+00,1.287949956835898391e+01
2.572514502900580258e+00,1.288205412535629968e+01
2.574514902980596265e+00,1.288460609000702028e+01
2.576515303060612272e+00,1.288715561458594827e+01
2.578515703140628279e+00,1.288970284034891378e+01
2.580516103220644286e+00,1.289224789839911978e+01
2.582516503300660293e+00,1.289479091047963344e+01
2.584516903380676300e+00,1.289733198967734751e+01
2.586517303460692307e+00,1.289987124105531713e+01
2.588517703540708315e+00,1.290240876221450605e+01
2.590518103620724322e+00,1.290494464386210893e+01
2.592518503700740329e+00,1.290747897021453028e+01
2.594518903780756336e+00,1.291001181952419330e+01
2.596519303860772343e+00,1.291254326442941114e+01
2.598519703940788350e+00,1.291507337237026753e+01
2.600520104020804357e+00,1.291760220590597363e+01
2.602520504100820364e+00,1.292012982308876623e+01
2.604520904180836371e+00,1.292265627773005932e+01
2.606521304260852379e+00,1.292518161971141311e+01
2.608521704340868386e+00,1.292770589524585922e+01
2.610522104420884393e+00,1.293022914712580551e+01
2.612522504500900400e+00,1.293275141495251468e+01
2.614522904580916407e+00,1.293527273538312095e+01
2.616523304660932414e+00,1.293779314230585165e+01
2.618523704740947977e+00,1.294031266703244221e+01
2.620524104820963984e+00,1.294283133850523093e+01
2.622524504900979991e+00,1.294534918343922492e+01
2.624524904980995998e+00,1.294786622649725238e+01
2.626525305061012006e+00,1.295038249041770761e+01
2.628525705141028013e+00,1.295289799616520021e+01
2.630526105221044020e+00,1.295541276306344258e+01
2.632526505301060027e+00,1.295792680889356419e+01
2.634526905381076034e+00,1.296044015003018046e+01
2.636527305461092041e+00,1.296295280151808527e+01
2.638527705541108048e+00,1.296546477722241875e+01
2.640528105621124055e+00,1.296797608983299632e+01
2.642528505701140062e+00,1.297048675101660642e+01
2.644528905781156070e+00,1.297299677148415675e+01
2.646529305861172077e+00,1.297550616104102517e+01
2.648529705941188084e+00,1.297801492867261075e+01
2.650530106021204091e+00,1.298052308259295096e+01
2.652530506101220098e+00,1.298303063031302074e+01
2.654530906181236105e+00,1.298553757870912051e+01
2.656531306261252112e+00,1.298804393401833224e+01
2.658531706341268119e+00,1.299054970195616221e+01
2.660532106421284126e+00,1.299305488772402484e+01
2.662532506501300134e+00,1.299555949602737925e+01
2.664532906581316141e+00,1.292792119741598533e+01
2.666533306661332148e+00,1.294212761539457723e+01
2.668533706741348155e+00,1.295454794564101064e+01
2.670534106821364162e+00,1.296545509552074016e+01
2.672534506901380169e+00,1.297507877316003366e+01
2.674534906981396176e+00,1.298361264550197980e+01
2.676535307061412183e+00,1.299122025870190633e+01
2.678535707141428190e+00,1.299803994197460177e+01
2.680536107221444198e+00,1.300418887583441396e+01
2.682536507301460205e+00,1.300976647258791274e+01
2.684536907381476212e+00,1.301485718985738238e+01
2.686537307461492219e+00,1.301953287638322010e+01
2.688537707541508226e+00,1.302385473113484515e+01
2.690538107621524233e+00,1.302787494250921974e+01
2.692538507701540240e+00,1.303163806219166077e+01
2.694538907781556247e+00,1.303518215888069953e+01
2.696539307861572254e+00,1.303853978887760690e+01
2.698539707941588262e+00,1.304173881406422453e+01
2.700540108021604269e+00,1.304480309270242699e+01
2.702540508101620276e+00,1.304775306364769882e+01
2.704540908181636283e+00,1.305060624164152649e+01
2.706541308261652290e+00,1.305337763765174941e+01
2.708541708341668297e+00,1.305608011642579847e+01
2.710542108421684304e+00,1.305872470114034023e+01
2.712542508501700311e+00,1.306132083328235360e+01
2.714542908581716318e+00,1.306387659481071140e+01
2.716543308661732326e+00,1.306639889831652113e+01
2.718543708741748333e+00,1.306889365002970571e+01
2.720544108821764340e+00,1.307136588971707880e+01
2.722544508901780347e+00,1.307381991094200835e+01
2.724544908981796354e+00,1.307625936451669979e+01
2.726545309061812361e+00,1.307868734763036755e+01
2.728545709141828368e+00,1.308110648066724657e+01
2.730546109221844375e+00,1.308351897353888660e+01
2.732546509301860382e+00,1.308592668291485950e+01
2.734546909381876389e+00,1.308833116171242672e+01
2.736547309461892397e+00,1.309073370186469987e+01
2.738547709541908404e+00,1.309313537131603411e+01
2.740548109621924411e+00,1.309553704601566260e+01
2.742548509701940418e+00,1.309793943762486279e+01
2.744548909781956425e+00,1.310034311745770985e+01
2.746549309861972432e+00,1.310274853721006849e+01
2.748549709941988439e+00,1.310515604688765379e+01
2.750550110022004446e+00,1.310756591030595430e+01
2.752550510102020453e+00,1.310997831846400707e+01
2.754550910182036461e+00,1.311239340113049678e+01
2.756551310262052468e+00,1.311481123678932548e+01
2.758551710342068475e+00,1.311723186123104945e+01
2.760552110422084482e+00,1.311965527497398831e+01
2.762552510502100489e+00,1.312208144958966471e+01
2.764552910582116496e+00,1.312451033313645254e+01
2.766553310662132503e+00,1.312694185488260601e+01
2.768553710742148510e+00,1.312937592920376773e+01
2.770554110822164517e+00,1.313181245903544259e+01
2.772554510902180525e+00,1.313425133873254147e+01
2.774554910982196532e+00,1.313669245648359230e+01
2.776555311062212539e+00,1.313913569637842294e+01
2.778555711142228546e+00,1.314158094012780253e+01
2.780556111222244553e+00,1.314402806844967131e+01
2.782556511302260560e+00,1.314647696231746465e+01
2.784556911382276567e+00,1.314892750386826137e+01
2.786557311462292574e+00,1.315137957721276329e+01
2.788557711542308581e+00,1.315383306908125505e+01
2.790558111622324589e+00,1.315628786927729088e+01
2.792558511702340596e+00,1.315874387108597432e+01
2.794558911782356603e+00,1.316120097155585711e+01
2.796559311862372610e+00,1.316365907168275484e+01
2.798559711942388617e+00,1.316611807657001698e+01
2.800560112022404624e+00,1.316857789545922408e+01
2.802560512102420631e+00,1.317103844180672212e+01
2.804560912182436638e+00,1.317349963322441297e+01
2.806561312262452645e+00,1.317596139146491829e+01
2.808561712342468653e+00,1.317842364232283359e+01
2.810562112422484660e+00,1.318088631556413937e+01
2.812562512502500667e+00,1.318334934479461396e+01
2.814562912582516674e+00,1.318581266734904744e+01
2.816563312662532681e+00,1.318827622414042899e+01
2.818563712742548688e+00,1.319073995954488510e+01
2.820564112822564695e+00,1.319320382123197177e+01
2.822564512902580702e+00,1.319566776004828235e+01
2.824564912982596709e+00,1.319813172983004534e+01
2.826565313062612717e+00,1.320059568728660793e+01
2.828565713142628724e+00,1.320305959184877942e+01
2.830566113222644731e+00,1.320552340552717574e+01
2.832566513302660738e+00,1.320798709275744187e+01
2.834566913382676745e+00,1.321045062028623640e+01
2.836567313462692752e+00,1.321291395704238525e+01
2.838567713542708759e+00,1.321537707398639760e+01
2.840568113622724766e+00,1.321783994401398488e+01
2.842568513702740773e+00,1.322030254183843034e+01
2.844568913782756781e+00,1.322276484385217543e+01
2.846569313862772344e+00,1.322522682806882877e+01
2.848569713942788351e+00,1.322768847397121128e+01
2.850570114022804358e+00,1.323014976246874674e+01
2.852570514102820365e+00,1.323261067576272687e+01
2.854570914182836372e+00,1.323507119728772707e+01
2.856571314262852379e+00,1.323753131161761765e+01
2.858571714342868386e+00,1.323999100440276422e+01
2.860572114422884393e+00,1.324245026228339839e+01
2.862572514502900400e+00,1.324490907284000762e+01
2.864572914582916408e+00,1.324736742450164506e+01
2.866573314662932415e+00,1.324982530653114132e+01
2.868573714742948422e+00,1.325228270891378735e+01
2.870574114822964429e+00,1.325473962236968895e+01
2.872574514902980436e+00,1.325719603823521453e+01
2.874574914982996443e+00,1.325965194847570139e+01
2.876575315063012450e+00,1.326210734561556492e+01
2.878575715143028457e+00,1.326456222270043206e+01
2.880576115223044464e+00,1.326701657325204842e+01
2.882576515303060471e+00,1.326947039125714589e+01
2.884576915383076479e+00,1.327192367112549576e+01
2.886577315463092486e+00,1.327437640763810656e+01
2.888577715543108493e+00,1.327682859595136122e+01
2.890578115623124500e+00,1.327928023154976778e+01
2.892578515703140507e+00,1.328173131022261799e+01
2.894578915783156514e+00,1.328418182807417303e+01
2.896579315863172521e+00,1.328663178143519197e+01
2.898579715943188528e+00,1.328908116691102315e+01
2.900580116023204535e+00,1.329152998133471897e+01
2.902580516103220543e+00,1.329397822173952370e+01
2.904580916183236550e+00,1.329642588536441394e+01
2.906581316263252557e+00,1.329887296963149801e+01
2.908581716343268564e+00,1.330131947212076149e+01
2.910582116423284571e+00,1.330376539058719310e+01
2.912582516503300578e+00,1.330621072291618390e+01
2.914582916583316585e+00,1.330865546713014780e+01
2.916583316663332592e+00,1.331109962137314895e+01
2.918583716743348599e+00,1.331354318391115221e+01
2.920584116823364607e+00,1.331598615311495415e+01
2.922584516903380614e+00,1.331842852744497030e+01
2.924584916983396621e+00,1.332087030547245199e+01
2.926585317063412628e+00,1.332331148583118186e+01
2.928585717143428635e+00,1.332575206724905925e+01
2.930586117223444642e+00,1.332819204851664097e+01
2.932586517303460649e+00,1.333063142850287619e+01
2.934586917383476656e+00,1.333307020612345717e+01
2.936587317463492663e+00,1.333550838037117359e+01
2.938587717543508671e+00,1.333794595027254815e+01
2.940588117623524678e+00,1.334038291492151629e+01
2.942588517703540685e+00,1.334281927344416019e+01
2.944588917783556692e+00,1.334525502501557348e+01
2.946589317863572699e+00,1.334769016885930881e+01
2.948589717943588706e+00,1.335012470422361019e+01
2.950590118023604713e+00,1.335255863038933200e+01
2.952590518103620720e+00,1.335499194667361955e+01
2.954590918183636727e+00,1.335742465243336419e+01
2.956591318263652735e+00,1.335985674703441362e+01
2.958591718343668742e+00,1.336228822988064557e+01
2.960592118423684749e+00,1.336471910040272348e+01
2.962592518503700756e+00,1.336714935804183213e+01
2.964592918583716763e+00,1.336957900226252960e+01
2.966593318663732770e+00,1.337200803255153758e+01
2.968593718743748777e+00,1.337443644843279600e+01
2.970594118823764784e+00,1.337686424940127949e+01
2.972594518903780791e+00,1.337929143501435192e+01
2.974594918983796799e+00,1.338171800481706519e+01
2.976595319063812806e+00,1.338414395837956050e+01
2.978595719143828813e+00,1.338656929527459205e+01
2.980596119223844820e+00,1.338899401510138709e+01
2.982596519303860827e+00,1.339141811746470268e+01
2.984596919383876834e+00,1.339384160197294804e+01
2.986597319463892841e+00,1.339626446825006845e+01
2.988597719543908848e+00,1.339868671593146843e+01
2.990598119623924855e+00,1.340110834465928313e+01
2.992598519703940863e+00,1.340352935409613622e+01
2.994598919783956870e+00,1.340594974388503857e+01
2.996599319863972877e+00,1.340836951369867336e+01
2.998599719943988884e+00,1.341078866321496577e+01
3.000600120024004891e+00,1.341320719211232237e+01
3.002600520104020898e+00,1.341562510008066944e+01
3.004600920184036905e+00,1.341804238681789307e+01
3.006601320264052912e+00,1.342045905200787637e+01
3.008601720344068919e+00,1.342287509537445089e+01
3.010602120424084926e+00,1.342529051661704997e+01
3.012602520504100934e+00,1.342770531545458468e+01
3.014602920584116941e+00,1.343011949161034657e+01
3.016603320664132948e+00,1.343253304480916555e+01
3.018603720744148955e+00,1.343494597478300001e+01
3.020604120824164962e+00,1.343735828126200182e+01
3.022604520904180969e+00,1.343976996398295221e+01
3.024604920984196976e+00,1.344218102269326565e+01
3.026605321064212983e+00,1.344459145714095882e+01
3.028605721144228990e+00,1.344700126707232890e+01
3.030606121224244998e+00,1.344941045224576825e+01
3.032606521304261005e+00,1.345181901241399380e+01
3.034606921384277012e+00,1.345422694734033975e+01
3.036607321464293019e+00,1.345663425678815273e+01
3.038607721544309026e+00,1.345904094052480815e+01
3.040608121624325033e+00,1.346144699832989211e+01
3.042608521704341040e+00,1.346385242996343834e+01
3.044608921784357047e+00,1.346625723520393336e+01
3.046609321864373054e+00,1.346866141383548587e+01
3.048609721944389062e+00,1.347106496563678846e+01
3.050610122024405069e+00,1.347346789039703197e+01
3.052610522104421076e+00,1.347587018789698377e+01
3.054610922184437083e+00,1.347827185793725313e+01
3.056611322264453090e+00,1.348067290029592158e+01
3.058611722344469097e+00,1.348307331478402205e+01
3.060612122424485104e+00,1.348547310118725306e+01
3.062612522504501111e+00,1.348787225930475309e+01
3.064612922584517118e+00,1.349027078894713938e+01
3.066613322664533126e+00,1.349266868991389678e+01
3.068613722744549133e+00,1.349506596201243447e+01
3.070614122824565140e+00,1.349746260504354822e+01
3.072614522904580703e+00,1.349985861883377680e+01
3.074614922984596710e+00,1.350225400318645086e+01
3.076615323064612717e+00,1.350464875791894137e+01
3.078615723144628724e+00,1.350704288284483390e+01
3.080616123224644731e+00,1.350943637778797424e+01
3.082616523304660738e+00,1.351182924256673878e+01
3.084616923384676745e+00,1.351422147699884846e+01
3.086617323464692753e+00,1.351661308092318414e+01
3.088617723544708760e+00,1.351900405414833806e+01
3.090618123624724767e+00,1.352139439651718433e+01
3.092618523704740774e+00,1.352378410785222052e+01
3.094618923784756781e+00,1.352617318799029533e+01
3.096619323864772788e+00,1.352856163676391077e+01
3.098619723944788795e+00,1.353094945400612659e+01
3.100620124024804802e+00,1.353333663954904686e+01
3.102620524104820809e+00,1.353572319325061812e+01
3.104620924184836817e+00,1.353810911492700875e+01
3.106621324264852824e+00,1.354049440443401942e+01
3.108621724344868831e+00,1.354287906161331634e+01
3.110622124424884838e+00,1.354526308630396514e+01
3.112622524504900845e+00,1.354764647836734959e+01
3.114622924584916852e+00,1.355002923763742828e+01
3.116623324664932859e+00,1.355241136396643675e+01
3.118623724744948866e+00,1.355479285720905658e+01
3.120624124824964873e+00,1.355717371721699038e+01
3.122624524904980881e+00,1.355955394384357859e+01
3.124624924984996888e+00,1.356193353694390602e+01
3.126625325065012895e+00,1.356431249637170211e+01
3.128625725145028902e+00,1.356669082199027798e+01
3.130626125225044909e+00,1.356906851365803846e+01
3.132626525305060916e+00,1.357144557123173279e+01
3.134626925385076923e+00,1.357382199458075434e+01
3.136627325465092930e+00,1.357619778355715212e+01
3.138627725545108937e+00,1.357857293803724374e+01
3.140628125625124945e+00,1.358094745787498425e+01
3.142628525705140952e+00,1.358332134294812121e+01
3.144628925785156959e+00,1.358569459312181138e+01
3.146629325865172966e+00,1.358806720826309800e+01
3.148629725945188973e+00,1.359043918824403718e+01
3.150630126025204980e+00,1.359281053293280195e+01
3.152630526105220987e+00,1.359518124220663182e+01
3.154630926185236994e+00,1.359755131593508537e+01
3.156631326265253001e+00,1.359992075400199774e+01
3.158631726345269009e+00,1.360228955627423097e+01
3.160632126425285016e+00,1.360465772263337136e+01
3.162632526505301023e+00,1.426375401026134782e+01
3.164632926585317030e+00,1.420197596591646771e+01
3.166633326665333037e+00,1.415053125451094473e+01
3.168633726745349044e+00,1.410792542187537002e+01
3.170634126825365051e+00,1.407287970103233654e+01
3.172634526905381058e+00,1.404429923239756661e+01
3.174634926985397065e+00,1.402124611637490581e+01
3.176635327065413072e+00,1.400291653343210641e+01
3.178635727145429080e+00,1.398862129382984421e+01
3.180636127225445087e+00,1.397776928361269810e+01
3.182636527305461094e+00,1.396985336044866699e+01
3.184636927385477101e+00,1.396443832433081056e+01
3.186637327465493108e+00,1.396115064821675489e+01
3.188637727545509115e+00,1.395966970327225098e+01
3.190638127625525122e+00,1.395972025479171030e+01
3.192638527705541129e+00,1.396106603987554529e+01
3.194638927785557136e+00,1.396350426685640400e+01
3.196639327865573144e+00,1.396686090101997202e+01
3.198639727945589151e+00,1.397098662154867554e+01
3.200640128025605158e+00,1.397575335227866766e+01
3.202640528105621165e+00,1.398105128305587641e+01
3.204640928185637172e+00,1.398678631113939552e+01
3.206641328265653179e+00,1.399287784240009458e+01
3.208641728345669186e+00,1.399925690093922981e+01
3.210642128425685193e+00,1.400586450328530219e+01
3.212642528505701200e+00,1.401265025963843946e+01
3.214642928585717208e+00,1.401957117016997323e+01
3.216643328665733215e+00,1.402659058886083443e+01
3.218643728745749222e+00,1.403367733143142360e+01
3.220644128825765229e+00,1.404080490713284668e+01
3.222644528905781236e+00,1.404795085721068304e+01
3.224644928985797243e+00,1.405509618507159963e+01
3.226645329065813250e+00,3.530629493874828029e+01
3.228645729145829257e+00,3.369806777975597356e+01
3.230646129225845264e+00,3.234299921969985547e+01
3.232646529305861272e+00,3.037112426399419718e+01
3.234646929385877279e+00,2.829268418334352475e+01
3.236647329465893286e+00,2.642656961700301466e+01
3.238647729545909293e+00,2.476772930319958732e+01
3.240648129625925300e+00,2.329570915243240137e+01
3.242648529705941307e+00,2.199187588354359590e+01
3.244648929785957314e+00,2.083926998616598780e+01
3.246649329865973321e+00,1.982247020268406601e+01
3.248649729945989328e+00,1.892746826658583359e+01
3.250650130026005336e+00,1.814155293159186400e+01
3.252650530106021343e+00,1.745320251775467213e+01
3.254650930186037350e+00,1.685198533015778821e+01
3.256651330266053357e+00,1.632846739559566274e+01
3.258651730346069364e+00,1.587412702760577510e+01
3.260652130426085371e+00,1.548127577788739373e+01
3.262652530506101378e+00,1.514298536874926882e+01
3.264652930586117385e+00,1.485302022940864575e+01
3.266653330666133392e+00,1.460577528179656603e+01
3.268653730746149400e+00,1.439621864049736999e+01
3.270654130826165407e+00,1.421960255226007597e+01
3.272654530906181414e+00,1.407023072858213553e+01
3.274654930986197421e+00,1.394501924500243106e+01
3.276655331066213428e+00,1.384153838467425679e+01
3.278655731146229435e+00,1.375745759392509626e+01
3.280656131226245442e+00,1.369056414133400601e+01
3.282656531306261449e+00,1.363878045237522585e+01
3.284656931386277456e+00,1.360017759189911857e+01
3.286657331466293464e+00,1.357298378398146355e+01
3.288657731546309471e+00,1.355558784834654418e+01
3.290658131626325478e+00,1.354653804861775335e+01
3.292658531706341485e+00,1.354453716817707232e+01
3.294658931786357492e+00,1.354861243231731471e+01
3.296659331866373499e+00,1.355829064195475020e+01
3.298659731946389506e+00,1.357244043644049825e+01
3.300660132026405069e+00,1.359005771167547749e+01
3.302660532106421076e+00,1.361031121776526298e+01
3.304660932186437083e+00,1.363251210311543105e+01
3.306661332266453091e+00,1.365608945990922862e+01
3.308661732346469098e+00,1.368057056333292465e+01
3.310662132426485105e+00,1.370556479575012965e+01
3.312662532506501112e+00,1.373075047764064394e+01
3.314662932586517119e+00,1.375586400499841133e+01
3.316663332666533126e+00,1.378069082842793236e+01
3.318663732746549133e+00,1.380505791381825986e+01
3.320664132826565140e+00,1.382882740348821748e+01
3.322664532906581147e+00,1.385189125794255993e+01
3.324664932986597154e+00,1.387416670487298198e+01
3.326665333066613162e+00,1.389559235778988722e+01
3.328665733146629169e+00,1.391612489459537194e+01
3.330666133226645176e+00,1.393573620730426654e+01
3.332666533306661183e+00,1.395441095114133923e+01
3.334666933386677190e+00,1.397214443412124041e+01
3.336667333466693197e+00,1.398894079821625880e+01
3.338667733546709204e+00,1.400481145161182539e+01
3.340668133626725211e+00,1.401977371796755989e+01
3.342668533706741218e+00,1.403384967358591418e+01
3.344668933786757226e+00,1.404706514812364482e+01
3.346669333866773233e+00,1.405944886732128118e+01
3.348669733946789240e+00,1.407103171981019507e+01
3.350670134026805247e+00,1.408184613197153112e+01
3.352670534106821254e+00,1.409192553712247609e+01
3.354670934186837261e+00,1.410130392696127544e+01
3.356671334266853268e+00,1.411001547476463003e+01
3.358671734346869275e+00,1.411809422100225220e+01
3.360672134426885282e+00,1.412557381336270623e+01
3.362672534506901290e+00,1.413248729386050151e+01
3.364672934586917297e+00,1.413886692695351499e+01
3.366673334666933304e+00,1.414474406291650688e+01
3.368673734746949311e+00,1.415014903170692584e+01
3.370674134826965318e+00,1.415511106306657219e+01
3.372674534906981325e+00,1.415965822897135240e+01
3.374674934986997332e+00,1.416381740525000055e+01
3.376675335067013339e+00,1.416761424938853509e+01
3.378675735147029346e+00,1.417107319194825443e+01
3.380676135227045354e+00,1.417421743952519186e+01
3.382676535307061361e+00,1.417706898715213093e+01
3.384676935387077368e+00,1.417964863849542922e+01
3.386677335467093375e+00,1.418197603243782901e+01
3.388677735547109382e+00,1.418406967469409885e+01
3.390678135627125389e+00,1.418594697346382993e+01
3.392678535707141396e+00,1.418762427797887682e+01
3.394678935787157403e+00,1.418911691940891906e+01
3.396679335867173410e+00,1.419043925316402266e+01
3.398679735947189418e+00,1.419160470219452641e+01
3.400680136027205425e+00,1.419262580064609303e+01
3.402680536107221432e+00,1.419351423759151665e+01
3.404680936187237439e+00,1.419428090033355438e+01
3.406681336267253446e+00,1.419493591710216407e+01
3.408681736347269453e+00,1.419548869891242227e+01
3.410682136427285460e+00,1.419594798027091365e+01
3.412682536507301467e+00,1.419632185876755415e+01
3.414682936587317474e+00,1.419661783322856863e+01
3.416683336667333482e+00,1.419684284049126433e+01
3.418683736747349489e+00,1.419700329075855727e+01
3.420684136827365496e+00,1.419710510133079495e+01
3.422684536907381503e+00,1.419715372883935878e+01
3.424684936987397510e+00,1.419715419996128958e+01
3.426685337067413517e+00,1.419711114057040469e+01
3.428685737147429524e+00,1.419702880331550965e+01
3.430686137227445531e+00,1.419691109382021565e+01
3.432686537307461538e+00,1.419676159532166082e+01
3.434686937387477546e+00,1.419658359195864072e+01
3.436687337467493553e+00,1.419638009062032324e+01
3.438687737547509560e+00,1.419615384154213267e+01
3.440688137627525567e+00,1.419590735758780475e+01
3.442688537707541574e+00,1.419564293234268071e+01
3.444688937787557581e+00,1.419536265697622746e+01
3.446689337867573588e+00,1.419506843607306301e+01
3.448689737947589595e+00,1.419476200238729824e+01
3.450690138027605602e+00,1.419444493052514034e+01
3.452690538107621609e+00,1.419411864977512749e+01
3.454690938187637617e+00,1.419378445597036809e+01
3.456691338267653624e+00,1.419344352254707786e+01
3.458691738347669631e+00,1.419309691076751001e+01
3.460692138427685638e+00,1.419274557922299351e+01
3.462692538507701645e+00,1.419239039260722279e+01
3.464692938587717652e+00,1.419203212984553453e+01
3.466693338667733659e+00,1.419167149157178009e+01
3.468693738747749666e+00,1.419130910710243221e+01
3.470694138827765673e+00,1.419094554074737857e+01
3.472694538907781681e+00,1.419058129774949251e+01
3.474694938987797688e+00,1.419021682963865416e+01
3.476695339067813695e+00,1.418985253924258849e+01
3.478695739147829702e+00,1.418948878518921752e+01
3.480696139227845709e+00,1.418912588616651149e+01
3.482696539307861716e+00,1.418876412466748604e+01
3.484696939387877723e+00,1.418840375053890490e+01
3.486697339467893730e+00,1.418804498419257776e+01
3.488697739547909737e+00,1.418768801952827374e+01
3.490698139627925745e+00,1.418733302656406892e+01
3.492698539707941752e+00,1.418698015394077494e+01
3.494698939787957759e+00,1.418698291347395823e+01
3.496699339867973766e+00,1.418741737494611499e+01
3.498699739947989773e+00,1.418773387583441092e+01
3.500700140028005780e+00,1.418794607972416699e+01
3.502700540108021787e+00,1.418806645784364662e+01
3.504700940188037794e+00,1.418810634568890627e+01
3.506701340268053801e+00,1.418807600802539604e+01
3.508701740348069809e+00,1.418798470832716063e+01
3.510702140428085816e+00,1.418784078016920702e+01
3.512702540508101823e+00,1.418765169823389805e+01
3.514702940588117830e+00,1.418742414785297257e+01
3.516703340668133837e+00,1.418716409173348403e+01
3.518703740748149844e+00,1.418687683360318452e+01
3.520704140828165851e+00,1.418656707796154492e+01
3.522704540908181858e+00,1.418623898613948775e+01
3.524704940988197865e+00,1.418589622826563712e+01
3.526705341068213873e+00,1.418554203137679082e+01
3.528705741148229436e+00,1.418517922369039219e+01
3.530706141228245443e+00,1.418481027524168248e+01
3.532706541308261450e+00,1.418443733500119031e+01
3.534706941388277457e+00,1.418406226471081233e+01
3.536707341468293464e+00,1.418368666975421100e+01
3.538707741548309471e+00,1.418331192706116894e+01
3.540708141628325478e+00,1.418293921040420180e+01
3.542708541708341485e+00,1.418256951338476135e+01
3.544708941788357492e+00,1.418220366999931059e+01
3.546709341868373500e+00,1.418184237333976405e+01
3.548709741948389507e+00,1.418148619229265250e+01
3.550710142028405514e+00,1.418113558662713558e+01
3.552710542108421521e+00,1.418079092049960366e+01
3.554710942188437528e+00,1.418045247451647661e+01
3.556711342268453535e+00,1.418042754496347158e+01
3.558711742348469542e+00,1.418117944244917794e+01
3.560712142428485549e+00,1.418176458030347753e+01
3.562712542508501556e+00,1.418220436093569425e+01
3.564712942588517564e+00,1.418251784586140118e+01
3.566713342668533571e+00,1.418272199183449622e+01
3.568713742748549578e+00,1.418316994330876213e+01
3.570714142828565585e+00,1.418383718032209373e+01
3.572714542908581592e+00,1.418433780391496590e+01
3.574714942988597599e+00,1.418469372081869473e+01
3.576715343068613606e+00,1.418492445589859763e+01
3.578715743148629613e+00,1.418504738835177115e+01
3.580716143228645620e+00,1.418507796556836276e+01
3.582716543308661628e+00,1.418502989704114192e+01
3.584716943388677635e+00,1.418491532972098668e+01
3.586717343468693642e+00,1.418474500670621197e+01
3.588717743548709649e+00,1.418452841077276361e+01
3.590718143628725656e+00,1.418427389396144278e+01
3.592718543708741663e+00,1.418398879480516506e+01
3.594718943788757670e+00,1.418367954409895226e+01
3.596719343868773677e+00,1.418335176043741974e+01
3.598719743948789684e+00,1.418301033642664954e+01
3.600720144028805692e+00,1.418265951648856138e+01
3.602720544108821699e+00,1.413657450815007621e+01
3.604720944188837706e+00,1.414367920671265466e+01
3.606721344268853713e+00,1.414983169020563025e+01
3.608721744348869720e+00,1.415514677949047417e+01
3.610722144428885727e+00,1.415972522811651224e+01
3.612722544508901734e+00,1.416365560944307767e+01
3.614722944588917741e+00,1.416701592069596494e+01
3.616723344668933748e+00,1.416987495016197762e+01
3.618723744748949755e+00,1.417229344606605324e+01
3.620724144828965763e+00,1.417432511889848001e+01
3.622724544908981770e+00,1.417601750341056288e+01
3.624724944988997777e+00,1.417741270239725360e+01
3.626725345069013784e+00,1.417854803028814104e+01
3.628725745149029791e+00,1.417945657181357255e+01
3.630726145229045798e+00,1.418016766845802756e+01
3.632726545309061805e+00,1.418070734321094406e+01
3.634726945389077812e+00,1.418109867260033319e+01
3.636727345469093819e+00,1.418136211329682794e+01
3.638727745549109827e+00,1.418151578988477013e+01
3.640728145629125834e+00,1.418157574873713855e+01
3.642728545709141841e+00,1.418155618278788133e+01
3.644728945789157848e+00,1.418146963084738310e+01
3.646729345869173855e+00,1.418132715474660976e+01
3.648729745949189862e+00,1.418113849704095486e+01
3.650730146029205869e+00,1.418091222178638233e+01
3.652730546109221876e+00,1.418065584022706993e+01
3.654730946189237883e+00,1.418037592324576934e+01
3.656731346269253891e+00,1.418007820214725534e+01
3.658731746349269898e+00,1.417976765899544844e+01
3.660732146429285905e+00,1.417944860766818671e+01
3.662732546509301912e+00,1.417912476671073030e+01
3.664732946589317919e+00,1.417879932474131444e+01
3.666733346669333926e+00,1.417847499925793997e+01
3.668733746749349933e+00,1.417815408957784307e+01
3.670734146829365940e+00,1.417783852434883229e+01
3.672734546909381947e+00,1.417752990430278359e+01
3.674734946989397955e+00,1.417722954071298780e+01
3.676735347069413962e+00,1.417693848993666883e+01
3.678735747149429969e+00,1.417665758437020251e+01
3.680736147229445976e+00,1.417638746038675457e+01
3.682736547309461983e+00,1.417612858321526126e+01
3.684736947389477990e+00,1.417588126936854742e+01
3.686737347469493997e+00,1.417564570661948586e+01
3.688737747549510004e+00,1.417542197191375131e+01
3.690738147629526011e+00,1.417521004736343215e+01
3.692738547709542019e+00,1.417500983444518248e+01
3.694738947789558026e+00,1.417482116666460890e+01
3.696739347869574033e+00,1.417464382084303232e+01
3.698739747949590040e+00,1.417447752702538821e+01
3.700740148029606047e+00,1.417432197730639309e+01
3.702740548109622054e+00,1.417417683358328162e+01
3.704740948189638061e+00,1.417404173438480441e+01
3.706741348269654068e+00,1.417391630079140974e+01
3.708741748349670075e+00,1.417380014173123293e+01
3.710742148429686083e+00,1.417369285838150184e+01
3.712742548509702090e+00,1.417359404821388758e+01
3.714742948589718097e+00,1.417350330821113502e+01
3.716743348669734104e+00,1.417342023785335847e+01
3.718743748749750111e+00,1.417334444145881100e+01
3.720744148829766118e+00,1.417327553030852272e+01
3.722744548909782125e+00,1.417321312423700697e+01
3.724744948989798132e+00,1.417315685308401640e+01
3.726745349069814139e+00,1.417310635781050721e+01
3.728745749149830147e+00,1.417306129131381809e+01
3.730746149229846154e+00,1.417302131914452801e+01
3.732746549309862161e+00,1.417298611995058266e+01
3.734746949389878168e+00,1.417295538583387859e+01
3.736747349469894175e+00,1.417292882247095065e+01
3.738747749549910182e+00,1.417290614921456182e+01
3.740748149629926189e+00,1.417288709903695576e+01
3.742748549709942196e+00,1.417287141840401432e+01
3.744748949789958203e+00,1.417285886703376896e+01
3.746749349869974210e+00,1.417284921770261796e+01
3.748749749949990218e+00,1.417284225583712853e+01
3.750750150030006225e+00,1.417283777921914734e+01
3.752750550110022232e+00,1.417283559756100075e+01
3.754750950190038239e+00,1.417283553210335079e+01
3.756751350270053802e+00,1.417283741516921225e+01
3.758751750350069809e+00,1.417284108973544754e+01
3.760752150430085816e+00,1.417284640890899006e+01
3.762752550510101823e+00,1.417285323557323906e+01
3.764752950590117830e+00,1.417286144183508689e+01
3.766753350670133837e+00,1.417287090858019916e+01
3.768753750750149845e+00,1.417288152508325894e+01
3.770754150830165852e+00,1.417289318848782287e+01
3.772754550910181859e+00,1.417290580340290873e+01
3.774754950990197866e+00,1.417291928148791058e+01
3.776755351070213873e+00,1.417293354103621894e+01
3.778755751150229880e+00,1.417294850657102856e+01
3.780756151230245887e+00,1.417296410848841504e+01
3.782756551310261894e+00,1.417298028263205545e+01
3.784756951390277901e+00,1.417299697002501091e+01
3.786757351470293909e+00,1.417301411646406706e+01
3.788757751550309916e+00,1.417303167223844262e+01
3.790758151630325923e+00,1.417304959180167856e+01
3.792758551710341930e+00,1.417306783350097810e+01
3.794758951790357937e+00,1.417308635929675198e+01
3.796759351870373944e+00,1.417310513448683906e+01
3.798759751950389951e+00,1.417312412750365880e+01
3.800760152030405958e+00,1.417314330962504165e+01
3.802760552110421965e+00,1.417316265479860249e+01
3.804760952190437973e+00,1.417318213944164995e+01
3.806761352270453980e+00,1.417320174221738682e+01
3.808761752350469987e+00,1.417322144386862348e+01
3.810762152430485994e+00,1.417324122708498280e+01
3.812762552510502001e+00,1.417326107627240717e+01
3.814762952590518008e+00,1.417328097749021687e+01
3.816763352670534015e+00,1.417330091825423999e+01
3.818763752750550022e+00,1.417332088742832141e+01
3.820764152830566029e+00,1.417334087512823260e+01
3.822764552910582037e+00,1.417336087256786570e+01
3.824764952990598044e+00,1.417338087200220897e+01
3.826765353070614051e+00,1.417340086662556686e+01
3.828765753150630058e+00,1.417342085044891675e+01
3.830766153230646065e+00,1.417344081826693625e+01
3.832766553310662072e+00,1.417346076558034795e+01
3.834766953390678079e+00,1.417348068846196796e+01
3.836767353470694086e+00,1.417350058359671650e+01
3.838767753550710093e+00,1.417352044813879353e+01
3.840768153630726101e+00,1.417354027972703179e+01
3.842768553710742108e+00,1.417356007637728155e+01
3.844768953790758115e+00,1.417357983647687725e+01
3.846769353870774122e+00,1.417359955872309740e+01
3.848769753950790129e+00,1.417361924213907720e+01
3.850770154030806136e+00,1.417363888593457411e+01
3.852770554110822143e+00,1.417365848959613928e+01
3.854770954190838150e+00,1.417367805276512627e+01
3.856771354270854157e+00,1.417369757528888385e+01
3.858771754350870165e+00,1.417371705714279173e+01
3.860772154430886172e+00,1.417373649842772032e+01
3.862772554510902179e+00,1.417375589935739022e+01
3.864772954590918186e+00,1.417377526025877721e+01
3.866773354670934193e+00,1.417379458149744309e+01
3.868773754750950200e+00,1.417381386354549200e+01
3.870774154830966207e+00,1.417383310690121156e+01
3.872774554910982214e+00,1.417385231212374741e+01
3.874774954990998221e+00,1.417387147981392381e+01
3.876775355071014229e+00,1.417389061057945376e+01
3.878775755151030236e+00,1.417390970505342018e+01
3.880776155231046243e+00,1.417392876389953749e+01
3.882776555311062250e+00,1.417394778776406028e+01
3.884776955391078257e+00,1.417396677733260546e+01
3.886777355471094264e+00,1.417398573325389144e+01
3.888777755551110271e+00,1.417400465620113259e+01
3.890778155631126278e+00,1.417402354682355892e+01
3.892778555711142285e+00,1.417404240577184993e+01
3.894778955791158292e+00,1.417406123368800053e+01
3.896779355871174300e+00,1.417408003118225679e+01
3.898779755951190307e+00,1.417409879887855695e+01
3.900780156031206314e+00,1.417411753735677848e+01
3.902780556111222321e+00,1.417413624721539023e+01
3.904780956191238328e+00,1.417415492900773621e+01
3.906781356271254335e+00,1.417417358327242383e+01
3.908781756351270342e+00,1.417419221055253153e+01
3.910782156431286349e+00,1.417421081134748917e+01
3.912782556511302356e+00,1.417422938616009809e+01
3.914782956591318364e+00,1.417424793545569806e+01
3.916783356671334371e+00,1.417426645971042021e+01
3.918783756751350378e+00,1.417428495934677102e+01
3.920784156831366385e+00,1.417430343481563071e+01
3.922784556911382392e+00,1.417432188651049074e+01
3.924784956991398399e+00,1.417434031483439583e+01
3.926785357071414406e+00,1.417435872016539555e+01
3.928785757151430413e+00,1.417437710287379282e+01
3.930786157231446420e+00,1.417439546330163402e+01
3.932786557311462428e+00,1.417441380179990595e+01
3.934786957391478435e+00,1.417443211868044273e+01
3.936787357471494442e+00,1.417445041427618513e+01
3.938787757551510449e+00,1.417446868887230238e+01
3.940788157631526456e+00,1.417448694277178056e+01
3.942788557711542463e+00,1.417450517624214967e+01
3.944788957791558470e+00,1.417452338956181279e+01
3.946789357871574477e+00,1.417454158297043598e+01
3.948789757951590484e+00,1.417455975675543201e+01
3.950790158031606492e+00,1.417457791113089804e+01
3.952790558111622499e+00,1.417459604633905457e+01
3.954790958191638506e+00,1.417461416259925500e+01
3.956791358271654513e+00,1.417463226012277744e+01
3.958791758351670520e+00,1.417465033915434347e+01
3.960792158431686527e+00,1.417466839985476845e+01
3.962792558511702534e+00,1.417468644245201581e+01
3.964792958591718541e+00,1.417470446711890197e+01
3.966793358671734548e+00,1.417472247405807551e+01
3.968793758751750556e+00,1.417474046343778049e+01
3.970794158831766563e+00,1.417475843543931191e+01
3.972794558911782570e+00,1.417477639023135438e+01
3.974794958991798577e+00,1.417479432798387506e+01
3.976795359071814584e+00,1.417481224886461710e+01
3.978795759151830591e+00,1.417483015300467564e+01
3.980796159231846598e+00,1.417484804058612191e+01
3.982796559311862605e+00,1.417486591176330180e+01
3.984796959391878168e+00,1.417488376665599681e+01
3.986797359471894175e+00,1.417490160542851108e+01
3.988797759551910183e+00,1.417491942822191930e+01
3.990798159631926190e+00,1.417493723517186233e+01
3.992798559711942197e+00,1.417495502640300487e+01
3.994798959791958204e+00,1.417497280206602461e+01
3.996799359871974211e+00,1.417499056227986998e+01
3.998799759951990218e+00,1.417500830717601268e+01
4.000800160032006225e+00,1.417502603688779850e+01
4.002800560112022232e+00,1.417504375152478602e+01
4.004800960192038239e+00,1.417506145121867611e+01
4.006801360272054247e+00,1.417507913608526415e+01
4.008801760352070254e+00,1.417509680624169732e+01
4.010802160432086261e+00,1.417511446182126811e+01
4.012802560512102268e+00,1.417513210290234760e+01
4.014802960592118275e+00,1.417514972964182007e+01
4.016803360672134282e+00,1.417516734211830887e+01
4.018803760752150289e+00,1.417518494045149424e+01
4.020804160832166296e+00,1.417520252475728348e+01
4.022804560912182303e+00,1.417522009513757553e+01
4.024804960992198311e+00,1.417523765169394778e+01
4.026805361072214318e+00,1.417525519453430149e+01
4.028805761152230325e+00,1.417527272376477576e+01
4.030806161232246332e+00,1.417529023948770650e+01
4.032806561312262339e+00,1.417530774179161313e+01
4.034806961392278346e+00,1.417532523080238427e+01
4.036807361472294353e+00,1.417534270658035744e+01
4.038807761552310360e+00,1.417536016925811992e+01
4.040808161632326367e+00,1.417537761891677306e+01
4.042808561712342375e+00,1.417539505564843694e+01
4.044808961792358382e+00,1.417541247956630102e+01
4.046809361872374389e+00,1.417542989073627346e+01
4.048809761952390396e+00,1.417544728926701936e+01
4.050810162032406403e+00,1.417546467525422216e+01
4.052810562112422410e+00,1.417548204878200480e+01
4.054810962192438417e+00,1.417549940993619728e+01
4.056811362272454424e+00,1.417551675880109663e+01
4.058811762352470431e+00,1.417553409548936649e+01
4.060812162432486438e+00,1.417555142005659796e+01
4.062812562512502446e+00,1.417556873261120032e+01
4.064812962592518453e+00,1.417558603322403954e+01
4.066813362672534460e+00,1.417560332199915329e+01
4.068813762752550467e+00,1.417562059899838722e+01
4.070814162832566474e+00,1.417563786432173067e+01
4.072814562912582481e+00,1.417565511802919964e+01
4.074814962992598488e+00,1.417567236022492416e+01
4.076815363072614495e+00,1.417568959097866710e+01
4.078815763152630502e+00,1.417570681037220304e+01
4.080816163232646510e+00,1.417572401848703834e+01
4.082816563312662517e+00,1.417574121539619902e+01
4.084816963392678524e+00,1.417575840118416153e+01
4.086817363472694531e+00,1.417577557591630999e+01
4.088817763552710538e+00,1.417579273968318709e+01
4.090818163632726545e+00,1.417580989254440915e+01
4.092818563712742552e+00,1.417582703459464888e+01
4.094818963792758559e+00,1.417584416588717211e+01
4.096819363872774566e+00,1.417586128650841637e+01
4.098819763952790574e+00,1.417587839652985693e+01
4.100820164032806581e+00,1.417589549601298415e+01
4.102820564112822588e+00,1.417591258504662299e+01
4.104820964192838595e+00,1.417592966368446916e+01
4.106821364272854602e+00,1.417594673201724476e+01
4.108821764352870609e+00,1.417596379009643748e+01
4.110822164432886616e+00,1.417598083798870512e+01
4.112822564512902623e+00,1.417599787578151194e+01
4.114822964592918630e+00,1.417601490351814419e+01
4.116823364672934638e+00,1.417603192128777323e+01
4.118823764752950645e+00,1.417604892914734727e+01
4.120824164832966652e+00,1.417606592716086666e+01
4.122824564912982659e+00,1.417608291540337895e+01
4.124824964992998666e+00,1.417609989392951775e+01
4.126825365073014673e+00,1.417611686279714789e+01
4.128825765153030680e+00,1.417613382209203721e+01
4.130826165233046687e+00,1.417615077185036121e+01
4.132826565313062694e+00,1.417616771216099103e+01
4.134826965393078702e+00,1.417618464307710902e+01
4.136827365473094709e+00,1.417620156465748948e+01
4.138827765553110716e+00,1.417621847694997328e+01
4.140828165633126723e+00,1.417623538002812289e+01
4.142828565713142730e+00,1.417625227396132281e+01
4.144828965793158737e+00,1.417626915879162119e+01
4.146829365873174744e+00,1.417628603459463399e+01
4.148829765953190751e+00,1.417630290141362792e+01
4.150830166033206758e+00,1.417631975931526433e+01
4.152830566113222766e+00,1.417633660835194576e+01
4.154830966193238773e+00,1.417635344858905633e+01
4.156831366273254780e+00,1.417637028006990363e+01
4.158831766353270787e+00,1.417638710286292181e+01
4.160832166433286794e+00,1.417640391702071057e+01
4.162832566513302801e+00,1.417642072259264197e+01
4.164832966593318808e+00,1.417643751964755872e+01
4.166833366673334815e+00,1.417645430822662078e+01
4.168833766753350822e+00,1.417647108838119685e+01
4.170834166833366830e+00,1.417648786016789053e+01
4.172834566913382837e+00,1.417650462364567687e+01
4.174834966993398844e+00,1.417652137886674879e+01
4.176835367073414851e+00,1.417653812589077589e+01
4.178835767153430858e+00,1.417655486474206583e+01
4.180836167233446865e+00,1.417657159548991608e+01
4.182836567313462872e+00,1.417658831818802589e+01
4.184836967393478879e+00,1.417660503288646012e+01
4.186837367473494886e+00,1.417662173963096528e+01
4.188837767553510893e+00,1.417663843847330085e+01
4.190838167633526901e+00,1.417665512945641204e+01
4.192838567713542908e+00,1.417667181263463405e+01
4.194838967793558915e+00,1.417668848806316362e+01
4.196839367873574922e+00,1.417670515577712820e+01
4.198839767953590929e+00,1.417672181582970659e+01
4.200840168033606936e+00,1.417673846827686290e+01
4.202840568113622943e+00,1.417675511315204950e+01
4.204840968193638950e+00,1.417677175051061944e+01
4.206841368273654957e+00,1.417678838040257006e+01
4.208841768353670965e+00,1.417680500284973100e+01
4.210842168433686972e+00,1.417682161793669238e+01
4.212842568513702979e+00,1.417683822567534513e+01
4.214842968593718986e+00,1.417685482612604453e+01
4.216843368673734993e+00,1.417687141933179618e+01
4.218843768753751000e+00,1.417688800533134597e+01
4.220844168833767007e+00,1.417690458417083654e+01
4.222844568913783014e+00,1.417692115590469371e+01
4.224844968993799021e+00,1.417693772056760260e+01
4.226845369073815029e+00,1.417695427819275444e+01
4.228845769153831036e+00,1.417697082884000892e+01
4.230846169233847043e+00,1.417698737253698305e+01
4.232846569313863050e+00,1.417700390933769938e+01
4.234846969393879057e+00,1.417702043928407463e+01
4.236847369473895064e+00,1.417703696240468325e+01
4.238847769553911071e+00,1.417705347874536237e+01
4.240848169633927078e+00,1.417706998835191179e+01
4.242848569713943085e+00,1.417708649127124154e+01
4.244848969793959093e+00,1.417710298752818687e+01
4.246849369873975100e+00,1.417711947717007703e+01
4.248849769953991107e+00,1.417713596023984834e+01
4.250850170034007114e+00,1.417715243676554593e+01
4.252850570114023121e+00,1.417716890679471575e+01
4.254850970194039128e+00,1.417718537037358928e+01
4.256851370274055135e+00,1.417720182751973468e+01
4.258851770354071142e+00,1.417721827829823411e+01
4.260852170434087149e+00,1.417723472272425767e+01
4.262852570514103157e+00,1.417725116084139003e+01
4.264852970594119164e+00,1.417726759269302406e+01
4.266853370674135171e+00,1.417728401831131713e+01
4.268853770754151178e+00,1.417730043773360293e+01
4.270854170834167185e+00,1.417731685100259753e+01
4.272854570914183192e+00,1.417733325814511502e+01
4.274854970994199199e+00,1.417734965919848555e+01
4.276855371074215206e+00,1.417736605419622009e+01
4.278855771154231213e+00,1.417738244318820406e+01
4.280856171234247221e+00,1.417739882620361236e+01
4.282856571314263228e+00,1.417741520326546834e+01
4.284856971394279235e+00,1.417743157442441770e+01
4.286857371474295242e+00,1.417744793971527706e+01
4.288857771554311249e+00,1.417746429915117901e+01
4.290858171634327256e+00,1.417748065278822800e+01
4.292858571714343263e+00,1.417749700064827145e+01
4.294858971794359270e+00,1.417751334276514541e+01
4.296859371874375277e+00,1.417752967918959328e+01
4.298859771954391285e+00,1.417754600993043823e+01
4.300860172034407292e+00,1.417756233503766516e+01
4.302860572114423299e+00,1.417757865452821342e+01
4.304860972194439306e+00,1.417759496845416578e+01
4.306861372274455313e+00,1.417761127683714761e+01
4.308861772354471320e+00,1.417762757971578580e+01
4.310862172434487327e+00,1.417764387709915930e+01
4.312862572514503334e+00,1.417766016904590209e+01
4.314862972594519341e+00,1.417767645557506917e+01
4.316863372674535348e+00,1.417769273672406172e+01
4.318863772754551356e+00,1.417770901251635607e+01
4.320864172834567363e+00,1.417772528299196466e+01
4.322864572914583370e+00,1.417774154816334686e+01
4.324864972994598489e+00,1.417775780808537078e+01
4.326865373074614496e+00,1.417777406276894681e+01
4.328865773154630503e+00,1.417779031225289010e+01
4.330866173234646510e+00,1.417780655656211941e+01
4.332866573314662517e+00,1.417782279572937121e+01
4.334866973394678524e+00,1.417783902979294730e+01
4.336867373474694531e+00,1.417785525877162733e+01
4.338867773554710539e+00,1.417787148268140207e+01
4.340868173634726546e+00,1.417788770157784839e+01
4.342868573714742553e+00,1.417790391546824580e+01
4.344868973794758560e+00,1.417792012438960469e+01
4.346869373874774567e+00,1.417793632837667772e+01
4.348869773954790574e+00,1.417795252744787149e+01
4.350870174034806581e+00,1.417796872162498900e+01
4.352870574114822588e+00,1.417798491095757463e+01
4.354870974194838595e+00,1.417800109544835863e+01
4.356871374274854603e+00,1.417801727514539145e+01
4.358871774354870610e+00,1.417803345006041127e+01
4.360872174434886617e+00,1.417804962022622561e+01
4.362872574514902624e+00,1.417806578566995590e+01
4.364872974594918631e+00,1.417808194641814268e+01
4.366873374674934638e+00,1.417809810249746327e+01
4.368873774754950645e+00,1.417811425393180969e+01
4.370874174834966652e+00,1.417813040074886821e+01
4.372874574914982659e+00,1.417814654297527532e+01
4.374874974994998666e+00,1.417816268063630858e+01
4.376875375075014674e+00,1.417817881375434297e+01
4.378875775155030681e+00,1.417819494235805600e+01
4.380876175235046688e+00,1.417821106647136986e+01
4.382876575315062695e+00,1.417822718611661159e+01
4.384876975395078702e+00,1.417824330132000732e+01
4.386877375475094709e+00,1.417825941211610363e+01
4.388877775555110716e+00,1.417827551851281420e+01
4.390878175635126723e+00,1.417829162055442005e+01
4.392878575715142730e+00,1.417830771823259717e+01
4.394878975795158738e+00,1.417832381160287980e+01
4.396879375875174745e+00,1.417833990067935979e+01
4.398879775955190752e+00,1.417835598549056897e+01
4.400880176035206759e+00,1.417837206604860434e+01
4.402880576115222766e+00,1.417838814237223843e+01
4.404880976195238773e+00,1.417840421451111155e+01
4.406881376275254780e+00,1.417842028245794417e+01
4.408881776355270787e+00,1.417843634625792504e+01
4.410882176435286794e+00,1.417845240592106926e+01
4.412882576515302802e+00,1.417846846147679329e+01
4.414882976595318809e+00,1.417848451294957535e+01
4.416883376675334816e+00,1.417850056035607764e+01
4.418883776755350823e+00,1.417851660371420053e+01
4.420884176835366830e+00,1.417853264306143402e+01
4.422884576915382837e+00,1.417854867839751698e+01
4.424884976995398844e+00,1.417856470977632100e+01
4.426885377075414851e+00,1.417858073717080813e+01
4.428885777155430858e+00,1.417859676065524255e+01
4.430886177235446866e+00,1.417861278021796601e+01
4.432886577315462873e+00,1.417862879588797220e+01
4.434886977395478880e+00,1.417864480770027313e+01
4.436887377475494887e+00,1.417866081565713188e+01
4.438887777555510894e+00,1.417867681977732452e+01
4.440888177635526901e+00,1.417869282010507703e+01
4.442888577715542908e+00,1.417870881663611549e+01
4.444888977795558915e+00,1.417872480940449265e+01
4.446889377875574922e+00,1.417874079841994472e+01
4.448889777955590930e+00,1.417875678371895631e+01
4.450890178035606937e+00,1.417877276530736630e+01
4.452890578115622944e+00,1.417878874320238047e+01
4.454890978195638951e+00,1.417880471743814397e+01
4.456891378275654958e+00,1.417882068803052320e+01
4.458891778355670965e+00,1.417883665499461721e+01
4.460892178435686972e+00,1.417885261833800925e+01
4.462892578515702979e+00,1.417886857810878176e+01
4.464892978595718986e+00,1.417888453429829632e+01
4.466893378675734994e+00,1.417890048694919258e+01
4.468893778755751001e+00,1.417891643606398944e+01
4.470894178835767008e+00,1.417893238166670677e+01
4.472894578915783015e+00,1.417894832377457170e+01
4.474894978995799022e+00,1.417896426240329433e+01
4.476895379075815029e+00,1.417898019758388983e+01
4.478895779155831036e+00,1.417899612931742759e+01
4.480896179235847043e+00,1.417901205763685901e+01
4.482896579315863050e+00,1.417902798255120800e+01
4.484896979395879058e+00,1.417904390407203863e+01
4.486897379475895065e+00,1.417905982224058370e+01
4.488897779555911072e+00,1.417907573705562996e+01
4.490898179635927079e+00,1.417909164853908699e+01
4.492898579715943086e+00,1.417910755670389555e+01
4.494898979795959093e+00,1.417912346157910797e+01
4.496899379875975100e+00,1.417913936317466472e+01
4.498899779955991107e+00,1.417915526150448002e+01
4.500900180036007114e+00,1.417917115659701288e+01
4.502900580116023121e+00,1.417918704845367728e+01
4.504900980196039129e+00,1.417920293711101465e+01
4.506901380276055136e+00,1.417921882256349342e+01
4.508901780356071143e+00,1.417923470483622950e+01
4.510902180436087150e+00,1.417925058395647042e+01
4.512902580516103157e+00,1.417926645992995205e+01
4.514902980596119164e+00,1.417928233277597450e+01
4.516903380676135171e+00,1.417929820250699713e+01
4.518903780756151178e+00,1.417931406914633463e+01
4.520904180836167185e+00,1.417932993270109421e+01
4.522904580916183193e+00,1.417934579319610400e+01
4.524904980996199200e+00,1.417936165064109844e+01
4.526905381076215207e+00,1.417937750504891525e+01
4.528905781156231214e+00,1.417939335645724164e+01
4.530906181236247221e+00,1.417940920485159495e+01
4.532906581316263228e+00,1.417942505026454469e+01
4.534906981396279235e+00,1.417944089270070585e+01
4.536907381476295242e+00,1.417945673218583558e+01
4.538907781556311249e+00,1.417947256873479489e+01
4.540908181636327257e+00,1.417948840234959818e+01
4.542908581716343264e+00,1.417950423306717234e+01
4.544908981796359271e+00,1.417952006089083028e+01
4.546909381876375278e+00,1.417953588582178170e+01
4.548909781956391285e+00,1.417955170789374897e+01
4.550910182036407292e+00,1.417956752711091717e+01
4.552910582116423299e+00,1.417958334350309890e+01
4.554910982196439306e+00,1.417959915706564011e+01
4.556911382276455313e+00,1.417961496782303676e+01
4.558911782356471321e+00,1.417963077578278153e+01
4.560912182436487328e+00,1.417964658096561159e+01
4.562912582516503335e+00,1.417966238337514895e+01
4.564912982596519342e+00,1.417967818304948935e+01
4.566913382676535349e+00,1.417969397997740089e+01
4.568913782756551356e+00,1.417970977418531753e+01
4.570914182836567363e+00,1.417972556568096110e+01
4.572914582916583370e+00,1.417974135447959938e+01
4.574914982996599377e+00,1.417975714059717163e+01
4.576915383076615385e+00,1.417977292404549772e+01
4.578915783156631392e+00,1.417978870483599430e+01
4.580916183236647399e+00,1.417980448298479779e+01
4.582916583316663406e+00,1.417982025850791494e+01
4.584916983396679413e+00,1.417983603141494164e+01
4.586917383476695420e+00,1.417985180171305615e+01
4.588917783556711427e+00,1.417986756942550919e+01
4.590918183636727434e+00,1.417988333455713246e+01
4.592918583716743441e+00,1.417989909712872709e+01
4.594918983796759449e+00,1.417991485714792965e+01
4.596919383876775456e+00,1.417993061462367876e+01
4.598919783956791463e+00,1.417994636957241639e+01
4.600920184036807470e+00,1.417996212201016348e+01
4.602920584116823477e+00,1.417997787194879500e+01
4.604920984196839484e+00,1.417999361939500780e+01
4.606921384276855491e+00,1.418000936436117776e+01
4.608921784356871498e+00,1.418002510686872242e+01
4.610922184436887505e+00,1.418004084691896338e+01
4.612922584516903513e+00,1.418005658453274798e+01
4.614922984596919520e+00,1.418007231971022009e+01
4.616923384676935527e+00,1.418008805247512960e+01
4.618923784756951534e+00,1.418010378283796236e+01
4.620924184836967541e+00,1.418011951080086419e+01
4.622924584916983548e+00,1.418013523639196727e+01
4.624924984996999555e+00,1.418015095960599048e+01
4.626925385077015562e+00,1.418016668045712514e+01
4.628925785157031569e+00,1.418018239896601074e+01
4.630926185237047576e+00,1.418019811514364470e+01
4.632926585317063584e+00,1.418021382898837501e+01
4.634926985397079591e+00,1.418022954051894224e+01
4.636927385477095598e+00,1.418024524975964873e+01
4.638927785557111605e+00,1.418026095669664066e+01
4.640928185637127612e+00,1.418027666136238096e+01
4.642928585717143619e+00,1.418029236374959901e+01
4.644928985797159626e+00,1.418030806388497389e+01
4.646929385877175633e+00,1.418032376177770892e+01
4.648929785957191640e+00,1.418033945742649493e+01
4.650930186037207648e+00,1.418035515084529585e+01
4.652930586117223655e+00,1.418037084205954734e+01
4.654930986197239662e+00,1.418038653106159863e+01
4.656931386277255669e+00,1.418040221787027377e+01
4.658931786357271676e+00,1.418041790249824174e+01
4.660932186437287683e+00,1.418043358495200934e+01
4.662932586517303690e+00,1.418044926524000715e+01
4.664932986597319697e+00,1.418046494337496632e+01
4.666933386677335704e+00,1.418048061937123627e+01
4.668933786757351712e+00,1.418049629323623861e+01
4.670934186837367719e+00,1.418051196497472510e+01
4.672934586917383726e+00,1.418052763460339172e+01
4.674934986997399733e+00,1.418054330212716962e+01
4.676935387077415740e+00,1.418055896755586787e+01
4.678935787157431747e+00,1.418057463090113401e+01
4.680936187237447754e+00,1.418059029217591238e+01
4.682936587317463761e+00,1.418060595139221469e+01
4.684936987397479768e+00,1.418062160854649711e+01
4.686937387477495776e+00,1.418063726366174926e+01
4.688937787557511783e+00,1.418065291674396100e+01
4.690938187637527790e+00,1.418066856779630136e+01
4.692938587717543797e+00,1.418068421683442537e+01
4.694938987797559804e+00,1.418069986386311143e+01
4.696939387877575811e+00,1.418071550888966925e+01
4.698939787957591818e+00,1.418073115193648981e+01
4.700940188037607825e+00,1.418074679300447727e+01
4.702940588117623832e+00,1.418076243210211551e+01
4.704940988197639840e+00,1.418077806923765927e+01
4.706941388277655847e+00,1.418079370441108189e+01
4.708941788357671854e+00,1.418080933765705431e+01
4.710942188437687861e+00,1.418082496896428779e+01
4.712942588517703868e+00,1.418084059834888144e+01
4.714942988597719875e+00,1.418085622580863081e+01
4.716943388677735882e+00,1.418087185137200024e+01
4.718943788757751889e+00,1.418088747502582336e+01
4.720944188837767896e+00,1.418090309679210392e+01
4.722944588917783904e+00,1.418091871667768800e+01
4.724944988997799911e+00,1.418093433469506515e+01
4.726945389077815918e+00,1.418094995084134524e+01
4.728945789157831925e+00,1.418096556512867323e+01
4.730946189237847932e+00,1.418098117756880150e+01
4.732946589317863939e+00,1.418099678817508291e+01
4.734946989397879946e+00,1.418101239695335813e+01
4.736947389477895953e+00,1.418102800389891627e+01
4.738947789557911960e+00,1.418104360902473715e+01
4.740948189637927968e+00,1.418105921235133593e+01
4.742948589717943975e+00,1.418107481388451063e+01
4.744948989797959982e+00,1.418109041362614420e+01
4.746949389877975989e+00,1.418110601158174688e+01
4.748949789957991996e+00,1.418112160775634223e+01
4.750950190038008003e+00,1.418113720216877027e+01
4.752950590118024010e+00,1.418115279481307667e+01
4.754950990198040017e+00,1.418116838572030147e+01
4.756951390278056024e+00,1.418118397487447879e+01
4.758951790358072031e+00,1.418119956229615930e+01
4.760952190438088039e+00,1.418121514798432869e+01
4.762952590518104046e+00,1.418123073195877382e+01
4.764952990598120053e+00,1.418124631421590109e+01
4.766953390678136060e+00,1.418126189476635268e+01
4.768953790758152067e+00,1.418127747361656787e+01
4.770954190838168074e+00,1.418129305077864899e+01
4.772954590918184081e+00,1.418130862625859123e+01
4.774954990998200088e+00,1.418132420006182315e+01
4.776955391078216095e+00,1.418133977218591824e+01
4.778955791158232103e+00,1.418135534265931774e+01
4.780956191238247222e+00,1.418137091147416129e+01
4.782956591318263229e+00,1.418138647863950652e+01
4.784956991398279236e+00,1.418140204417489336e+01
4.786957391478295243e+00,1.418141760805989904e+01
4.788957791558311250e+00,1.418143317032443917e+01
4.790958191638327257e+00,1.418144873097854308e+01
4.792958591718343264e+00,1.418146429000475273e+01
4.794958991798359271e+00,1.418147984743898249e+01
4.796959391878375278e+00,1.418149540326324676e+01
4.798959791958391286e+00,1.418151095750006085e+01
4.800960192038407293e+00,1.418152651015538623e+01
4.802960592118423300e+00,1.418154206122917138e+01
4.804960992198439307e+00,1.418155761073024124e+01
4.806961392278455314e+00,1.418157315866431389e+01
4.808961792358471321e+00,1.418158870503895308e+01
4.810962192438487328e+00,1.418160424986407975e+01
4.812962592518503335e+00,1.418161979314359833e+01
4.814962992598519342e+00,1.418163533488501749e+01
4.816963392678535349e+00,1.418165087508949718e+01
4.818963792758551357e+00,1.418166641377180071e+01
4.820964192838567364e+00,1.418168195093391937e+01
4.822964592918583371e+00,1.418169748658278451e+01
4.824964992998599378e+00,1.418171302071841922e+01
4.826965393078615385e+00,1.418172855335279436e+01
4.828965793158631392e+00,1.418174408449374369e+01
4.830966193238647399e+00,1.418175961414930519e+01
4.832966593318663406e+00,1.418177514232552561e+01
4.834966993398679413e+00,1.418179066901330110e+01
4.836967393478695421e+00,1.418180619424027711e+01
4.838967793558711428e+00,1.418182171799979585e+01
4.840968193638727435e+00,1.418183724030082082e+01
4.842968593718743442e+00,1.418185276115491789e+01
4.844968993798759449e+00,1.418186828055080895e+01
4.846969393878775456e+00,1.418188379850764136e+01
4.848969793958791463e+00,1.418189931503429335e+01
4.850970194038807470e+00,1.418191483013799292e+01
4.852970594118823477e+00,1.418193034380429296e+01
4.854970994198839485e+00,1.418194585606160985e+01
4.856971394278855492e+00,1.418196136690377074e+01
4.858971794358871499e+00,1.418197687633676907e+01
4.860972194438887506e+00,1.418199238438172216e+01
4.862972594518903513e+00,1.418200789102326453e+01
4.864972994598919520e+00,1.418202339628117947e+01
4.866973394678935527e+00,1.418203890014486745e+01
4.868973794758951534e+00,1.418205440263042760e+01
4.870974194838967541e+00,1.418206990374904564e+01
4.872974594918983549e+00,1.418208540349756674e+01
4.874974994998999556e+00,1.418210090188363637e+01
4.876975395079015563e+00,1.418211639891813647e+01
4.878975795159031570e+00,1.418213189459008028e+01
4.880976195239047577e+00,1.418214738893531468e+01
4.882976595319063584e+00,1.418216288192223828e+01
4.884976995399079591e+00,1.418217837358299604e+01
4.886977395479095598e+00,1.418219386390883408e+01
4.888977795559111605e+00,1.418220935290004547e+01
4.890978195639127613e+00,1.418222484058644817e+01
4.892978595719143620e+00,1.418224032696181425e+01
4.894978995799159627e+00,1.418225581200647767e+01
4.896979395879175634e+00,1.418227129575815226e+01
4.898979795959191641e+00,1.418228677821864459e+01
4.900980196039207648e+00,1.418230225937787203e+01
4.902980596119223655e+00,1.418231773924037498e+01
4.904980996199239662e+00,1.418233321782304834e+01
4.906981396279255669e+00,1.418234869512093788e+01
4.908981796359271677e+00,1.418236417115458359e+01
4.910982196439287684e+00,1.418237964591549627e+01
4.912982596519303691e+00,1.418239511940311104e+01
4.914982996599319698e+00,1.418241059163532114e+01
4.916983396679335705e+00,1.418242606261456196e+01
4.918983796759351712e+00,1.418244153233134242e+01
4.920984196839367719e+00,1.418245700082166216e+01
4.922984596919383726e+00,1.418247246805344908e+01
4.924984996999399733e+00,1.418248793406046282e+01
4.926985397079415741e+00,1.418250339882382605e+01
4.928985797159431748e+00,1.418251886236411607e+01
4.930986197239447755e+00,1.418253432468421238e+01
4.932986597319463762e+00,1.418254978578440628e+01
4.934986997399479769e+00,1.418256524566567833e+01
4.936987397479495776e+00,1.418258070434317020e+01
4.938987797559511783e+00,1.418259616181384608e+01
4.940988197639527790e+00,1.418261161808387349e+01
4.942988597719543797e+00,1.418262707316240423e+01
4.944988997799559804e+00,1.418264252703612627e+01
4.946989397879575812e+00,1.418265797973285736e+01
4.948989797959591819e+00,1.418267343124180790e+01
4.950990198039607826e+00,1.418268888157383500e+01
4.952990598119623833e+00,1.418270433073157299e+01
4.954990998199639840e+00,1.418271977872070799e+01
4.956991398279655847e+00,1.418273522554188659e+01
4.958991798359671854e+00,1.418275067120285016e+01
4.960992198439687861e+00,1.418276611570288459e+01
4.962992598519703868e+00,1.418278155904912552e+01
4.964992998599719876e+00,1.418279700124507237e+01
4.966993398679735883e+00,1.418281244230596805e+01
4.968993798759751890e+00,1.418282788222337665e+01
4.970994198839767897e+00,1.418284332099422329e+01
4.972994598919783904e+00,1.418285875863781520e+01
4.974994998999799911e+00,1.418287419514830994e+01
4.976995399079815918e+00,1.418288963053943519e+01
4.978995799159831925e+00,1.418290506481055857e+01
4.980996199239847932e+00,1.418292049795780940e+01
4.982996599319863940e+00,1.418293592999848052e+01
4.984996999399879947e+00,1.418295136092895348e+01
4.986997399479895954e+00,1.418296679074711797e+01
4.988997799559911961e+00,1.418298221947222615e+01
4.990998199639927968e+00,1.418299764709440680e+01
4.992998599719943975e+00,1.418301307362390951e+01
4.994998999799959982e+00,1.418302849906724106e+01
4.996999399879975989e+00,1.418304392341864606e+01
4.998999799959991996e+00,1.418305934669352197e+01
5.001000200040008004e+00,1.418307476888757712e+01
5.003000600120024011e+00,1.418309019000424342e+01
5.005001000200040018e+00,1.418310561005873716e+01
5.007001400280056025e+00,1.418312102903288086e+01
5.009001800360072032e+00,1.418313644693823150e+01
5.011002200440088039e+00,1.418315186379882498e+01
5.013002600520104046e+00,1.418316727959113699e+01
5.015003000600120053e+00,1.418318269434038470e+01
5.017003400680136060e+00,1.418319810802841552e+01
5.019003800760152068e+00,1.418321352068072905e+01
5.021004200840168075e+00,1.418322893228390313e+01
5.023004600920184082e+00,1.418324434285038116e+01
5.025005001000200089e+00,1.418325975238375491e+01
5.027005401080216096e+00,1.418327516088525897e+01
5.029005801160232103e+00,1.418329056834965485e+01
5.031006201240248110e+00,1.418330597479749322e+01
5.033006601320264117e+00,1.418332138022157096e+01
5.035007001400280124e+00,1.418333678462167136e+01
5.037007401480296132e+00,1.418335218801140662e+01
5.039007801560312139e+00,1.418336759038936279e+01
5.041008201640328146e+00,1.418338299175657369e+01
5.043008601720344153e+00,1.418339839211718711e+01
5.045009001800360160e+00,1.418341379148490944e+01
5.047009401880376167e+00,1.418342918984558310e+01
5.049009801960392174e+00,1.418344458721066559e+01
5.051010202040408181e+00,1.418345998358587146e+01
5.053010602120424188e+00,1.418347537897360588e+01
5.055011002200440196e+00,1.418349077337100717e+01
5.057011402280456203e+00,1.418350616678809040e+01
5.059011802360472210e+00,1.418352155922836388e+01
5.061012202440488217e+00,1.418353695069193598e+01
5.063012602520504224e+00,1.418355234116856423e+01
5.065013002600520231e+00,1.418356773069296395e+01
5.067013402680536238e+00,1.418358311923984694e+01
5.069013802760552245e+00,1.418359850682645273e+01
5.071014202840568252e+00,1.418361389346248558e+01
5.073014602920584259e+00,1.418362927912634674e+01
5.075015003000600267e+00,1.418364466384640821e+01
5.077015403080616274e+00,1.418366004760095400e+01
5.079015803160632281e+00,1.418367543041178891e+01
5.081016203240648288e+00,1.418369081227747763e+01
5.083016603320664295e+00,1.418370619320260850e+01
5.085017003400680302e+00,1.418372157318389171e+01
5.087017403480696309e+00,1.418373695223324482e+01
5.089017803560712316e+00,1.418375233034263516e+01
5.091018203640728323e+00,1.418376770752082194e+01
5.093018603720744331e+00,1.418378308377479691e+01
5.095019003800760338e+00,1.418379845910304482e+01
5.097019403880776345e+00,1.418381383350227942e+01
5.099019803960792352e+00,1.418382920698965322e+01
5.101020204040808359e+00,1.418384457955390587e+01
5.103020604120824366e+00,1.418385995121312604e+01
5.105021004200840373e+00,1.418387532194715384e+01
5.107021404280856380e+00,1.418389069178339845e+01
5.109021804360872387e+00,1.418390606070211390e+01
5.111022204440888395e+00,1.418392142872756168e+01
5.113022604520904402e+00,1.418393679584624323e+01
5.115023004600920409e+00,1.418395216206951659e+01
5.117023404680936416e+00,1.418396752739748479e+01
5.119023804760952423e+00,1.418398289183340033e+01
5.121024204840968430e+00,1.418399825537830594e+01
5.123024604920984437e+00,1.418401361803517702e+01
5.125025005001000444e+00,1.418402897980987909e+01
5.127025405081016451e+00,1.418404434069841358e+01
5.129025805161032459e+00,1.418405970071086308e+01
5.131026205241048466e+00,1.418407505985206640e+01
5.133026605321064473e+00,1.418409041810361693e+01
5.135027005401080480e+00,1.418410577549025042e+01
5.137027405481096487e+00,1.418412113201062219e+01
5.139027805561112494e+00,1.418413648766228796e+01
5.141028205641128501e+00,1.418415184244925520e+01
5.143028605721144508e+00,1.418416719637619039e+01
5.145029005801160515e+00,1.418418254944622170e+01
5.147029405881176523e+00,1.418419790164977279e+01
5.149029805961192530e+00,1.418421325300478131e+01
5.151030206041208537e+00,1.418422860351011749e+01
5.153030606121224544e+00,1.418424395316496955e+01
5.155031006201240551e+00,1.418425930196675111e+01
5.157031406281256558e+00,1.418427464993344600e+01
5.159031806361272565e+00,1.418428999705074034e+01
5.161032206441288572e+00,1.418430534332934556e+01
5.163032606521304579e+00,1.418432068876764340e+01
5.165033006601320587e+00,1.418433603338325000e+01
5.167033406681336594e+00,1.418435137714844707e+01
5.169033806761352601e+00,1.418436672009555899e+01
5.171034206841368608e+00,1.418438206221141584e+01
5.173034606921384615e+00,1.418439740349866618e+01
5.175035007001400622e+00,1.418441274396021257e+01
5.177035407081416629e+00,1.418442808360419072e+01
5.179035807161432636e+00,1.418444342243255996e+01
5.181036207241448643e+00,1.418445876043578835e+01
5.183036607321464651e+00,1.418447409763083122e+01
5.185037007401480658e+00,1.418448943400848528e+01
5.187037407481496665e+00,1.418450476958292938e+01
5.189037807561512672e+00,1.418452010434226196e+01
5.191038207641528679e+00,1.418453543830212737e+01
5.193038607721544686e+00,1.418455077144918697e+01
5.195039007801560693e+00,1.418456610380132155e+01
5.197039407881576700e+00,1.418458143534909865e+01
5.199039807961592707e+00,1.418459676610512865e+01
5.201040208041608714e+00,1.418461209606575046e+01
5.203040608121624722e+00,1.418462742523058573e+01
5.205041008201640729e+00,1.418464275360649118e+01
5.207041408281656736e+00,1.418465808119101013e+01
5.209041808361672743e+00,1.418467340799536380e+01
5.211042208441688750e+00,1.418468873401142183e+01
5.213042608521704757e+00,1.418470405924147215e+01
5.215043008601720764e+00,1.418471938369268415e+01
5.217043408681736771e+00,1.418473470736149444e+01
5.219043808761752778e+00,1.418475003026263259e+01
5.221044208841768786e+00,1.418476535237711822e+01
5.223044608921784793e+00,1.418478067373277263e+01
5.225045009001800800e+00,1.418479599431214844e+01
5.227045409081816807e+00,1.418481131412819707e+01
5.229045809161832814e+00,1.418482663317593229e+01
5.231046209241848821e+00,1.418484195144425541e+01
5.233046609321864828e+00,1.418485726896314958e+01
5.235047009401879947e+00,1.418487258573053289e+01
5.237047409481895954e+00,1.418488790172575698e+01
5.239047809561911961e+00,1.418490321696041256e+01
5.241048209641927969e+00,1.418491853145020798e+01
5.243048609721943976e+00,1.418493384518305689e+01
5.245049009801959983e+00,1.418494915816937230e+01
5.247049409881975990e+00,1.418496447040049624e+01
5.249049809961991997e+00,1.418497978188674224e+01
5.251050210042008004e+00,1.418499509263490843e+01
5.253050610122024011e+00,1.418501040262920476e+01
5.255051010202040018e+00,1.418502571189157102e+01
5.257051410282056025e+00,1.418504102040759207e+01
5.259051810362072032e+00,1.418505632818364859e+01
5.261052210442088040e+00,1.418507163522184022e+01
5.263052610522104047e+00,1.418508694153871019e+01
5.265053010602120054e+00,1.418510224710383838e+01
5.267053410682136061e+00,1.418511755194950119e+01
5.269053810762152068e+00,1.418513285606936947e+01
5.271054210842168075e+00,1.418514815945964180e+01
5.273054610922184082e+00,1.418516346212180856e+01
5.275055011002200089e+00,1.418517876406004241e+01
5.277055411082216096e+00,1.418519406527734361e+01
5.279055811162232104e+00,1.418520936577799141e+01
5.281056211242248111e+00,1.418522466555426575e+01
5.283056611322264118e+00,1.418523996461526337e+01
5.285057011402280125e+00,1.418525526296791028e+01
5.287057411482296132e+00,1.418527056060467473e+01
5.289057811562312139e+00,1.418528585751711724e+01
5.291058211642328146e+00,1.418530115373209810e+01
5.293058611722344153e+00,1.418531644922741286e+01
5.295059011802360160e+00,1.418533174402943509e+01
5.297059411882376168e+00,1.418534703812983544e+01
5.299059811962392175e+00,1.418536233151772841e+01
5.301060212042408182e+00,1.418537762419605741e+01
5.303060612122424189e+00,1.418539291618897913e+01
5.305061012202440196e+00,1.418540820747750075e+01
5.307061412282456203e+00,1.418542349806732794e+01
5.309061812362472210e+00,1.418543878796339541e+01
5.311062212442488217e+00,1.418545407717022222e+01
5.313062612522504224e+00,1.418546936568356820e+01
5.315063012602520232e+00,1.418548465350038157e+01
5.317063412682536239e+00,1.418549994063700126e+01
5.319063812762552246e+00,1.418551522708478885e+01
5.321064212842568253e+00,1.418553051283843658e+01
5.323064612922584260e+00,1.418554579791119075e+01
5.325065013002600267e+00,1.418556108230409940e+01
5.327065413082616274e+00,1.418557636601734373e+01
5.329065813162632281e+00,1.418559164904787728e+01
5.331066213242648288e+00,1.418560693140368123e+01
5.333066613322664296e+00,1.418562221307591287e+01
5.335067013402680303e+00,1.418563749408974139e+01
5.337067413482696310e+00,1.418565277441202355e+01
5.339067813562712317e+00,1.418566805406951303e+01
5.341068213642728324e+00,1.418568333306023277e+01
5.343068613722744331e+00,1.418569861137297572e+01
5.345069013802760338e+00,1.418571388902788399e+01
5.347069413882776345e+00,1.418572916600978040e+01
5.349069813962792352e+00,1.418574444233220966e+01
5.351070214042808360e+00,1.418575971798758673e+01
5.353070614122824367e+00,1.418577499297935418e+01
5.355071014202840374e+00,1.418579026731392290e+01
5.357071414282856381e+00,1.418580554099133018e+01
5.359071814362872388e+00,1.418582081400978190e+01
5.361072214442888395e+00,1.418583608637891835e+01
5.363072614522904402e+00,1.418585135808323017e+01
5.365073014602920409e+00,1.418586662913780572e+01
5.367073414682936416e+00,1.418588189953778844e+01
5.369073814762952424e+00,1.418589716929121103e+01
5.371074214842968431e+00,1.418591243838530858e+01
5.373074614922984438e+00,1.418592770685165583e+01
5.375075015003000445e+00,1.418594297465568133e+01
5.377075415083016452e+00,1.418595824182510867e+01
5.379075815163032459e+00,1.418597350834412119e+01
5.381076215243048466e+00,1.418598877422297200e+01
5.383076615323064473e+00,1.418600403946383182e+01
5.385077015403080480e+00,1.418601930406613043e+01
5.387077415483096487e+00,1.418603456803276330e+01
5.389077815563112495e+00,1.418604983134766329e+01
5.391078215643128502e+00,1.418606509403936577e+01
5.393078615723144509e+00,1.418608035608875184e+01
5.395079015803160516e+00,1.418609561751403447e+01
5.397079415883176523e+00,1.418611087830772455e+01
5.399079815963192530e+00,1.418612613846346981e+01
5.401080216043208537e+00,1.418614139799410978e+01
5.403080616123224544e+00,1.418615665689439354e+01
5.405081016203240551e+00,1.418617191517061649e+01
5.407081416283256559e+00,1.418618717282751973e+01
5.409081816363272566e+00,1.418620242985223889e+01
5.411082216443288573e+00,1.418621768626116086e+01
5.413082616523304580e+00,1.418623294204130048e+01
5.415083016603320587e+00,1.418624819720440833e+01
5.417083416683336594e+00,1.418626345175110615e+01
5.419083816763352601e+00,1.418627870567457627e+01
5.421084216843368608e+00,1.418629395898836343e+01
5.423084616923384615e+00,1.418630921168611536e+01
5.425085017003400623e+00,1.418632446376386547e+01
5.427085417083416630e+00,1.418633971522987025e+01
5.429085817163432637e+00,1.418635496608748348e+01
5.431086217243448644e+00,1.418637021634271811e+01
5.433086617323464651e+00,1.418638546597193439e+01
5.435087017403480658e+00,1.418640071500124655e+01
5.437087417483496665e+00,1.418641596342604849e+01
5.439087817563512672e+00,1.418643121124197926e+01
5.441088217643528679e+00,1.418644645845817287e+01
5.443088617723544687e+00,1.418646170507424387e+01
5.445089017803560694e+00,1.418647695107675055e+01
5.447089417883576701e+00,1.418649219647787518e+01
5.449089817963592708e+00,1.418650744128360941e+01
5.451090218043608715e+00,1.418652268549773510e+01
5.453090618123624722e+00,1.418653792911141132e+01
5.455091018203640729e+00,1.418655317212141398e+01
5.457091418283656736e+00,1.418656841454222928e+01
5.459091818363672743e+00,1.418658365636641072e+01
5.461092218443688751e+00,1.418659889760063209e+01
5.463092618523704758e+00,1.418661413824542095e+01
5.465093018603720765e+00,1.418662937829279080e+01
5.467093418683736772e+00,1.418664461774841357e+01
5.469093818763752779e+00,1.418665985662730655e+01
5.471094218843768786e+00,1.418667509490556888e+01
5.473094618923784793e+00,1.418669033260665913e+01
5.475095019003800800e+00,1.418670556972528196e+01
5.477095419083816807e+00,1.418672080625083076e+01
5.479095819163832815e+00,1.418673604219944373e+01
5.481096219243848822e+00,1.418675127756545784e+01
5.483096619323864829e+00,1.418676651234207675e+01
5.485097019403880836e+00,1.418678174655584989e+01
5.487097419483896843e+00,1.418679698017803759e+01
5.489097819563912850e+00,1.418681221322318997e+01
5.491098219643928857e+00,1.418682744570001830e+01
5.493098619723944864e+00,1.418684267759048900e+01
5.495099019803960871e+00,1.418685790890565457e+01
5.497099419883976879e+00,1.418687313965559404e+01
5.499099819963992886e+00,1.418688836983611701e+01
5.501100220044008893e+00,1.418690359943548351e+01
5.503100620124024900e+00,1.418691882847547525e+01
5.505101020204040907e+00,1.418693405693239029e+01
5.507101420284056914e+00,1.418694928483486173e+01
5.509101820364072921e+00,1.418696451216352372e+01
5.511102220444088928e+00,1.418697973892534314e+01
5.513102620524104935e+00,1.418699496512160252e+01
5.515103020604120942e+00,1.418701019074667258e+01
5.517103420684136950e+00,1.418702541581843768e+01
5.519103820764152957e+00,1.418704064033794232e+01
5.521104220844168964e+00,1.418705586427586951e+01
5.523104620924184971e+00,1.418707108766413150e+01
5.525105021004200978e+00,1.418708631049203284e+01
5.527105421084216985e+00,1.418710153275758756e+01
5.529105821164232992e+00,1.418711675447798726e+01
5.531106221244248999e+00,1.418713197561724293e+01
5.533106621324265006e+00,1.418714719622674991e+01
5.535107021404281014e+00,1.418716241626389696e+01
5.537107421484297021e+00,1.418717763575942392e+01
5.539107821564313028e+00,1.418719285470375446e+01
5.541108221644329035e+00,1.418720807308221588e+01
5.543108621724345042e+00,1.418722329091601253e+01
5.545109021804361049e+00,1.418723850821350574e+01
5.547109421884377056e+00,1.418725372494675163e+01
5.549109821964393063e+00,1.418726894114053039e+01
5.551110222044409070e+00,1.418728415678110188e+01
5.553110622124425078e+00,1.418729937187686829e+01
5.555111022204441085e+00,1.418731458643025789e+01
5.557111422284457092e+00,1.418732980044109127e+01
5.559111822364473099e+00,1.418734501390252589e+01
5.561112222444489106e+00,1.418736022683019904e+01
5.563112622524505113e+00,1.418737543921380251e+01
5.565113022604521120e+00,1.418739065105339492e+01
5.567113422684537127e+00,1.418740586235686685e+01
5.569113822764553134e+00,1.418742107312083611e+01
5.571114222844569142e+00,1.418743628334535245e+01
5.573114622924585149e+00,1.418745149303187603e+01
5.575115023004601156e+00,1.418746670219123551e+01
5.577115423084617163e+00,1.418748191080320531e+01
5.579115823164633170e+00,1.418749711888854392e+01
5.581116223244649177e+00,1.418751232644263105e+01
5.583116623324665184e+00,1.418752753345195750e+01
5.585117023404681191e+00,1.418754273994309045e+01
5.587117423484697198e+00,1.418755794590047437e+01
5.589117823564713206e+00,1.418757315132036290e+01
5.591118223644729213e+00,1.418758835622611159e+01
5.593118623724745220e+00,1.418760356058720085e+01
5.595119023804761227e+00,1.418761876442817282e+01
5.597119423884777234e+00,1.418763396774474650e+01
5.599119823964793241e+00,1.418764917053989194e+01
5.601120224044809248e+00,1.418766437280048009e+01
5.603120624124825255e+00,1.418767957454113215e+01
5.605121024204841262e+00,1.418769477576103810e+01
5.607121424284857270e+00,1.418770997645613008e+01
5.609121824364873277e+00,1.418772517662455712e+01
5.611122224444889284e+00,1.418774037628904949e+01
5.613122624524905291e+00,1.418775557542334731e+01
5.615123024604921298e+00,1.418777077403572129e+01
5.617123424684937305e+00,1.418778597214113546e+01
5.619123824764953312e+00,1.418780116972028438e+01
5.621124224844969319e+00,1.418781636677543112e+01
5.623124624924985326e+00,1.418783156332687589e+01
5.625125025005001334e+00,1.418784675936568895e+01
5.627125425085017341e+00,1.418786195488067925e+01
5.629125825165033348e+00,1.418787714989340287e+01
5.631126225245049355e+00,1.418789234438913915e+01
5.633126625325065362e+00,1.418790753837440555e+01
5.635127025405081369e+00,1.418792273184451425e+01
5.637127425485097376e+00,1.418793792480313876e+01
5.639127825565113383e+00,1.418795311725509301e+01
5.641128225645129390e+00,1.418796830919934671e+01
5.643128625725145397e+00,1.418798350064405334e+01
5.645129025805161405e+00,1.418799869157209770e+01
5.647129425885177412e+00,1.418801388199522506e+01
5.649129825965193419e+00,1.418802907191899898e+01
5.651130226045209426e+00,1.418804426133212537e+01
5.653130626125225433e+00,1.418805945024712578e+01
5.655131026205241440e+00,1.418807463865358365e+01
5.657131426285257447e+00,1.418808982655273176e+01
5.659131826365273454e+00,1.418810501396653301e+01
5.661132226445289461e+00,1.418812020087063885e+01
5.663132626525305469e+00,1.418813538726841017e+01
5.665133026605321476e+00,1.418815057317729789e+01
5.667133426685337483e+00,1.418816575858912010e+01
5.669133826765353490e+00,1.418818094349481918e+01
5.671134226845369497e+00,1.418819612790808016e+01
5.673134626925385504e+00,1.418821131182796869e+01
5.675135027005401511e+00,1.418822649525167989e+01
5.677135427085417518e+00,1.418824167817957438e+01
5.679135827165433525e+00,1.418825686061114943e+01
5.681136227245449533e+00,1.418827204255112839e+01
5.683136627325465540e+00,1.418828722399399389e+01
5.685137027405481547e+00,1.418830240494081707e+01
5.687137427485497554e+00,1.418831758541796084e+01
5.689137827565513561e+00,1.418833276538726906e+01
5.691138227645528680e+00,1.418834794487234596e+01
5.693138627725544687e+00,1.418836312386685883e+01
5.695139027805560694e+00,1.418837830237848863e+01
5.697139427885576701e+00,1.418839348040123838e+01
5.699139827965592708e+00,1.418840865793704786e+01
5.701140228045608715e+00,1.418842383498109072e+01
5.703140628125624723e+00,1.418843901155260134e+01
5.705141028205640730e+00,1.418845418762272459e+01
5.707141428285656737e+00,1.418846936322143826e+01
5.709141828365672744e+00,1.418848453833620660e+01
5.711142228445688751e+00,1.418849971296219792e+01
5.713142628525704758e+00,1.418851488710820519e+01
5.715143028605720765e+00,1.418853006077787171e+01
5.717143428685736772e+00,1.418854523395941847e+01
5.719143828765752779e+00,1.418856040667259144e+01
5.721144228845768787e+00,1.418857557889542420e+01
5.723144628925784794e+00,1.418859075064683140e+01
5.725145029005800801e+00,1.418860592192406500e+01
5.727145429085816808e+00,1.418862109272065197e+01
5.729145829165832815e+00,1.418863626303952508e+01
5.731146229245848822e+00,1.418865143288562791e+01
5.733146629325864829e+00,1.418866660225328680e+01
5.735147029405880836e+00,1.418868177114456586e+01
5.737147429485896843e+00,1.418869693956719402e+01
5.739147829565912851e+00,1.418871210751680678e+01
5.741148229645928858e+00,1.418872727499324604e+01
5.743148629725944865e+00,1.418874244200293333e+01
5.745149029805960872e+00,1.418875760853103785e+01
5.747149429885976879e+00,1.418877277460001096e+01
5.749149829965992886e+00,1.418878794019387790e+01
5.751150230046008893e+00,1.418880310531706535e+01
5.753150630126024900e+00,1.418881826998011775e+01
5.755151030206040907e+00,1.418883343416859688e+01
5.757151430286056915e+00,1.418884859789281450e+01
5.759151830366072922e+00,1.418886376114864234e+01
5.761152230446088929e+00,1.418887892394598360e+01
5.763152630526104936e+00,1.418889408627400961e+01
5.765153030606120943e+00,1.418890924813403664e+01
5.767153430686136950e+00,1.418892440953632317e+01
5.769153830766152957e+00,1.418893957046911503e+01
5.771154230846168964e+00,1.418895473094221416e+01
5.773154630926184971e+00,1.418896989095517824e+01
5.775155031006200979e+00,1.418898505051116388e+01
5.777155431086216986e+00,1.418900020959635455e+01
5.779155831166232993e+00,1.418901536823095277e+01
5.781156231246249000e+00,1.418903052640181350e+01
5.783156631326265007e+00,1.418904568411877065e+01
5.785157031406281014e+00,1.418906084137632995e+01
5.787157431486297021e+00,1.418907599817188547e+01
5.789157831566313028e+00,1.418909115451698000e+01
5.791158231646329035e+00,1.418910631039807058e+01
5.793158631726345043e+00,1.418912146583434186e+01
5.795159031806361050e+00,1.418913662080103144e+01
5.797159431886377057e+00,1.418915177532982064e+01
5.799159831966393064e+00,1.418916692939931146e+01
5.801160232046409071e+00,1.418918208300951100e+01
5.803160632126425078e+00,1.418919723617933393e+01
5.805161032206441085e+00,1.418921238888864167e+01
5.807161432286457092e+00,1.418922754114387352e+01
5.809161832366473099e+00,1.418924269295403384e+01
5.811162232446489107e+00,1.418925784431920611e+01
5.813162632526505114e+00,1.418927299523716634e+01
5.815163032606521121e+00,1.418928814569225239e+01
5.817163432686537128e+00,1.418930329570294901e+01
5.819163832766553135e+00,1.418931844527566177e+01
5.821164232846569142e+00,1.418933359439146713e+01
5.823164632926585149e+00,1.418934874306753713e+01
5.825165033006601156e+00,1.418936389129513387e+01
5.827165433086617163e+00,1.418937903908120468e+01
5.829165833166633170e+00,1.418939418641521932e+01
5.831166233246649178e+00,1.418940933330685006e+01
5.833166633326665185e+00,1.418942447976256638e+01
5.835167033406681192e+00,1.418943962576564211e+01
5.837167433486697199e+00,1.418945477133446609e+01
5.839167833566713206e+00,1.418946991646357958e+01
5.841168233646729213e+00,1.418948506114128527e+01
5.843168633726745220e+00,1.418950020539163326e+01
5.845169033806761227e+00,1.418951534918979718e+01
5.847169433886777234e+00,1.418953049255705956e+01
5.849169833966793242e+00,1.418954563548546055e+01
5.851170234046809249e+00,1.418956077797005477e+01
5.853170634126825256e+00,1.418957592002401391e+01
5.855171034206841263e+00,1.418959106163497630e+01
5.857171434286857270e+00,1.418960620281096219e+01
5.859171834366873277e+00,1.418962134355089333e+01
5.861172234446889284e+00,1.418963648386122678e+01
5.863172634526905291e+00,1.418965162373015687e+01
5.865173034606921298e+00,1.418966676316222930e+01
5.867173434686937306e+00,1.418968190217231751e+01
5.869173834766953313e+00,1.418969704074587312e+01
5.871174234846969320e+00,1.418971217888077341e+01
5.873174634926985327e+00,1.418972731658650588e+01
5.875175035007001334e+00,1.418974245386699806e+01
5.877175435087017341e+00,1.418975759070307419e+01
5.879175835167033348e+00,1.418977272712315774e+01
5.881176235247049355e+00,1.418978786310297835e+01
5.883176635327065362e+00,1.418980299865902595e+01
5.885177035407081370e+00,1.418981813378458057e+01
5.887177435487097377e+00,1.418983326848380244e+01
5.889177835567113384e+00,1.418984840276210946e+01
5.891178235647129391e+00,1.418986353660929289e+01
5.893178635727145398e+00,1.418987867002510761e+01
5.895179035807161405e+00,1.418989380301763426e+01
5.897179435887177412e+00,1.418990893558405553e+01
5.899179835967193419e+00,1.418992406772699866e+01
5.901180236047209426e+00,1.418993919944452209e+01
5.903180636127225434e+00,1.418995433074312906e+01
5.905181036207241441e+00,1.418996946161290218e+01
5.907181436287257448e+00,1.418998459206100193e+01
5.909181836367273455e+00,1.418999972208870908e+01
5.911182236447289462e+00,1.419001485170158539e+01
5.913182636527305469e+00,1.419002998088341450e+01
5.915183036607321476e+00,1.419004510965014454e+01
5.917183436687337483e+00,1.419006023799754956e+01
5.919183836767353490e+00,1.419007536592113539e+01
5.921184236847369498e+00,1.419009049342200157e+01
5.923184636927385505e+00,1.419010562051536439e+01
5.925185037007401512e+00,1.419012074718128424e+01
5.927185437087417519e+00,1.419013587344175420e+01
5.929185837167433526e+00,1.419015099927836054e+01
5.931186237247449533e+00,1.419016612469775396e+01
5.933186637327465540e+00,1.419018124970599182e+01
5.935187037407481547e+00,1.419019637429953029e+01
5.937187437487497554e+00,1.419021149846604501e+01
5.939187837567513562e+00,1.419022662223182252e+01
5.941188237647529569e+00,1.419024174557853790e+01
5.943188637727545576e+00,1.419025686851837698e+01
5.945189037807561583e+00,1.419027199104437287e+01
5.947189437887577590e+00,1.419028711315075952e+01
5.949189837967593597e+00,1.419030223485009223e+01
5.951190238047609604e+00,1.419031735613893375e+01
5.953190638127625611e+00,1.419033247701150557e+01
5.955191038207641618e+00,1.419034759748801733e+01
5.957191438287657625e+00,1.419036271754358225e+01
5.959191838367673633e+00,1.419037783718839485e+01
5.961192238447689640e+00,1.419039295642910758e+01
5.963192638527705647e+00,1.419040807526362791e+01
5.965193038607721654e+00,1.419042319369330940e+01
5.967193438687737661e+00,1.419043831171171988e+01
5.969193838767753668e+00,1.419045342931403297e+01
5.971194238847769675e+00,1.419046854652189182e+01
5.973194638927785682e+00,1.419048366332758526e+01
5.975195039007801689e+00,1.419049877972405760e+01
5.977195439087817697e+00,1.419051389571668942e+01
5.979195839167833704e+00,1.419052901129523292e+01
5.981196239247849711e+00,1.419054412648707419e+01
5.983196639327865718e+00,1.419055924126751655e+01
5.985197039407881725e+00,1.419057435564973524e+01
5.987197439487897732e+00,1.419058946962263335e+01
5.989197839567913739e+00,1.419060458320290508e+01
5.991198239647929746e+00,1.419061969637623477e+01
5.993198639727945753e+00,1.419063480914694075e+01
5.995199039807961761e+00,1.419064992153225724e+01
5.997199439887977768e+00,1.419066503350033592e+01
5.999199839967993775e+00,1.419068014507440090e+01
6.001200240048009782e+00,1.419069525625313055e+01
6.003200640128025789e+00,1.419071036703743438e+01
6.005201040208041796e+00,1.419072547741454393e+01
6.007201440288057803e+00,1.419074058740256028e+01
6.009201840368073810e+00,1.419075569698973815e+01
6.011202240448089817e+00,1.419077080618409781e+01
6.013202640528105825e+00,1.419078591497831354e+01
6.015203040608121832e+00,1.419080102337560945e+01
6.017203440688137839e+00,1.419081613138638787e+01
6.019203840768153846e+00,1.419083123900307442e+01
6.021204240848169853e+00,1.419084634622315910e+01
6.023204640928185860e+00,1.419086145304821400e+01
6.025205041008201867e+00,1.419087655948372451e+01
6.027205441088217874e+00,1.419089166552239867e+01
6.029205841168233881e+00,1.419090677116644095e+01
6.031206241248249889e+00,1.419092187642668712e+01
6.033206641328265896e+00,1.419093698129665349e+01
6.035207041408281903e+00,1.419095208577504330e+01
6.037207441488297910e+00,1.419096718986501315e+01
6.039207841568313917e+00,1.419098229356115048e+01
6.041208241648329924e+00,1.419099739687037420e+01
6.043208641728345931e+00,1.419101249979459389e+01
6.045209041808361938e+00,1.419102760232348004e+01
6.047209441888377945e+00,1.419104270447172489e+01
6.049209841968393953e+00,1.419105780622719593e+01
6.051210242048409960e+00,1.419107290759610507e+01
6.053210642128425967e+00,1.419108800858470865e+01
6.055211042208441974e+00,1.419110310918538786e+01
6.057211442288457981e+00,1.419111820939842517e+01
6.059211842368473988e+00,1.419113330923678973e+01
6.061212242448489995e+00,1.419114840867728233e+01
6.063212642528506002e+00,1.419116350773913560e+01
6.065213042608522009e+00,1.419117860641469875e+01
6.067213442688538017e+00,1.419119370471317687e+01
6.069213842768554024e+00,1.419120880262786066e+01
6.071214242848570031e+00,1.419122390016448598e+01
6.073214642928586038e+00,1.419123899730656468e+01
6.075215043008602045e+00,1.419125409407728355e+01
6.077215443088618052e+00,1.419126919046060564e+01
6.079215843168634059e+00,1.419128428647259987e+01
6.081216243248650066e+00,1.419129938210546804e+01
6.083216643328666073e+00,1.419131447735109042e+01
6.085217043408682080e+00,1.419132957222375246e+01
6.087217443488698088e+00,1.419134466671930817e+01
6.089217843568714095e+00,1.419135976082978878e+01
6.091218243648730102e+00,1.419137485456903214e+01
6.093218643728746109e+00,1.419138994793228470e+01
6.095219043808762116e+00,1.419140504091567045e+01
6.097219443888778123e+00,1.419142013352350773e+01
6.099219843968794130e+00,1.419143522575841310e+01
6.101220244048810137e+00,1.419145031761179254e+01
6.103220644128826144e+00,1.419146540909209797e+01
6.105221044208842152e+00,1.419148050020515939e+01
6.107221444288858159e+00,1.419149559093148127e+01
6.109221844368874166e+00,1.419151068129532156e+01
6.111222244448890173e+00,1.419152577128905612e+01
6.113222644528906180e+00,1.419154086090253664e+01
6.115223044608922187e+00,1.419155595014639104e+01
6.117223444688938194e+00,1.419157103901738637e+01
6.119223844768954201e+00,1.419158612751814985e+01
6.121224244848970208e+00,1.419160121564707389e+01
6.123224644928986216e+00,1.419161630341063329e+01
6.125225045009002223e+00,1.419163139080190206e+01
6.127225445089018230e+00,1.419164647782682565e+01
6.129225845169034237e+00,1.419166156446626026e+01
6.131226245249050244e+00,1.419167665076063223e+01
6.133226645329066251e+00,1.419169173667201456e+01
6.135227045409082258e+00,1.419170682221186830e+01
6.137227445489098265e+00,1.419172190739672779e+01
6.139227845569114272e+00,1.419173699221638962e+01
6.141228245649130280e+00,1.419175207665394822e+01
6.143228645729146287e+00,1.419176716073977218e+01
6.145229045809161406e+00,1.419178224446416436e+01
6.147229445889177413e+00,1.419179732781329584e+01
6.149229845969193420e+00,1.419181241079542843e+01
6.151230246049209427e+00,1.419182749341363703e+01
6.153230646129225434e+00,1.419184257567649432e+01
6.155231046209241441e+00,1.419185765757051598e+01
6.157231446289257448e+00,1.419187273910822533e+01
6.159231846369273455e+00,1.419188782027961615e+01
6.161232246449289462e+00,1.419190290108135954e+01
6.163232646529305470e+00,1.419191798152769302e+01
6.165233046609321477e+00,1.419193306161568557e+01
6.167233446689337484e+00,1.419194814134417371e+01
6.169233846769353491e+00,1.419196322071020333e+01
6.171234246849369498e+00,1.419197829970929092e+01
6.173234646929385505e+00,1.419199337835462060e+01
6.175235047009401512e+00,1.419200845664093613e+01
6.177235447089417519e+00,1.419202353456607213e+01
6.179235847169433526e+00,1.419203861214110773e+01
6.181236247249449534e+00,1.419205368934984435e+01
6.183236647329465541e+00,1.419206876620649638e+01
6.185237047409481548e+00,1.419208384270486434e+01
6.187237447489497555e+00,1.419209891884078090e+01
6.189237847569513562e+00,1.419211399462535717e+01
6.191238247649529569e+00,1.419212907005888624e+01
6.193238647729545576e+00,1.419214414513242417e+01
6.195239047809561583e+00,1.419215921984705808e+01
6.197239447889577590e+00,1.419217429421508037e+01
6.199239847969593598e+00,1.419218936822110777e+01
6.201240248049609605e+00,1.419220444188200680e+01
6.203240648129625612e+00,1.419221951518561831e+01
6.205241048209641619e+00,1.419223458813907968e+01
6.207241448289657626e+00,1.419224966073512384e+01
6.209241848369673633e+00,1.419226473298527935e+01
6.211242248449689640e+00,1.419227980487844576e+01
6.213242648529705647e+00,1.419229487642122578e+01
6.215243048609721654e+00,1.419230994761812958e+01
6.217243448689737662e+00,1.419232501845955774e+01
6.219243848769753669e+00,1.419234008895852206e+01
6.221244248849769676e+00,1.419235515909503320e+01
6.223244648929785683e+00,1.419237022889090127e+01
6.225245049009801690e+00,1.419238529834621687e+01
6.227245449089817697e+00,1.419240036743906330e+01
6.229245849169833704e+00,1.419241543619439661e+01
6.231246249249849711e+00,1.419243050459664701e+01
6.233246649329865718e+00,1.419244557264967632e+01
6.235247049409881726e+00,1.419246064036683919e+01
6.237247449489897733e+00,1.419247570772692768e+01
6.239247849569913740e+00,1.419249077474461451e+01
6.241248249649929747e+00,1.419250584141124172e+01
6.243248649729945754e+00,1.419252090774202024e+01
6.245249049809961761e+00,1.419253597373428200e+01
6.247249449889977768e+00,1.419255103937382856e+01
6.249249849969993775e+00,1.419256610466614177e+01
6.251250250050009782e+00,1.419258116961068872e+01
6.253250650130025790e+00,1.419259623422270700e+01
6.255251050210041797e+00,1.419261129848631597e+01
6.257251450290057804e+00,1.419262636241517939e+01
6.259251850370073811e+00,1.419264142600400724e+01
6.261252250450089818e+00,1.419265648925069279e+01
6.263252650530105825e+00,1.419267155214594034e+01
6.265253050610121832e+00,1.419268661470985826e+01
6.267253450690137839e+00,1.419270167692638296e+01
6.269253850770153846e+00,1.419271673880759721e+01
6.271254250850169853e+00,1.419273180035011350e+01
6.273254650930185861e+00,1.419274686155233667e+01
6.275255051010201868e+00,1.419276192241669499e+01
6.277255451090217875e+00,1.419277698294543733e+01
6.279255851170233882e+00,1.419279204313257914e+01
6.281256251250249889e+00,1.419280710298569481e+01
6.283256651330265896e+00,1.419282216249350448e+01
6.285257051410281903e+00,1.419283722167782003e+01
6.287257451490297910e+00,1.419285228051932890e+01
6.289257851570313917e+00,1.419286733902565878e+01
6.291258251650329925e+00,1.419288239718996358e+01
6.293258651730345932e+00,1.419289745503045985e+01
6.295259051810361939e+00,1.419291251253515540e+01
6.297259451890377946e+00,1.419292756969853997e+01
6.299259851970393953e+00,1.419294262653239258e+01
6.301260252050409960e+00,1.419295768303190819e+01
6.303260652130425967e+00,1.419297273919855584e+01
6.305261052210441974e+00,1.419298779503244390e+01
6.307261452290457981e+00,1.419300285054153576e+01
6.309261852370473989e+00,1.419301790571132571e+01
6.311262252450489996e+00,1.419303296054875219e+01
6.313262652530506003e+00,1.419304801505513147e+01
6.315263052610522010e+00,1.419306306923812855e+01
6.317263452690538017e+00,1.419307812308964145e+01
6.319263852770554024e+00,1.419309317660539627e+01
6.321264252850570031e+00,1.419310822978582642e+01
6.323264652930586038e+00,1.419312328265190715e+01
6.325265053010602045e+00,1.419313833518224577e+01
6.327265453090618053e+00,1.419315338738084975e+01
6.329265853170634060e+00,1.419316843925372496e+01
6.331266253250650067e+00,1.419318349080897868e+01
6.333266653330666074e+00,1.419319854202267095e+01
6.335267053410682081e+00,1.419321359292079698e+01
6.337267453490698088e+00,1.419322864348234781e+01
6.339267853570714095e+00,1.419324369372711914e+01
6.341268253650730102e+00,1.419325874364964335e+01
6.343268653730746109e+00,1.419327379323215155e+01
6.345269053810762117e+00,1.419328884249668477e+01
6.347269453890778124e+00,1.419330389144647597e+01
6.349269853970794131e+00,1.419331894005552108e+01
6.351270254050810138e+00,1.419333398835603610e+01
6.353270654130826145e+00,1.419334903631574285e+01
6.355271054210842152e+00,1.419336408396790894e+01
6.357271454290858159e+00,1.419337913129460560e+01
6.359271854370874166e+00,1.419339417829933403e+01
6.361272254450890173e+00,1.419340922497839408e+01
6.363272654530906181e+00,1.419342427133456752e+01
6.365273054610922188e+00,1.419343931738179165e+01
6.367273454690938195e+00,1.419345436310090314e+01
6.369273854770954202e+00,1.419346940849309746e+01
6.371274254850970209e+00,1.419348445357563548e+01
6.373274654930986216e+00,1.419349949833568303e+01
6.375275055011002223e+00,1.419351454277208724e+01
6.377275455091018230e+00,1.419352958689173860e+01
6.379275855171034237e+00,1.419354463069330663e+01
6.381276255251050245e+00,1.419355967418182374e+01
6.383276655331066252e+00,1.419357471735176901e+01
6.385277055411082259e+00,1.419358976020107477e+01
6.387277455491098266e+00,1.419360480272742819e+01
6.389277855571114273e+00,1.419361984495102824e+01
6.391278255651130280e+00,1.419363488685261387e+01
6.393278655731146287e+00,1.419364992844223927e+01
6.395279055811162294e+00,1.419366496970756764e+01
6.397279455891178301e+00,1.419368001065862295e+01
6.399279855971194308e+00,1.419369505130176634e+01
6.401280256051210316e+00,1.419371009162806807e+01
6.403280656131226323e+00,1.419372513164438487e+01
6.405281056211242330e+00,1.419374017134428279e+01
6.407281456291258337e+00,1.419375521072259794e+01
6.409281856371274344e+00,1.419377024979653079e+01
6.411282256451290351e+00,1.419378528856006483e+01
6.413282656531306358e+00,1.419380032700721195e+01
6.415283056611322365e+00,1.419381536514814712e+01
6.417283456691338372e+00,1.419383040297393350e+01
6.419283856771354380e+00,1.419384544048849861e+01
6.421284256851370387e+00,1.419386047769576820e+01
6.423284656931386394e+00,1.419387551458025065e+01
6.425285057011402401e+00,1.419389055117204457e+01
6.427285457091418408e+00,1.419390558744822606e+01
6.429285857171434415e+00,1.419392062341387017e+01
6.431286257251450422e+00,1.419393565907038024e+01
6.433286657331466429e+00,1.419395069442192536e+01
6.435287057411482436e+00,1.419396572947068691e+01
6.437287457491498444e+00,1.419398076419407673e+01
6.439287857571514451e+00,1.419399579862821703e+01
6.441288257651530458e+00,1.419401083274202868e+01
6.443288657731546465e+00,1.419402586656366161e+01
6.445289057811562472e+00,1.419404090007332364e+01
6.447289457891578479e+00,1.419405593327316595e+01
6.449289857971594486e+00,1.419407096616531661e+01
6.451290258051610493e+00,1.419408599875253962e+01
6.453290658131626500e+00,1.419410103105202658e+01
6.455291058211642508e+00,1.419411606303415141e+01
6.457291458291658515e+00,1.419413109470972145e+01
6.459291858371674522e+00,1.419414612608352755e+01
6.461292258451690529e+00,1.419416115716278526e+01
6.463292658531706536e+00,1.419417618793371183e+01
6.465293058611722543e+00,1.419419121839550613e+01
6.467293458691738550e+00,1.419420624856068969e+01
6.469293858771754557e+00,1.419422127842391390e+01
6.471294258851770564e+00,1.419423630798862668e+01
6.473294658931786572e+00,1.419425133725075661e+01
6.475295059011802579e+00,1.419426636621722970e+01
6.477295459091818586e+00,1.419428139487012608e+01
6.479295859171834593e+00,1.419429642323206409e+01
6.481296259251850600e+00,1.419431145129478722e+01
6.483296659331866607e+00,1.419432647905575529e+01
6.485297059411882614e+00,1.419434150652266347e+01
6.487297459491898621e+00,1.419435653368093853e+01
6.489297859571914628e+00,1.419437156054979177e+01
6.491298259651930636e+00,1.419438658712298107e+01
6.493298659731946643e+00,1.419440161338936335e+01
6.495299059811962650e+00,1.419441663936495601e+01
6.497299459891978657e+00,1.419443166504354181e+01
6.499299859971994664e+00,1.419444669042358242e+01
6.501300260052010671e+00,1.419446171551471281e+01
6.503300660132026678e+00,1.419447674030018014e+01
6.505301060212042685e+00,1.419449176479915131e+01
6.507301460292058692e+00,1.419450678900208551e+01
6.509301860372074700e+00,1.419452181290971815e+01
6.511302260452090707e+00,1.419453683651443576e+01
6.513302660532106714e+00,1.419455185983234280e+01
6.515303060612122721e+00,1.419456688285840684e+01
6.517303460692138728e+00,1.419458190558778732e+01
6.519303860772154735e+00,1.419459692802152340e+01
6.521304260852170742e+00,1.419461195017392363e+01
6.523304660932186749e+00,1.419462697202707524e+01
6.525305061012202756e+00,1.419464199358923473e+01
6.527305461092218763e+00,1.419465701486136844e+01
6.529305861172234771e+00,1.419467203583802295e+01
6.531306261252250778e+00,1.419468705653189566e+01
6.533306661332266785e+00,1.419470207692206110e+01
6.535307061412282792e+00,1.419471709703896778e+01
6.537307461492298799e+00,1.419473211685684966e+01
6.539307861572314806e+00,1.419474713638313368e+01
6.541308261652330813e+00,1.419476215562842647e+01
6.543308661732346820e+00,1.419477717458468291e+01
6.545309061812362827e+00,1.419479219324862562e+01
6.547309461892378835e+00,1.419480721162546288e+01
6.549309861972394842e+00,1.419482222971515739e+01
6.551310262052410849e+00,1.419483724751597187e+01
6.553310662132426856e+00,1.419485226503572228e+01
6.555311062212442863e+00,1.419486728225490424e+01
6.557311462292458870e+00,1.419488229920975897e+01
6.559311862372474877e+00,1.419489731586812731e+01
6.561312262452490884e+00,1.419491233223528504e+01
6.563312662532506891e+00,1.419492734832210523e+01
6.565313062612522899e+00,1.419494236412517019e+01
6.567313462692538906e+00,1.419495737964881776e+01
6.569313862772554913e+00,1.419497239488245910e+01
6.571314262852570920e+00,1.419498740983331686e+01
6.573314662932586927e+00,1.419500242449700167e+01
6.575315063012602934e+00,1.419501743888473300e+01
6.577315463092618941e+00,1.419503245298095351e+01
6.579315863172634948e+00,1.419504746680534168e+01
6.581316263252650955e+00,1.419506248034809559e+01
6.583316663332666963e+00,1.419507749359296866e+01
6.585317063412682970e+00,1.419509250657533528e+01
6.587317463492698977e+00,1.419510751926522474e+01
6.589317863572714984e+00,1.419512253167870597e+01
6.591318263652730991e+00,1.419513754382205306e+01
6.593318663732746998e+00,1.419515255566514256e+01
6.595319063812763005e+00,1.419516756723740336e+01
6.597319463892779012e+00,1.419518257853942522e+01
6.599319863972795019e+00,1.419519758955804001e+01
6.601320264052810138e+00,1.419521260029657839e+01
6.603320664132826145e+00,1.419522761075047157e+01
6.605321064212842153e+00,1.419524262093736766e+01
6.607321464292858160e+00,1.419525763083764502e+01
6.609321864372874167e+00,1.419527264046707238e+01
6.611322264452890174e+00,1.419528764981518165e+01
6.613322664532906181e+00,1.419530265888669085e+01
6.615323064612922188e+00,1.419531766768450609e+01
6.617323464692938195e+00,1.419533267621113737e+01
6.619323864772954202e+00,1.419534768446152206e+01
6.621324264852970209e+00,1.419536269242845172e+01
6.623324664932986217e+00,1.419537770012114031e+01
6.625325065013002224e+00,1.419539270754725457e+01
6.627325465093018231e+00,1.419540771469913132e+01
6.629325865173034238e+00,1.419542272157500840e+01
6.631326265253050245e+00,1.419543772818039784e+01
6.633326665333066252e+00,1.419545273449992528e+01
6.635327065413082259e+00,1.419546774055731042e+01
6.637327465493098266e+00,1.419548274634371943e+01
6.639327865573114273e+00,1.419549775185570439e+01
6.641328265653130281e+00,1.419551275709615190e+01
6.643328665733146288e+00,1.419552776206836597e+01
6.645329065813162295e+00,1.419554276676483973e+01
6.647329465893178302e+00,1.419555777118772610e+01
6.649329865973194309e+00,1.419557277534485706e+01
6.651330266053210316e+00,1.419558777923278292e+01
6.653330666133226323e+00,1.419560278285103472e+01
6.655331066213242330e+00,1.419561778619544512e+01
6.657331466293258337e+00,1.419563278927818040e+01
6.659331866373274345e+00,1.419564779208907090e+01
6.661332266453290352e+00,1.419566279463413139e+01
6.663332666533306359e+00,1.419567779690167342e+01
6.665333066613322366e+00,1.419569279890919589e+01
6.667333466693338373e+00,1.419570780064835880e+01
6.669333866773354380e+00,1.419572280212527815e+01
6.671334266853370387e+00,1.419573780332883040e+01
6.673334666933386394e+00,1.419575280426899511e+01
6.675335067013402401e+00,1.419576780493622792e+01
6.677335467093418409e+00,1.419578280535036185e+01
6.679335867173434416e+00,1.419579780549254444e+01
6.681336267253450423e+00,1.419581280536514356e+01
6.683336667333466430e+00,1.419582780498095254e+01
6.685337067413482437e+00,1.419584280432687073e+01
6.687337467493498444e+00,1.419585780341171599e+01
6.689337867573514451e+00,1.419587280223746362e+01
6.691338267653530458e+00,1.419588780078785462e+01
6.693338667733546465e+00,1.419590279908837438e+01
6.695339067813562473e+00,1.419591779711779900e+01
6.697339467893578480e+00,1.419593279488659299e+01
6.699339867973594487e+00,1.419594779239694660e+01
6.701340268053610494e+00,1.419596278964378833e+01
6.703340668133626501e+00,1.419597778662367205e+01
6.705341068213642508e+00,1.419599278334919923e+01
6.707341468293658515e+00,1.419600777980853046e+01
6.709341868373674522e+00,1.419602277601460116e+01
6.711342268453690529e+00,1.419603777195389327e+01
6.713342668533706536e+00,1.419605276764220214e+01
6.715343068613722544e+00,1.419606776306936524e+01
6.717343468693738551e+00,1.419608275822866261e+01
6.719343868773754558e+00,1.419609775313037758e+01
6.721344268853770565e+00,1.419611274777838439e+01
6.723344668933786572e+00,1.419612774216488660e+01
6.725345069013802579e+00,1.419614273629368562e+01
6.727345469093818586e+00,1.419615773017230609e+01
6.729345869173834593e+00,1.419617272378615702e+01
6.731346269253850600e+00,1.419618771714834260e+01
6.733346669333866608e+00,1.419620271025579683e+01
6.735347069413882615e+00,1.419621770310490660e+01
6.737347469493898622e+00,1.419623269570203128e+01
6.739347869573914629e+00,1.419624768802556503e+01
6.741348269653930636e+00,1.419626268011210435e+01
6.743348669733946643e+00,1.419627767193823331e+01
6.745349069813962650e+00,1.419629266350945329e+01
6.747349469893978657e+00,1.419630765482749268e+01
6.749349869973994664e+00,1.419632264589237458e+01
6.751350270054010672e+00,1.419633763670672266e+01
6.753350670134026679e+00,1.419635262725812552e+01
6.755351070214042686e+00,1.419636761756560617e+01
6.757351470294058693e+00,1.419638260761467485e+01
6.759351870374074700e+00,1.419639759741412988e+01
6.761352270454090707e+00,1.419641258696089103e+01
6.763352670534106714e+00,1.419642757625519458e+01
6.765353070614122721e+00,1.419644256530488668e+01
6.767353470694138728e+00,1.419645755410255639e+01
6.769353870774154736e+00,1.419647254263633585e+01
6.771354270854170743e+00,1.419648753093099636e+01
6.773354670934186750e+00,1.419650251897363091e+01
6.775355071014202757e+00,1.419651750676645996e+01
6.777355471094218764e+00,1.419653249431980235e+01
6.779355871174234771e+00,1.419654748161084079e+01
6.781356271254250778e+00,1.419656246865583249e+01
6.783356671334266785e+00,1.419657745545395855e+01
6.785357071414282792e+00,1.419659244200619241e+01
6.787357471494298800e+00,1.419660742831146116e+01
6.789357871574314807e+00,1.419662241436477501e+01
6.791358271654330814e+00,1.419663740016728859e+01
6.793358671734346821e+00,1.419665238573067256e+01
6.795359071814362828e+00,1.419666737103784193e+01
6.797359471894378835e+00,1.419668235611170104e+01
6.799359871974394842e+00,1.419669734093528923e+01
6.801360272054410849e+00,1.419671232551242746e+01
6.803360672134426856e+00,1.419672730984165199e+01
6.805361072214442864e+00,1.419674229393167586e+01
6.807361472294458871e+00,1.419675727776966490e+01
6.809361872374474878e+00,1.419677226136851544e+01
6.811362272454490885e+00,1.419678724472209730e+01
6.813362672534506892e+00,1.419680222783862966e+01
6.815363072614522899e+00,1.419681721069609637e+01
6.817363472694538906e+00,1.419683219331477808e+01
6.819363872774554913e+00,1.419684717570307697e+01
6.821364272854570920e+00,1.419686215785080563e+01
6.823364672934586928e+00,1.419687713974495757e+01
6.825365073014602935e+00,1.419689212139522105e+01
6.827365473094618942e+00,1.419690710281388313e+01
6.829365873174634949e+00,1.419692208397780320e+01
6.831366273254650956e+00,1.419693706491469776e+01
6.833366673334666963e+00,1.419695204560865243e+01
6.835367073414682970e+00,1.419696702606396777e+01
6.837367473494698977e+00,1.419698200627087381e+01
6.839367873574714984e+00,1.419699698624579121e+01
6.841368273654730991e+00,1.419701196597200799e+01
6.843368673734746999e+00,1.419702694546594302e+01
6.845369073814763006e+00,1.419704192472175208e+01
6.847369473894779013e+00,1.419705690373334406e+01
6.849369873974795020e+00,1.419707188251771512e+01
6.851370274054811027e+00,1.419708686106135609e+01
6.853370674134827034e+00,1.419710183936116010e+01
6.855371074214843041e+00,1.419711681742693798e+01
6.857371474294859048e+00,1.419713179526319102e+01
6.859371874374875055e+00,1.419714677285598192e+01
6.861372274454891063e+00,1.419716175021326166e+01
6.863372674534907070e+00,1.419717672733576386e+01
6.865373074614923077e+00,1.419719170422028220e+01
6.867373474694939084e+00,1.419720668086965709e+01
6.869373874774955091e+00,1.419722165728382457e+01
6.871374274854971098e+00,1.419723663346950104e+01
6.873374674934987105e+00,1.419725160941786868e+01
6.875375075015003112e+00,1.419726658512834128e+01
6.877375475095019119e+00,1.419728156060703661e+01
6.879375875175035127e+00,1.419729653585249629e+01
6.881376275255051134e+00,1.419731151086303633e+01
6.883376675335067141e+00,1.419732648565014621e+01
6.885377075415083148e+00,1.419734146019656684e+01
6.887377475495099155e+00,1.419735643451451956e+01
6.889377875575115162e+00,1.419737140859254509e+01
6.891378275655131169e+00,1.419738638245249440e+01
6.893378675735147176e+00,1.419740135607327325e+01
6.895379075815163183e+00,1.419741632945771670e+01
6.897379475895179191e+00,1.419743130262015107e+01
6.899379875975195198e+00,1.419744627555150451e+01
6.901380276055211205e+00,1.419746124824950684e+01
6.903380676135227212e+00,1.419747622071903770e+01
6.905381076215243219e+00,1.419749119295727979e+01
6.907381476295259226e+00,1.419750616496957285e+01
6.909381876375275233e+00,1.419752113675471605e+01
6.911382276455291240e+00,1.419753610830811219e+01
6.913382676535307247e+00,1.419755107963418972e+01
6.915383076615323255e+00,1.419756605073150446e+01
6.917383476695339262e+00,1.419758102159859980e+01
6.919383876775355269e+00,1.419759599224405910e+01
6.921384276855371276e+00,1.419761096266000067e+01
6.923384676935387283e+00,1.419762593285346242e+01
6.925385077015403290e+00,1.419764090281235625e+01
6.927385477095419297e+00,1.419765587255348294e+01
6.929385877175435304e+00,1.419767084206381291e+01
6.931386277255451311e+00,1.419768581135181051e+01
6.933386677335467319e+00,1.419770078041234385e+01
6.935387077415483326e+00,1.419771574925482938e+01
6.937387477495499333e+00,1.419773071785597729e+01
6.939387877575515340e+00,1.419774568624535860e+01
6.941388277655531347e+00,1.419776065441347335e+01
6.943388677735547354e+00,1.419777562235082868e+01
6.945389077815563361e+00,1.419779059007149336e+01
6.947389477895579368e+00,1.419780555756456941e+01
6.949389877975595375e+00,1.419782052483144419e+01
6.951390278055611383e+00,1.419783549188415428e+01
6.953390678135627390e+00,1.419785045871066664e+01
6.955391078215643397e+00,1.419786542531229401e+01
6.957391478295659404e+00,1.419788039168988725e+01
6.959391878375675411e+00,1.419789535785051093e+01
6.961392278455691418e+00,1.419791032380097739e+01
6.963392678535707425e+00,1.419792528951189325e+01
6.965393078615723432e+00,1.419794025501556867e+01
6.967393478695739439e+00,1.419795522029217949e+01
6.969393878775755446e+00,1.419797018535705391e+01
6.971394278855771454e+00,1.419798515020011820e+01
6.973394678935787461e+00,1.419800011481422963e+01
6.975395079015803468e+00,1.419801507921729211e+01
6.977395479095819475e+00,1.419803004340482921e+01
6.979395879175835482e+00,1.419804500736873720e+01
6.981396279255851489e+00,1.419805997111534168e+01
6.983396679335867496e+00,1.419807493464662862e+01
6.985397079415883503e+00,1.419808989796078080e+01
6.987397479495899510e+00,1.419810486105529712e+01
6.989397879575915518e+00,1.419811982392634597e+01
6.991398279655931525e+00,1.419813478659287753e+01
6.993398679735947532e+00,1.419814974903797555e+01
6.995399079815963539e+00,1.419816471126946134e+01
6.997399479895979546e+00,1.419817967327985819e+01
6.999399879975995553e+00,1.419819463508600954e+01
7.001400280056011560e+00,1.419820959666602889e+01
7.003400680136027567e+00,1.419822455803662820e+01
7.005401080216043574e+00,1.419823951918812099e+01
7.007401480296059582e+00,1.419825448012286095e+01
7.009401880376075589e+00,1.419826944085545328e+01
7.011402280456091596e+00,1.419828440136688563e+01
7.013402680536107603e+00,1.419829936167086615e+01
7.015403080616123610e+00,1.419831432175799613e+01
7.017403480696139617e+00,1.419832928162226970e+01
7.019403880776155624e+00,1.419834424129037131e+01
7.021404280856171631e+00,1.419835920073710334e+01
7.023404680936187638e+00,1.419837415997487007e+01
7.025405081016203646e+00,1.419838911899995182e+01
7.027405481096219653e+00,1.419840407781224023e+01
7.029405881176235660e+00,1.419841903642112158e+01
7.031406281256251667e+00,1.419843399481382917e+01
7.033406681336267674e+00,1.419844895299883980e+01
7.035407081416283681e+00,1.419846391096360350e+01
7.037407481496299688e+00,1.419847886872603304e+01
7.039407881576315695e+00,1.419849382628217782e+01
7.041408281656331702e+00,1.419850878362552038e+01
7.043408681736347710e+00,1.419852374076008594e+01
7.045409081816363717e+00,1.419853869768237153e+01
7.047409481896379724e+00,1.419855365440897543e+01
7.049409881976395731e+00,1.419856861091789035e+01
7.051410282056411738e+00,1.419858356721998405e+01
7.053410682136427745e+00,1.419859852330906058e+01
7.055411082216443752e+00,1.419861347919860783e+01
7.057411482296458871e+00,1.419862843487571880e+01
7.059411882376474878e+00,1.419864339034946710e+01
7.061412282456490885e+00,1.419865834562103224e+01
7.063412682536506892e+00,1.419867330067817512e+01
7.065413082616522900e+00,1.419868825553225378e+01
7.067413482696538907e+00,1.419870321018185599e+01
7.069413882776554914e+00,1.419871816463129122e+01
7.071414282856570921e+00,1.419873311886712486e+01
7.073414682936586928e+00,1.419874807289859042e+01
7.075415083016602935e+00,1.419876302673307045e+01
7.077415483096618942e+00,1.419877798035895111e+01
7.079415883176634949e+00,1.419879293378148510e+01
7.081416283256650956e+00,1.419880788700116625e+01
7.083416683336666964e+00,1.419882284001619155e+01
7.085417083416682971e+00,1.419883779282331915e+01
7.087417483496698978e+00,1.419885274543482723e+01
7.089417883576714985e+00,1.419886769784583258e+01
7.091418283656730992e+00,1.419888265005062777e+01
7.093418683736746999e+00,1.419889760205682094e+01
7.095419083816763006e+00,1.419891255385424778e+01
7.097419483896779013e+00,1.419892750546192772e+01
7.099419883976795020e+00,1.419894245686165668e+01
7.101420284056811028e+00,1.419895740805593753e+01
7.103420684136827035e+00,1.419897235905795085e+01
7.105421084216843042e+00,1.419898730985513247e+01
7.107421484296859049e+00,1.419900226045214708e+01
7.109421884376875056e+00,1.419901721084990420e+01
7.111422284456891063e+00,1.419903216105066690e+01
7.113422684536907070e+00,1.419904711104980954e+01
7.115423084616923077e+00,1.419906206085257594e+01
7.117423484696939084e+00,1.419907701045938175e+01
7.119423884776955092e+00,1.419909195986268635e+01
7.121424284856971099e+00,1.419910690906747952e+01
7.123424684936987106e+00,1.419912185808089689e+01
7.125425085017003113e+00,1.419913680688706314e+01
7.127425485097019120e+00,1.419915175550046271e+01
7.129425885177035127e+00,1.419916670391794611e+01
7.131426285257051134e+00,1.419918165214416916e+01
7.133426685337067141e+00,1.419919660016697271e+01
7.135427085417083148e+00,1.419921154800133323e+01
7.137427485497099156e+00,1.419922649563206818e+01
7.139427885577115163e+00,1.419924144306915181e+01
7.141428285657131170e+00,1.419925639031350606e+01
7.143428685737147177e+00,1.419927133736135261e+01
7.145429085817163184e+00,1.419928628422122330e+01
7.147429485897179191e+00,1.419930123087528528e+01
7.149429885977195198e+00,1.419931617733585405e+01
7.151430286057211205e+00,1.419933112361054128e+01
7.153430686137227212e+00,1.419934606969263413e+01
7.155431086217243219e+00,1.419936101557067332e+01
7.157431486297259227e+00,1.419937596126523793e+01
7.159431886377275234e+00,1.419939090676123783e+01
7.161432286457291241e+00,1.419940585207450923e+01
7.163432686537307248e+00,1.419942079718247641e+01
7.165433086617323255e+00,1.419943574210103066e+01
7.167433486697339262e+00,1.419945068683757761e+01
7.169433886777355269e+00,1.419946563138283935e+01
7.171434286857371276e+00,1.419948057571991384e+01
7.173434686937387283e+00,1.419949551988315228e+01
7.175435087017403291e+00,1.419951046385323323e+01
7.177435487097419298e+00,1.419952540762567317e+01
7.179435887177435305e+00,1.419954035121897462e+01
7.181436287257451312e+00,1.419955529461710420e+01
7.183436687337467319e+00,1.419957023782149363e+01
7.185437087417483326e+00,1.419958518084011700e+01
7.187437487497499333e+00,1.419960012367316793e+01
7.189437887577515340e+00,1.419961506631067039e+01
7.191438287657531347e+00,1.419963000876304804e+01
7.193438687737547355e+00,1.419964495102040303e+01
7.195439087817563362e+00,1.419965989310913024e+01
7.197439487897579369e+00,1.419967483499219441e+01
7.199439887977595376e+00,1.419968977669842580e+01
7.201440288057611383e+00,1.419970471821001468e+01
7.203440688137627390e+00,1.419971965953890347e+01
7.205441088217643397e+00,1.419973460068229265e+01
7.207441488297659404e+00,1.419974954164024616e+01
7.209441888377675411e+00,1.419976448240479527e+01
7.211442288457691419e+00,1.419977942298706886e+01
7.213442688537707426e+00,1.419979436339162326e+01
7.215443088617723433e+00,1.419980930360220128e+01
7.217443488697739440e+00,1.419982424363567652e+01
7.219443888777755447e+00,1.419983918347594098e+01
7.221444288857771454e+00,1.419985412313002016e+01
7.223444688937787461e+00,1.419986906260939818e+01
7.225445089017803468e+00,1.419988400190031719e+01
7.227445489097819475e+00,1.419989894100938166e+01
7.229445889177835483e+00,1.419991387993632515e+01
7.231446289257851490e+00,1.419992881867628753e+01
7.233446689337867497e+00,1.419994375723602076e+01
7.235447089417883504e+00,1.419995869561799928e+01
7.237447489497899511e+00,1.419997363381588684e+01
7.239447889577915518e+00,1.419998857182330809e+01
7.241448289657931525e+00,1.420000350965345959e+01
7.243448689737947532e+00,1.420001844729820029e+01
7.245449089817963539e+00,1.420003338477919463e+01
7.247449489897979547e+00,1.420004832206002199e+01
7.249449889977995554e+00,1.420006325916554069e+01
7.251450290058011561e+00,1.420007819609639554e+01
7.253450690138027568e+00,1.420009313283642882e+01
7.255451090218043575e+00,1.420010806940259762e+01
7.257451490298059582e+00,1.420012300578933662e+01
7.259451890378075589e+00,1.420013794199814683e+01
7.261452290458091596e+00,1.420015287802188908e+01
7.263452690538107603e+00,1.420016781387629479e+01
7.265453090618123611e+00,1.420018274954604642e+01
7.267453490698139618e+00,1.420019768504312729e+01
7.269453890778155625e+00,1.420021262035724163e+01
7.271454290858171632e+00,1.420022755549480742e+01
7.273454690938187639e+00,1.420024249044437781e+01
7.275455091018203646e+00,1.420025742523152168e+01
7.277455491098219653e+00,1.420027235983861935e+01
7.279455891178235660e+00,1.420028729426494785e+01
7.281456291258251667e+00,1.420030222851084645e+01
7.283456691338267674e+00,1.420031716259836152e+01
7.285457091418283682e+00,1.420033209649299621e+01
7.287457491498299689e+00,1.420034703021739908e+01
7.289457891578315696e+00,1.420036196376593196e+01
7.291458291658331703e+00,1.420037689713743845e+01
7.293458691738347710e+00,1.420039183033326324e+01
7.295459091818363717e+00,1.420040676336345697e+01
7.297459491898379724e+00,1.420042169621249961e+01
7.299459891978395731e+00,1.420043662888424940e+01
7.301460292058411738e+00,1.420045156139028997e+01
7.303460692138427746e+00,1.420046649371382763e+01
7.305461092218443753e+00,1.420048142587031137e+01
7.307461492298459760e+00,1.420049635785253450e+01
7.309461892378475767e+00,1.420051128966434284e+01
7.311462292458491774e+00,1.420052622129803410e+01
7.313462692538507781e+00,1.420054115275795148e+01
7.315463092618523788e+00,1.420055608405307090e+01
7.317463492698539795e+00,1.420057101516163023e+01
7.319463892778555802e+00,1.420058594611539426e+01
7.321464292858571810e+00,1.420060087689469519e+01
7.323464692938587817e+00,1.420061580749657004e+01
7.325465093018603824e+00,1.420063073793380326e+01
7.327465493098619831e+00,1.420064566819256591e+01
7.329465893178635838e+00,1.420066059828488036e+01
7.331466293258651845e+00,1.420067552820786538e+01
7.333466693338667852e+00,1.420069045796344298e+01
7.335467093418683859e+00,1.420070538754579914e+01
7.337467493498699866e+00,1.420072031695685588e+01
7.339467893578715874e+00,1.420073524620697825e+01
7.341468293658731881e+00,1.420075017527604722e+01
7.343468693738747888e+00,1.420076510419099591e+01
7.345469093818763895e+00,1.420078003292983126e+01
7.347469493898779902e+00,1.420079496150329312e+01
7.349469893978795909e+00,1.420080988991504967e+01
7.351470294058811916e+00,1.420082481814358921e+01
7.353470694138827923e+00,1.420083974621193335e+01
7.355471094218843930e+00,1.420085467411177405e+01
7.357471494298859938e+00,1.420086960184126035e+01
7.359471894378875945e+00,1.420088452941940105e+01
7.361472294458891952e+00,1.420089945681186983e+01
7.363472694538907959e+00,1.420091438404739748e+01
7.365473094618923966e+00,1.420092931111428847e+01
7.367473494698939973e+00,1.420094423802401806e+01
7.369473894778955980e+00,1.420095916476702591e+01
7.371474294858971987e+00,1.420097409133647837e+01
7.373474694938987994e+00,1.420098901775129896e+01
7.375475095019004002e+00,1.420100394399131005e+01
7.377475495099020009e+00,1.420101887006675057e+01
7.379475895179036016e+00,1.420103379598372229e+01
7.381476295259052023e+00,1.420104872174385058e+01
7.383476695339068030e+00,1.420106364732614601e+01
7.385477095419084037e+00,1.420107857274499708e+01
7.387477495499100044e+00,1.420109349801378862e+01
7.389477895579116051e+00,1.420110842310317700e+01
7.391478295659132058e+00,1.420112334804171894e+01
7.393478695739148066e+00,1.420113827281341656e+01
7.395479095819164073e+00,1.420115319742717297e+01
7.397479495899180080e+00,1.420116812187493593e+01
7.399479895979196087e+00,1.420118304617146698e+01
7.401480296059212094e+00,1.420119797028997155e+01
7.403480696139228101e+00,1.420121289425190447e+01
7.405481096219244108e+00,1.420122781805787504e+01
7.407481496299260115e+00,1.420124274169706879e+01
7.409481896379276122e+00,1.420125766519121591e+01
7.411482296459292129e+00,1.420127258851323404e+01
7.413482696539308137e+00,1.420128751167200498e+01
7.415483096619324144e+00,1.420130243467893827e+01
7.417483496699340151e+00,1.420131735751724023e+01
7.419483896779356158e+00,1.420133228020607774e+01
7.421484296859372165e+00,1.420134720272764994e+01
7.423484696939388172e+00,1.420136212509073026e+01
7.425485097019404179e+00,1.420137704729678418e+01
7.427485497099420186e+00,1.420139196934970904e+01
7.429485897179436193e+00,1.420140689123759614e+01
7.431486297259452201e+00,1.420142181297450357e+01
7.433486697339468208e+00,1.420143673454160194e+01
7.435487097419484215e+00,1.420145165596989578e+01
7.437487497499500222e+00,1.420146657722885486e+01
7.439487897579516229e+00,1.420148149833269713e+01
7.441488297659532236e+00,1.420149641928167306e+01
7.443488697739548243e+00,1.420151134007560501e+01
7.445489097819564250e+00,1.420152626070474433e+01
7.447489497899580257e+00,1.420154118118129460e+01
7.449489897979596265e+00,1.420155610151097569e+01
7.451490298059612272e+00,1.420157102167969221e+01
7.453490698139628279e+00,1.420158594168844957e+01
7.455491098219644286e+00,1.420160086155141244e+01
7.457491498299660293e+00,1.420161578125286539e+01
7.459491898379676300e+00,1.420163070079649970e+01
7.461492298459692307e+00,1.420164562018984711e+01
7.463492698539708314e+00,1.420166053942837081e+01
7.465493098619724321e+00,1.420167545851848345e+01
7.467493498699740329e+00,1.420169037745161766e+01
7.469493898779756336e+00,1.420170529623691280e+01
7.471494298859772343e+00,1.420172021485622693e+01
7.473494698939788350e+00,1.420173513333328685e+01
7.475495099019804357e+00,1.420175005165502036e+01
7.477495499099820364e+00,1.420176496982570313e+01
7.479495899179836371e+00,1.420177988783639655e+01
7.481496299259852378e+00,1.420179480570365449e+01
7.483496699339868385e+00,1.420180972341360182e+01
7.485497099419884393e+00,1.420182464097557862e+01
7.487497499499900400e+00,1.420183955838016132e+01
7.489497899579916407e+00,1.420185447564490211e+01
7.491498299659932414e+00,1.420186939274669946e+01
7.493498699739948421e+00,1.420188430971184346e+01
7.495499099819964428e+00,1.420189922651589143e+01
7.497499499899980435e+00,1.420191414317159406e+01
7.499499899979996442e+00,1.420192905967667940e+01
7.501500300060012449e+00,1.420194397603341585e+01
7.503500700140028457e+00,1.420195889224384445e+01
7.505501100220044464e+00,1.420197380830056311e+01
7.507501500300060471e+00,1.420198872421606850e+01
7.509501900380076478e+00,1.420200363997258819e+01
7.511502300460091597e+00,1.420201855558295456e+01
7.513502700540107604e+00,1.420203347105135983e+01
7.515503100620123611e+00,1.420204838636640865e+01
7.517503500700139618e+00,1.420206330153986762e+01
7.519503900780155625e+00,1.420207821656090452e+01
7.521504300860171632e+00,1.420209313142644980e+01
7.523504700940187639e+00,1.420210804615549804e+01
7.525505101020203647e+00,1.420212296074202385e+01
7.527505501100219654e+00,1.420213787516724757e+01
7.529505901180235661e+00,1.420215278945501325e+01
7.531506301260251668e+00,1.420216770359784597e+01
7.533506701340267675e+00,1.420218261759683465e+01
7.535507101420283682e+00,1.420219753144364283e+01
7.537507501500299689e+00,1.420221244514288372e+01
7.539507901580315696e+00,1.420222735869721653e+01
7.541508301660331703e+00,1.420224227211502388e+01
7.543508701740347711e+00,1.420225718538571158e+01
7.545509101820363718e+00,1.420227209850404648e+01
7.547509501900379725e+00,1.420228701147937578e+01
7.549509901980395732e+00,1.420230192431963800e+01
7.551510302060411739e+00,1.420231683701741687e+01
7.553510702140427746e+00,1.420233174955706268e+01
7.555511102220443753e+00,1.420234666195141315e+01
7.557511502300459760e+00,1.420236157421773449e+01
7.559511902380475767e+00,1.420237648633046490e+01
7.561512302460491775e+00,1.420239139830763619e+01
7.563512702540507782e+00,1.420240631013474797e+01
7.565513102620523789e+00,1.420242122182167144e+01
7.567513502700539796e+00,1.420243613337659916e+01
7.569513902780555803e+00,1.420245104477678488e+01
7.571514302860571810e+00,1.420246595604355377e+01
7.573514702940587817e+00,1.420248086715915647e+01
7.575515103020603824e+00,1.420249577814426267e+01
7.577515503100619831e+00,1.420251068898098268e+01
7.579515903180635839e+00,1.420252559967575579e+01
7.581516303260651846e+00,1.420254051022822139e+01
7.583516703340667853e+00,1.420255542065236654e+01
7.585517103420683860e+00,1.420257033092325649e+01
7.587517503500699867e+00,1.420258524106475662e+01
7.589517903580715874e+00,1.420260015106188511e+01
7.591518303660731881e+00,1.420261506091844694e+01
7.593518703740747888e+00,1.420262997063960952e+01
7.595519103820763895e+00,1.420264488021309823e+01
7.597519503900779902e+00,1.420265978965440823e+01
7.599519903980795910e+00,1.420267469895370027e+01
7.601520304060811917e+00,1.420268960811717740e+01
7.603520704140827924e+00,1.420270451714702276e+01
7.605521104220843931e+00,1.420271942603121751e+01
7.607521504300859938e+00,1.420273433477804303e+01
7.609521904380875945e+00,1.420274924338494493e+01
7.611522304460891952e+00,1.420276415185712615e+01
7.613522704540907959e+00,1.420277906019890857e+01
7.615523104620923966e+00,1.420279396838963848e+01
7.617523504700939974e+00,1.420280887645862222e+01
7.619523904780955981e+00,1.420282378438420956e+01
7.621524304860971988e+00,1.420283869217571038e+01
7.623524704940987995e+00,1.420285359983719431e+01
7.625525105021004002e+00,1.420286850734455975e+01
7.627525505101020009e+00,1.420288341473116311e+01
7.629525905181036016e+00,1.420289832197616953e+01
7.631526305261052023e+00,1.420291322908154719e+01
7.633526705341068030e+00,1.420292813606144122e+01
7.635527105421084038e+00,1.420294304290357346e+01
7.637527505501100045e+00,1.420295794961282354e+01
7.639527905581116052e+00,1.420297285618083372e+01
7.641528305661132059e+00,1.420298776261827101e+01
7.643528705741148066e+00,1.420300266892698104e+01
7.645529105821164073e+00,1.420301757508590157e+01
7.647529505901180080e+00,1.420303248113163797e+01
7.649529905981196087e+00,1.420304738702492031e+01
7.651530306061212094e+00,1.420306229279441901e+01
7.653530706141228102e+00,1.420307719844072913e+01
7.655531106221244109e+00,1.420309210394117372e+01
7.657531506301260116e+00,1.420310700931563019e+01
7.659531906381276123e+00,1.420312191454889117e+01
7.661532306461292130e+00,1.420313681966080033e+01
7.663532706541308137e+00,1.420315172463105924e+01
7.665533106621324144e+00,1.420316662948068753e+01
7.667533506701340151e+00,1.420318153419074569e+01
7.669533906781356158e+00,1.420319643876698024e+01
7.671534306861372166e+00,1.420321134321592815e+01
7.673534706941388173e+00,1.420322624754544805e+01
7.675535107021404180e+00,1.420324115173047019e+01
7.677535507101420187e+00,1.420325605578698713e+01
7.679535907181436194e+00,1.420327095972001707e+01
7.681536307261452201e+00,1.420328586350562183e+01
7.683536707341468208e+00,1.420330076717922019e+01
7.685537107421484215e+00,1.420331567072156886e+01
7.687537507501500222e+00,1.420333057412536526e+01
7.689537907581516230e+00,1.420334547739647313e+01
7.691538307661532237e+00,1.420336038055516248e+01
7.693538707741548244e+00,1.420337528357708479e+01
7.695539107821564251e+00,1.420339018647036333e+01
7.697539507901580258e+00,1.420340508923011136e+01
7.699539907981596265e+00,1.420341999186549131e+01
7.701540308061612272e+00,1.420343489437673945e+01
7.703540708141628279e+00,1.420344979675965646e+01
7.705541108221644286e+00,1.420346469900782793e+01
7.707541508301660294e+00,1.420347960113186048e+01
7.709541908381676301e+00,1.420349450313181627e+01
7.711542308461692308e+00,1.420350940500052417e+01
7.713542708541708315e+00,1.420352430675254496e+01
7.715543108621724322e+00,1.420353920836133632e+01
7.717543508701740329e+00,1.420355410985850142e+01
7.719543908781756336e+00,1.420356901122029925e+01
7.721544308861772343e+00,1.420358391245765439e+01
7.723544708941788350e+00,1.420359881357278198e+01
7.725545109021804357e+00,1.420361371455994615e+01
7.727545509101820365e+00,1.420362861542312061e+01
7.729545909181836372e+00,1.420364351616148646e+01
7.731546309261852379e+00,1.420365841677543806e+01
7.733546709341868386e+00,1.420367331726204263e+01
7.735547109421884393e+00,1.420368821762225053e+01
7.737547509501900400e+00,1.420370311785558926e+01
7.739547909581916407e+00,1.420371801797772271e+01
7.741548309661932414e+00,1.420373291796495074e+01
7.743548709741948421e+00,1.420374781782702378e+01
7.745549109821964429e+00,1.420376271757095132e+01
7.747549509901980436e+00,1.420377761718629372e+01
7.749549909981996443e+00,1.420379251668290799e+01
7.751550310062012450e+00,1.420380741605729469e+01
7.753550710142028457e+00,1.420382231530905948e+01
7.755551110222044464e+00,1.420383721443816150e+01
7.757551510302060471e+00,1.420385211343781151e+01
7.759551910382076478e+00,1.420386701232719417e+01
7.761552310462092485e+00,1.420388191108006204e+01
7.763552710542108493e+00,1.420389680972222735e+01
7.765553110622124500e+00,1.420391170823692129e+01
7.767553510702140507e+00,1.420392660663678797e+01
7.769553910782156514e+00,1.420394150491540763e+01
7.771554310862172521e+00,1.420395640306700180e+01
7.773554710942188528e+00,1.420397130109259365e+01
7.775555111022204535e+00,1.420398619900901416e+01
7.777555511102220542e+00,1.420400109679621714e+01
7.779555911182236549e+00,1.420401599446977237e+01
7.781556311262252557e+00,1.420403089202244828e+01
7.783556711342268564e+00,1.420404578944912188e+01
7.785557111422284571e+00,1.420406068676139455e+01
7.787557511502300578e+00,1.420407558395245573e+01
7.789557911582316585e+00,1.420409048102706251e+01
7.791558311662332592e+00,1.420410537798081663e+01
7.793558711742348599e+00,1.420412027481479633e+01
7.795559111822364606e+00,1.420413517152694816e+01
7.797559511902380613e+00,1.420415006812331171e+01
7.799559911982396621e+00,1.420416496460020817e+01
7.801560312062412628e+00,1.420417986095791463e+01
7.803560712142428635e+00,1.420419475720827229e+01
7.805561112222444642e+00,1.420420965333005725e+01
7.807561512302460649e+00,1.420422454933180667e+01
7.809561912382476656e+00,1.420423944522704041e+01
7.811562312462492663e+00,1.420425434099493600e+01
7.813562712542508670e+00,1.420426923664845731e+01
7.815563112622524677e+00,1.420428413218910535e+01
7.817563512702540685e+00,1.420429902761224561e+01
7.819563912782556692e+00,1.420431392291383332e+01
7.821564312862572699e+00,1.420432881810390313e+01
7.823564712942588706e+00,1.420434371317456090e+01
7.825565113022604713e+00,1.420435860812577289e+01
7.827565513102620720e+00,1.420437350297031820e+01
7.829565913182636727e+00,1.420438839769112782e+01
7.831566313262652734e+00,1.420440329230553900e+01
7.833566713342668741e+00,1.420441818679645429e+01
7.835567113422684749e+00,1.420443308117407177e+01
7.837567513502700756e+00,1.420444797544008964e+01
7.839567913582716763e+00,1.420446286958408422e+01
7.841568313662732770e+00,1.420447776362223280e+01
7.843568713742748777e+00,1.420449265754124291e+01
7.845569113822764784e+00,1.420450755135237308e+01
7.847569513902780791e+00,1.420452244504267192e+01
7.849569913982796798e+00,1.420453733861723755e+01
7.851570314062812805e+00,1.420455223208412043e+01
7.853570714142828812e+00,1.420456712543322197e+01
7.855571114222844820e+00,1.420458201867166892e+01
7.857571514302860827e+00,1.420459691179758543e+01
7.859571914382876834e+00,1.420461180480472763e+01
7.861572314462892841e+00,1.420462669771014497e+01
7.863572714542908848e+00,1.420464159050188790e+01
7.865573114622924855e+00,1.420465648317273732e+01
7.867573514702940862e+00,1.420467137573504957e+01
7.869573914782956869e+00,1.420468626818669478e+01
7.871574314862972876e+00,1.420470116052943155e+01
7.873574714942988884e+00,1.420471605275614024e+01
7.875575115023004891e+00,1.420473094487368293e+01
7.877575515103020898e+00,1.420474583687857084e+01
7.879575915183036905e+00,1.420476072876920348e+01
7.881576315263052912e+00,1.420477562055222798e+01
7.883576715343068919e+00,1.420479051222449662e+01
7.885577115423084926e+00,1.420480540378557599e+01
7.887577515503100933e+00,1.420482029524040968e+01
7.889577915583116940e+00,1.420483518657987965e+01
7.891578315663132948e+00,1.420485007780707676e+01
7.893578715743148955e+00,1.420486496893463801e+01
7.895579115823164962e+00,1.420487985994166280e+01
7.897579515903180969e+00,1.420489475084678510e+01
7.899579915983196976e+00,1.420490964163779068e+01
7.901580316063212983e+00,1.420492453232229302e+01
7.903580716143228990e+00,1.420493942290199030e+01
7.905581116223244997e+00,1.420495431336194159e+01
7.907581516303261004e+00,1.420496920372365501e+01
7.909581916383277012e+00,1.420498409397087158e+01
7.911582316463293019e+00,1.420499898410841411e+01
7.913582716543309026e+00,1.420501387414346439e+01
7.915583116623325033e+00,1.420502876405806703e+01
7.917583516703341040e+00,1.420504365389076007e+01
7.919583916783357047e+00,1.420505854359456954e+01
7.921584316863373054e+00,1.420507343320047866e+01
7.923584716943389061e+00,1.420508832269164934e+01
7.925585117023405068e+00,1.420510321208041482e+01
7.927585517103421076e+00,1.420511810135785247e+01
7.929585917183437083e+00,1.420513299053315670e+01
7.931586317263453090e+00,1.420514787960065561e+01
7.933586717343469097e+00,1.420516276856284144e+01
7.935587117423485104e+00,1.420517765741562677e+01
7.937587517503501111e+00,1.420519254616731075e+01
7.939587917583517118e+00,1.420520743481012182e+01
7.941588317663533125e+00,1.420522232334984736e+01
7.943588717743549132e+00,1.420523721177470478e+01
7.945589117823565140e+00,1.420525210010311845e+01
7.947589517903581147e+00,1.420526698832886936e+01
7.949589917983597154e+00,1.420528187644441509e+01
7.951590318063613161e+00,1.420529676445373823e+01
7.953590718143629168e+00,1.420531165235448334e+01
7.955591118223645175e+00,1.420532654016857421e+01
7.957591518303661182e+00,1.420534142787317933e+01
7.959591918383677189e+00,1.420535631545977573e+01
7.961592318463693196e+00,1.420537120294620870e+01
7.963592718543709204e+00,1.420538609033221533e+01
7.965593118623725211e+00,1.420540097761572262e+01
7.967593518703740330e+00,1.420541586479967933e+01
7.969593918783756337e+00,1.420543075187707949e+01
7.971594318863772344e+00,1.420544563884426381e+01
7.973594718943788351e+00,1.420546052571560125e+01
7.975595119023804358e+00,1.420547541248078716e+01
7.977595519103820365e+00,1.420549029915665962e+01
7.979595919183836372e+00,1.420550518570287224e+01
7.981596319263852379e+00,1.420552007216944546e+01
7.983596719343868386e+00,1.420553495852608350e+01
7.985597119423884394e+00,1.420554984478351734e+01
7.987597519503900401e+00,1.420556473093028238e+01
7.989597919583916408e+00,1.420557961698983895e+01
7.991598319663932415e+00,1.420559450294050841e+01
7.993598719743948422e+00,1.420560938878319668e+01
7.995599119823964429e+00,1.420562427453421606e+01
7.997599519903980436e+00,1.420563916017756512e+01
7.999599919983996443e+00,1.420565404572179879e+01
8.001600320064012450e+00,1.420566893116479434e+01
8.003600720144028458e+00,1.420568381651505696e+01
8.005601120224044465e+00,1.420569870175888383e+01
8.007601520304060472e+00,1.420571358689576158e+01
8.009601920384076479e+00,1.420572847194507204e+01
8.011602320464092486e+00,1.420574335688194978e+01
8.013602720544108493e+00,1.420575824173379864e+01
8.015603120624124500e+00,1.420577312647292523e+01
8.017603520704140507e+00,1.420578801112253764e+01
8.019603920784156514e+00,1.420580289565769405e+01
8.021604320864172522e+00,1.420581778011423246e+01
8.023604720944188529e+00,1.420583266446093695e+01
8.025605121024204536e+00,1.420584754870996491e+01
8.027605521104220543e+00,1.420586243285758776e+01
8.029605921184236550e+00,1.420587731691344224e+01
8.031606321264252557e+00,1.420589220086131199e+01
8.033606721344268564e+00,1.420590708471842767e+01
8.035607121424284571e+00,1.420592196847338506e+01
8.037607521504300578e+00,1.420593685213084356e+01
8.039607921584316585e+00,1.420595173569726200e+01
8.041608321664332593e+00,1.420596661915786107e+01
8.043608721744348600e+00,1.420598150252676639e+01
8.045609121824364607e+00,1.420599638579562018e+01
8.047609521904380614e+00,1.420601126896052335e+01
8.049609921984396621e+00,1.420602615204219710e+01
8.051610322064412628e+00,1.420604103501827709e+01
8.053610722144428635e+00,1.420605591790146605e+01
8.055611122224444642e+00,1.420607080068773698e+01
8.057611522304460649e+00,1.420608568337572031e+01
8.059611922384476657e+00,1.420610056596861348e+01
8.061612322464492664e+00,1.420611544846293839e+01
8.063612722544508671e+00,1.420613033086554644e+01
8.065613122624524678e+00,1.420614521317429713e+01
8.067613522704540685e+00,1.420616009537986280e+01
8.069613922784556692e+00,1.420617497749244329e+01
8.071614322864572699e+00,1.420618985951531421e+01
8.073614722944588706e+00,1.420620474144593892e+01
8.075615123024604713e+00,1.420621962327295407e+01
8.077615523104620721e+00,1.420623450500240992e+01
8.079615923184636728e+00,1.420624938664307280e+01
8.081616323264652735e+00,1.420626426818749266e+01
8.083616723344668742e+00,1.420627914963324478e+01
8.085617123424684749e+00,1.420629403099063026e+01
8.087617523504700756e+00,1.420630891225122738e+01
8.089617923584716763e+00,1.420632379342974794e+01
8.091618323664732770e+00,1.420633867449426901e+01
8.093618723744748777e+00,1.420635355547926260e+01
8.095619123824764785e+00,1.420636843636383517e+01
8.097619523904780792e+00,1.420638331716236991e+01
8.099619923984796799e+00,1.420639819786383562e+01
8.101620324064812806e+00,1.420641307846775092e+01
8.103620724144828813e+00,1.420642795898662136e+01
8.105621124224844820e+00,1.420644283940957386e+01
8.107621524304860827e+00,1.420645771974048088e+01
8.109621924384876834e+00,1.420647259997990730e+01
8.111622324464892841e+00,1.420648748011794815e+01
8.113622724544908849e+00,1.420650236017129053e+01
8.115623124624924856e+00,1.420651724013346850e+01
8.117623524704940863e+00,1.420653212000433818e+01
8.119623924784956870e+00,1.420654699978100588e+01
8.121624324864972877e+00,1.420656187946755367e+01
8.123624724944988884e+00,1.420657675906523032e+01
8.125625125025004891e+00,1.420659163856721463e+01
8.127625525105020898e+00,1.420660651798121954e+01
8.129625925185036905e+00,1.420662139729347651e+01
8.131626325265052913e+00,1.420663627653398819e+01
8.133626725345068920e+00,1.420665115566982273e+01
8.135627125425084927e+00,1.420666603471405587e+01
8.137627525505100934e+00,1.420668091367604902e+01
8.139627925585116941e+00,1.420669579254663439e+01
8.141628325665132948e+00,1.420671067132452237e+01
8.143628725745148955e+00,1.420672555001165982e+01
8.145629125825164962e+00,1.420674042861200270e+01
8.147629525905180969e+00,1.420675530711755030e+01
8.149629925985196977e+00,1.420677018553715598e+01
8.151630326065212984e+00,1.420678506386863837e+01
8.153630726145228991e+00,1.420679994211077357e+01
8.155631126225244998e+00,1.420681482025802822e+01
8.157631526305261005e+00,1.420682969832077625e+01
8.159631926385277012e+00,1.420684457629464958e+01
8.161632326465293019e+00,1.420685945417796070e+01
8.163632726545309026e+00,1.420687433197231364e+01
8.165633126625325033e+00,1.420688920968373914e+01
8.167633526705341040e+00,1.420690408729961973e+01
8.169633926785357048e+00,1.420691896482320438e+01
8.171634326865373055e+00,1.420693384227527289e+01
8.173634726945389062e+00,1.420694871962924566e+01
8.175635127025405069e+00,1.420696359689715038e+01
8.177635527105421076e+00,1.420697847407707037e+01
8.179635927185437083e+00,1.420699335117012829e+01
8.181636327265453090e+00,1.420700822817279629e+01
8.183636727345469097e+00,1.420702310508990962e+01
8.185637127425485104e+00,1.420703798192156597e+01
8.187637527505501112e+00,1.420705285866580425e+01
8.189637927585517119e+00,1.420706773532705114e+01
8.191638327665533126e+00,1.420708261189480659e+01
8.193638727745549133e+00,1.420709748837005293e+01
8.195639127825565140e+00,1.420711236476725325e+01
8.197639527905581147e+00,1.420712724108841130e+01
8.199639927985597154e+00,1.420714211730850884e+01
8.201640328065613161e+00,1.420715699344590810e+01
8.203640728145629168e+00,1.420717186950224509e+01
8.205641128225645176e+00,1.420718674546917271e+01
8.207641528305661183e+00,1.420720162134623443e+01
8.209641928385677190e+00,1.420721649713951074e+01
8.211642328465693197e+00,1.420723137285320803e+01
8.213642728545709204e+00,1.420724624848461026e+01
8.215643128625725211e+00,1.420726112401765207e+01
8.217643528705741218e+00,1.420727599948081021e+01
8.219643928785757225e+00,1.420729087484525444e+01
8.221644328865773232e+00,1.420730575013168107e+01
8.223644728945789240e+00,1.420732062532524331e+01
8.225645129025805247e+00,1.420733550045204474e+01
8.227645529105821254e+00,1.420735037548144497e+01
8.229645929185837261e+00,1.420736525043060716e+01
8.231646329265853268e+00,1.420738012529879413e+01
8.233646729345869275e+00,1.420739500007082512e+01
8.235647129425885282e+00,1.420740987476861328e+01
8.237647529505901289e+00,1.420742474938234068e+01
8.239647929585917296e+00,1.420743962391276405e+01
8.241648329665933304e+00,1.420745449835822072e+01
8.243648729745949311e+00,1.420746937272020460e+01
8.245649129825965318e+00,1.420748424699545076e+01
8.247649529905981325e+00,1.420749912119410041e+01
8.249649929985997332e+00,1.420751399530922399e+01
8.251650330066013339e+00,1.420752886933653869e+01
8.253650730146029346e+00,1.420754374328575764e+01
8.255651130226045353e+00,1.420755861714888546e+01
8.257651530306061360e+00,1.420757349093443267e+01
8.259651930386077368e+00,1.420758836463983243e+01
8.261652330466093375e+00,1.420760323825578197e+01
8.263652730546109382e+00,1.420761811179149348e+01
8.265653130626125389e+00,1.420763298524206952e+01
8.267653530706141396e+00,1.420764785862048107e+01
8.269653930786157403e+00,1.420766273190247730e+01
8.271654330866173410e+00,1.420767760511760969e+01
8.273654730946189417e+00,1.420769247824491899e+01
8.275655131026205424e+00,1.420770735128864537e+01
8.277655531106221432e+00,1.420772222426192144e+01
8.279655931186237439e+00,1.420773709714710975e+01
8.281656331266253446e+00,1.420775196995008827e+01
8.283656731346269453e+00,1.420776684267828571e+01
8.285657131426285460e+00,1.420778171531881284e+01
8.287657531506301467e+00,1.420779658787549415e+01
8.289657931586317474e+00,1.420781146035369602e+01
8.291658331666333481e+00,1.420782633275599949e+01
8.293658731746349488e+00,1.420784120507513570e+01
8.295659131826365495e+00,1.420785607731763989e+01
8.297659531906381503e+00,1.420787094948148166e+01
8.299659931986397510e+00,1.420788582156020219e+01
8.301660332066413517e+00,1.420790069355983753e+01
8.303660732146429524e+00,1.420791556548839196e+01
8.305661132226445531e+00,1.420793043732480143e+01
8.307661532306461538e+00,1.420794530908639253e+01
8.309661932386477545e+00,1.420796018076901746e+01
8.311662332466493552e+00,1.420797505237444369e+01
8.313662732546509559e+00,1.420798992390483839e+01
8.315663132626525567e+00,1.420800479534347893e+01
8.317663532706541574e+00,1.420801966671313465e+01
8.319663932786557581e+00,1.420803453800846938e+01
8.321664332866573588e+00,1.420804940921215120e+01
8.323664732946589595e+00,1.420806428035253610e+01
8.325665133026605602e+00,1.420807915140328603e+01
8.327665533106621609e+00,1.420809402237880015e+01
8.329665933186637616e+00,1.420810889327359483e+01
8.331666333266653623e+00,1.420812376409416800e+01
8.333666733346669631e+00,1.420813863483136075e+01
8.335667133426685638e+00,1.420815350549741929e+01
8.337667533506701645e+00,1.420816837608633243e+01
8.339667933586717652e+00,1.420818324659582466e+01
8.341668333666733659e+00,1.420819811702400060e+01
8.343668733746749666e+00,1.420821298737606497e+01
8.345669133826765673e+00,1.420822785765713014e+01
8.347669533906781680e+00,1.420824272785632481e+01
8.349669933986797687e+00,1.420825759797972410e+01
8.351670334066813695e+00,1.420827246802104860e+01
8.353670734146829702e+00,1.420828733799449495e+01
8.355671134226845709e+00,1.420830220788806386e+01
8.357671534306861716e+00,1.420831707770011576e+01
8.359671934386877723e+00,1.420833194744845329e+01
8.361672334466893730e+00,1.420834681710670822e+01
8.363672734546909737e+00,1.420836168669578292e+01
8.365673134626925744e+00,1.420837655621446771e+01
8.367673534706941751e+00,1.420839142563608171e+01
8.369673934786957759e+00,1.420840629500362695e+01
8.371674334866973766e+00,1.420842116428254265e+01
8.373674734946989773e+00,1.420843603349552886e+01
8.375675135027005780e+00,1.420845090262769084e+01
8.377675535107021787e+00,1.420846577167781355e+01
8.379675935187037794e+00,1.420848064066636240e+01
8.381676335267053801e+00,1.420849550956903506e+01
8.383676735347069808e+00,1.420851037840564857e+01
8.385677135427085815e+00,1.420852524716077347e+01
8.387677535507101823e+00,1.420854011583946708e+01
8.389677935587117830e+00,1.420855498445093801e+01
8.391678335667133837e+00,1.420856985298459918e+01
8.393678735747149844e+00,1.420858472144356277e+01
8.395679135827165851e+00,1.420859958982890348e+01
8.397679535907181858e+00,1.420861445812908208e+01
8.399679935987197865e+00,1.420862932636772413e+01
8.401680336067213872e+00,1.420864419452989758e+01
8.403680736147229879e+00,1.420865906261598077e+01
8.405681136227245887e+00,1.420867393063063844e+01
8.407681536307261894e+00,1.420868879856998568e+01
8.409681936387277901e+00,1.420870366643634952e+01
8.411682336467293908e+00,1.420871853423130560e+01
8.413682736547309915e+00,1.420873340194519052e+01
8.415683136627325922e+00,1.420874826958768011e+01
8.417683536707341929e+00,1.420876313715998940e+01
8.419683936787357936e+00,1.420877800466349505e+01
8.421684336867373943e+00,1.420879287208930997e+01
8.423684736947389951e+00,1.420880773944120179e+01
8.425685137027405958e+00,1.420882260671647401e+01
8.427685537107421965e+00,1.420883747392806029e+01
8.429685937187437972e+00,1.420885234105992367e+01
8.431686337267453979e+00,1.420886720812302784e+01
8.433686737347469986e+00,1.420888207511342038e+01
8.435687137427485993e+00,1.420889694203162001e+01
8.437687537507502000e+00,1.420891180887229233e+01
8.439687937587518007e+00,1.420892667564573308e+01
8.441688337667534014e+00,1.420894154234876261e+01
8.443688737747550022e+00,1.420895640896947931e+01
8.445689137827566029e+00,1.420897127553137729e+01
8.447689537907582036e+00,1.420898614201191990e+01
8.449689937987598043e+00,1.420900100843305580e+01
8.451690338067614050e+00,1.420901587477343142e+01
8.453690738147630057e+00,1.420903074103997454e+01
8.455691138227646064e+00,1.420904560724406274e+01
8.457691538307662071e+00,1.420906047336143807e+01
8.459691938387678078e+00,1.420907533942920331e+01
8.461692338467694086e+00,1.420909020540789314e+01
8.463692738547710093e+00,1.420910507132271405e+01
8.465693138627726100e+00,1.420911993716129551e+01
8.467693538707742107e+00,1.420913480293358688e+01
8.469693938787758114e+00,1.420914966864152795e+01
8.471694338867774121e+00,1.420916453427019555e+01
8.473694738947790128e+00,1.420917939983378453e+01
8.475695139027806135e+00,1.420919426532541685e+01
8.477695539107822142e+00,1.420920913073820735e+01
8.479695939187838150e+00,1.420922399609295717e+01
8.481696339267854157e+00,1.420923886137669001e+01
8.483696739347870164e+00,1.420925372658294705e+01
8.485697139427886171e+00,1.420926859172312362e+01
8.487697539507902178e+00,1.420928345679159754e+01
8.489697939587918185e+00,1.420929832179191443e+01
8.491698339667934192e+00,1.420931318672357335e+01
8.493698739747950199e+00,1.420932805158495071e+01
8.495699139827966206e+00,1.420934291637722779e+01
8.497699539907982214e+00,1.420935778109823566e+01
8.499699939987998221e+00,1.420937264574329539e+01
8.501700340068014228e+00,1.420938751033797054e+01
8.503700740148030235e+00,1.420940237484627389e+01
8.505701140228046242e+00,1.420941723928810418e+01
8.507701540308062249e+00,1.420943210366861109e+01
8.509701940388078256e+00,1.420944696797822360e+01
8.511702340468094263e+00,1.420946183221600023e+01
8.513702740548110270e+00,1.420947669638888655e+01
8.515703140628126278e+00,1.420949156048409812e+01
8.517703540708142285e+00,1.420950642452381274e+01
8.519703940788158292e+00,1.420952128848620433e+01
8.521704340868174299e+00,1.420953615238343559e+01
8.523704740948190306e+00,1.420955101621072991e+01
8.525705141028206313e+00,1.420956587996648324e+01
8.527705541108222320e+00,1.420958074366429891e+01
8.529705941188238327e+00,1.420959560728688054e+01
8.531706341268254334e+00,1.420961047084498219e+01
8.533706741348270342e+00,1.420962533432549435e+01
8.535707141428286349e+00,1.420964019774833176e+01
8.537707541508302356e+00,1.420965506110530718e+01
8.539707941588318363e+00,1.420966992439163157e+01
8.541708341668334370e+00,1.420968478760847908e+01
8.543708741748350377e+00,1.420969965075682317e+01
8.545709141828366384e+00,1.420971451384531647e+01
8.547709541908382391e+00,1.420972937686190996e+01
8.549709941988398398e+00,1.420974423980557688e+01
8.551710342068414406e+00,1.420975910269791065e+01
8.553710742148430413e+00,1.420977396551498551e+01
8.555711142228446420e+00,1.420978882825698797e+01
8.557711542308462427e+00,1.420980369094085916e+01
8.559711942388478434e+00,1.420981855355456602e+01
8.561712342468494441e+00,1.420983341610185846e+01
8.563712742548510448e+00,1.420984827858887023e+01
8.565713142628526455e+00,1.420986314100404257e+01
8.567713542708542462e+00,1.420987800335341333e+01
8.569713942788558469e+00,1.420989286563746745e+01
8.571714342868574477e+00,1.420990772785395606e+01
8.573714742948590484e+00,1.420992258999783608e+01
8.575715143028606491e+00,1.420993745208693149e+01
8.577715543108622498e+00,1.420995231410280368e+01
8.579715943188638505e+00,1.420996717605652115e+01
8.581716343268654512e+00,1.420998203794631998e+01
8.583716743348670519e+00,1.420999689976794755e+01
8.585717143428686526e+00,1.421001176152639545e+01
8.587717543508702533e+00,1.421002662322322863e+01
8.589717943588718541e+00,1.421004148484089491e+01
8.591718343668734548e+00,1.421005634640512483e+01
8.593718743748750555e+00,1.421007120789790079e+01
8.595719143828766562e+00,1.421008606932676521e+01
8.597719543908782569e+00,1.421010093069186020e+01
8.599719943988798576e+00,1.421011579199189789e+01
8.601720344068814583e+00,1.421013065322746982e+01
8.603720744148830590e+00,1.421014551439620455e+01
8.605721144228846597e+00,1.421016037550330857e+01
8.607721544308862605e+00,1.421017523654170134e+01
8.609721944388878612e+00,1.421019009751662843e+01
8.611722344468894619e+00,1.421020495842679843e+01
8.613722744548910626e+00,1.421021981927389710e+01
8.615723144628926633e+00,1.420711201387802980e+01
8.617723544708942640e+00,1.420014135498318808e+01
8.619723944788958647e+00,1.419294298392999032e+01
8.621724344868974654e+00,1.418554797716483762e+01
8.623724744948990661e+00,1.417798374839031617e+01
8.625725145029006669e+00,1.417027445524613327e+01
8.627725545109022676e+00,1.416244136199864911e+01
8.629725945189038683e+00,1.415450316285571652e+01
8.631726345269054690e+00,1.414647627036458033e+01
8.633726745349070697e+00,1.413837507246747904e+01
8.635727145429086704e+00,1.413021216177594752e+01
8.637727545509102711e+00,1.412199853991256937e+01
8.639727945589118718e+00,1.411374379964028059e+01
8.641728345669134725e+00,1.410545628721225597e+01
8.643728745749150733e+00,1.409714324693487519e+01
8.645729145829166740e+00,1.408881094996941385e+01
8.647729545909182747e+00,1.408046480894424946e+01
8.649729945989196978e+00,1.407210947999374540e+01
8.651730346069212985e+00,1.406374895345917686e+01
8.653730746149228992e+00,1.405538663455077675e+01
8.655731146229244999e+00,1.404702541500403257e+01
8.657731546309261006e+00,1.403866773668938883e+01
8.659731946389277013e+00,1.403031564804128806e+01
8.661732346469293020e+00,1.402197085409219568e+01
8.663732746549309027e+00,1.401363476080629411e+01
8.665733146629325034e+00,1.400530851425059353e+01
8.667733546709341041e+00,1.399699303529713745e+01
8.669733946789357049e+00,1.398868905022966302e+01
8.671734346869373056e+00,1.398039711773663640e+01
8.673734746949389063e+00,1.397211765270573736e+01
8.675735147029405070e+00,1.396385094716097441e+01
8.677735547109421077e+00,1.395559718860779697e+01
8.679735947189437084e+00,1.394735647619604180e+01
8.681736347269453091e+00,1.393912883481463361e+01
8.683736747349469098e+00,1.393091422740534746e+01
8.685737147429485105e+00,1.392271256573494043e+01
8.687737547509501113e+00,1.391452371973588598e+01
8.689737947589517120e+00,1.390634752561388687e+01
8.691738347669533127e+00,1.389818379287789440e+01
8.693738747749549134e+00,1.389003231037534825e+01
8.695739147829565141e+00,1.388189285149209340e+01
8.697739547909581148e+00,1.387376517863665626e+01
8.699739947989597155e+00,1.386564904696682810e+01
8.701740348069613162e+00,1.385754420765966799e+01
8.703740748149629169e+00,1.384945041057286730e+01
8.705741148229645177e+00,1.384136740654883724e+01
8.707741548309661184e+00,1.383329494923538583e+01
8.709741948389677191e+00,1.382523279666806104e+01
8.711742348469693198e+00,1.381718071249616386e+01
8.713742748549709205e+00,1.380913846696561897e+01
8.715743148629725212e+00,1.380110583770543542e+01
8.717743548709741219e+00,1.379308261030418592e+01
8.719743948789757226e+00,1.378506857873828473e+01
8.721744348869773233e+00,1.377706354564042002e+01
8.723744748949789241e+00,1.376906732249366172e+01
8.725745149029805248e+00,1.376107972968400617e+01
8.727745549109821255e+00,1.375310059649313743e+01
8.729745949189837262e+00,1.374512976102725936e+01
8.731746349269853269e+00,1.373716707003895188e+01
8.733746749349869276e+00,1.372921237880849255e+01
8.735747149429885283e+00,1.372126555087330146e+01
8.737747549509901290e+00,1.371332645780144510e+01
8.739747949589917297e+00,1.370539497892117708e+01
8.741748349669933305e+00,1.369747100101129966e+01
8.743748749749949312e+00,1.368955441804904360e+01
8.745749149829965319e+00,1.368164513086543721e+01
8.747749549909981326e+00,1.367374304684656749e+01
8.749749949989997333e+00,1.366584807964792248e+01
8.751750350070013340e+00,1.365796014885533260e+01
8.753750750150029347e+00,1.365007917969913898e+01
8.755751150230045354e+00,1.364220510278441623e+01
8.757751550310061361e+00,1.363433785375955942e+01
8.759751950390077369e+00,1.362647737305381135e+01
8.761752350470093376e+00,1.361862360563125662e+01
8.763752750550109383e+00,1.361077650069061207e+01
8.765753150630125390e+00,1.360293601144786280e+01
8.767753550710141397e+00,1.359510209487872068e+01
8.769753950790157404e+00,1.358727471150607613e+01
8.771754350870173411e+00,1.357945382515439015e+01
8.773754750950189418e+00,1.357163940277243697e+01
8.775755151030205425e+00,1.356383141423364513e+01
8.777755551110221433e+00,1.355602983211615964e+01
8.779755951190237440e+00,1.354823463159827845e+01
8.781756351270253447e+00,1.354044579019815586e+01
8.783756751350269454e+00,1.353266328768309812e+01
8.785757151430285461e+00,1.352488710592273335e+01
8.787757551510301468e+00,1.351711722870533983e+01
8.789757951590317475e+00,1.350935364165617969e+01
8.791758351670333482e+00,1.350159633208258647e+01
8.793758751750349489e+00,1.349384528887737744e+01
8.795759151830365496e+00,1.348610050239881453e+01
8.797759551910381504e+00,1.347836196438345446e+01
8.799759951990397511e+00,1.347062966784232252e+01
8.801760352070413518e+00,1.346290360698175448e+01
8.803760752150429525e+00,1.345518377711415781e+01
8.805761152230445532e+00,1.344747017458411875e+01
8.807761552310461539e+00,1.343976279669714735e+01
8.809761952390477546e+00,1.343206164165831673e+01
8.811762352470493553e+00,1.342436670851825475e+01
8.813762752550509560e+00,1.341667799708303299e+01
8.815763152630525568e+00,1.340899550789707284e+01
8.817763552710541575e+00,1.340131924218665027e+01
8.819763952790557582e+00,1.339364920179811946e+01
8.821764352870573589e+00,1.338598538916466651e+01
8.823764752950589596e+00,1.337832780726930260e+01
8.825765153030605603e+00,1.337067645961690054e+01
8.827765553110621610e+00,1.336303135018168398e+01
8.829765953190637617e+00,1.335539248338988827e+01
8.831766353270653624e+00,1.334775986406874004e+01
8.833766753350669632e+00,1.334013349746278010e+01
8.835767153430685639e+00,1.333251338915498785e+01
8.837767553510701646e+00,1.332489954510288932e+01
8.839767953590717653e+00,1.331729197156532152e+01
8.841768353670733660e+00,1.330969067510138970e+01
8.843768753750749667e+00,1.330209566256572629e+01
8.845769153830765674e+00,1.329450694107667275e+01
8.847769553910781681e+00,1.328692451799101804e+01
8.849769953990797688e+00,1.327934840093130475e+01
8.851770354070813696e+00,1.327177859771416202e+01
8.853770754150829703e+00,1.326421511638768180e+01
8.855771154230845710e+00,1.325665796519816730e+01
8.857771554310861717e+00,1.324910715256244309e+01
8.859771954390877724e+00,1.324156268710291506e+01
8.861772354470893731e+00,1.323402457760144557e+01
8.863772754550909738e+00,1.322649283300455281e+01
8.865773154630925745e+00,1.321896746240223308e+01
8.867773554710941752e+00,1.321144847504951692e+01
8.869773954790957760e+00,1.320393588034025889e+01
8.871774354870973767e+00,1.319642968778441627e+01
8.873774754950989774e+00,1.318892990704851265e+01
8.875775155031005781e+00,1.318143654788861063e+01
8.877775555111021788e+00,1.317394962021899829e+01
8.879775955191037795e+00,1.316646913403562458e+01
8.881776355271053802e+00,1.315899509945860224e+01
8.883776755351069809e+00,1.315152752672048386e+01
8.885777155431085816e+00,1.314406642614038034e+01
8.887777555511101824e+00,1.313661180813496188e+01
8.889777955591117831e+00,1.312916368323206839e+01
8.891778355671133838e+00,1.312172206204757074e+01
8.893778755751149845e+00,1.311428695526149113e+01
8.895779155831165852e+00,1.310685837368303375e+01
8.897779555911181859e+00,1.309943632816272618e+01
8.899779955991197866e+00,1.309202082966476333e+01
8.901780356071213873e+00,1.308461188921853768e+01
8.903780756151229880e+00,1.307720951791780273e+01
8.905781156231245888e+00,1.306981372695860877e+01
8.907781556311261895e+00,1.306242452759087591e+01
8.909781956391277902e+00,1.305504193113370981e+01
8.911782356471293909e+00,1.304766594898726240e+01
8.913782756551309916e+00,1.304029659261314400e+01
8.915783156631325923e+00,1.303293387353635246e+01
8.917783556711341930e+00,1.302557780335303406e+01
8.919783956791357937e+00,1.301822839370425733e+01
8.921784356871373944e+00,1.301088565631582661e+01
8.923784756951389951e+00,1.300354960295965867e+01
8.925785157031405959e+00,1.299622024547345767e+01
8.927785557111421966e+00,1.298889759574199765e+01
8.929785957191437973e+00,1.298158166571085026e+01
8.931786357271453980e+00,1.297427246737873752e+01
8.933786757351469987e+00,1.296697001280077721e+01
8.935787157431485994e+00,1.295967431409372139e+01
8.937787557511502001e+00,1.295238538339199330e+01
8.939787957591518008e+00,1.294510323291791742e+01
8.941788357671534015e+00,1.293782787493086417e+01
8.943788757751550023e+00,1.293055932171844802e+01
8.945789157831566030e+00,1.292329758563530895e+01
8.947789557911582037e+00,1.291604267909115045e+01
8.949789957991598044e+00,1.290879461449801369e+01
8.951790358071614051e+00,1.290155340436375830e+01
8.953790758151630058e+00,1.289431906120617555e+01
8.955791158231646065e+00,1.288709159758091616e+01
8.957791558311662072e+00,1.287987102611235279e+01
8.959791958391678079e+00,1.287265735943018719e+01
8.961792358471694087e+00,1.286545061023606884e+01
8.963792758551710094e+00,1.285825079125172543e+01
8.965793158631726101e+00,1.285105791522159713e+01
8.967793558711742108e+00,1.284387199496138976e+01
8.969793958791758115e+00,1.283669304329042760e+01
8.971794358871774122e+00,1.282952107307591483e+01
8.973794758951790129e+00,1.282235609722003034e+01
8.975795159031806136e+00,1.281519812865123953e+01
8.977795559111822143e+00,1.280804718032079492e+01
8.979795959191838151e+00,1.280090326524084787e+01
8.981796359271854158e+00,1.279376639642507207e+01
8.983796759351870165e+00,1.278663658691593774e+01
8.985797159431886172e+00,1.277951384979865423e+01
8.987797559511902179e+00,1.277239819818381683e+01
8.989797959591918186e+00,1.276528964519863152e+01
8.991798359671934193e+00,1.275818820399958931e+01
8.993798759751950200e+00,1.275109388777158337e+01
8.995799159831966207e+00,1.274400670972283400e+01
8.997799559911982215e+00,1.273692668307857900e+01
8.999799959991998222e+00,1.272985382109515307e+01
9.001800360072014229e+00,1.272278813704112643e+01
9.003800760152030236e+00,1.271572964420473362e+01
9.005801160232046243e+00,1.270867835590409456e+01
9.007801560312062250e+00,1.270163428547344608e+01
9.009801960392078257e+00,1.269459744626073849e+01
9.011802360472094264e+00,1.268756785163248679e+01
9.013802760552110271e+00,1.268054551497399274e+01
9.015803160632126279e+00,1.267353044968269593e+01
9.017803560712142286e+00,1.266652266917404646e+01
9.019803960792158293e+00,1.265952218687701425e+01
9.021804360872174300e+00,1.265252901623468595e+01
9.023804760952190307e+00,1.264554317070891898e+01
9.025805161032206314e+00,1.263856466375194110e+01
9.027805561112222321e+00,1.263159350885208632e+01
9.029805961192238328e+00,1.262462971949649315e+01
9.031806361272254335e+00,1.261767330918180541e+01
9.033806761352270343e+00,1.261072429141450435e+01
9.035807161432286350e+00,1.260378267971741195e+01
9.037807561512302357e+00,1.259684848760051601e+01
9.039807961592318364e+00,1.258992172860845749e+01
9.041808361672334371e+00,1.258300241626524141e+01
9.043808761752350378e+00,1.257609056411341264e+01
9.045809161832366385e+00,1.256918618570735013e+01
9.047809561912382392e+00,1.256228929458726640e+01
9.049809961992398399e+00,1.255539990430433939e+01
9.051810362072414406e+00,1.254851802842276776e+01
9.053810762152430414e+00,1.254164368049203304e+01
9.055811162232446421e+00,1.253477687406647156e+01
9.057811562312462428e+00,1.252791762271254861e+01
9.059811962392478435e+00,1.252106593997618234e+01
9.061812362472494442e+00,1.251422183942150923e+01
9.063812762552510449e+00,1.250738533459897539e+01
9.065813162632526456e+00,1.250055643906802416e+01
9.067813562712542463e+00,1.249373516636810066e+01
9.069813962792558470e+00,1.248692153003824856e+01
9.071814362872574478e+00,1.248011554363557174e+01
9.073814762952590485e+00,1.247331722067908899e+01
9.075815163032606492e+00,1.246652657470412606e+01
9.077815563112622499e+00,1.245974361923242313e+01
9.079815963192638506e+00,1.245296836778095617e+01
9.081816363272654513e+00,1.244620083384382170e+01
9.083816763352670520e+00,1.243944103093558340e+01
9.085817163432686527e+00,1.243268897253308936e+01
9.087817563512702534e+00,1.242594467211807441e+01
9.089817963592718542e+00,1.241920814316475585e+01
9.091818363672734549e+00,1.241247939911733411e+01
9.093818763752750556e+00,1.240575845342538308e+01
9.095819163832766563e+00,1.239904531953777855e+01
9.097819563912782570e+00,1.239234001084304992e+01
9.099819963992798577e+00,1.238564254077111926e+01
9.101820364072814584e+00,1.237895292270211733e+01
9.103820764152830591e+00,1.237227117001663323e+01
9.105821164232846598e+00,1.236559729606922886e+01
9.107821564312862606e+00,1.235893131421090629e+01
9.109821964392878613e+00,1.235227323775496799e+01
9.111822364472894620e+00,1.234562308002760034e+01
9.113822764552910627e+00,1.233898085430422675e+01
9.115823164632926634e+00,1.233234657386631561e+01
9.117823564712942641e+00,1.232572025196014742e+01
9.119823964792958648e+00,1.231910190181426756e+01
9.121824364872974655e+00,1.231249153665599394e+01
9.123824764952990662e+00,1.230588916966328838e+01
9.125825165033006670e+00,1.229929481401246782e+01
9.127825565113022677e+00,1.229270848283518092e+01
9.129825965193038684e+00,1.228613018927173606e+01
9.131826365273054691e+00,1.227955994641176751e+01
9.133826765353070698e+00,1.227299776733115699e+01
9.135827165433086705e+00,1.226644366508202921e+01
9.137827565513102712e+00,1.225989765268320930e+01
9.139827965593118719e+00,1.225335974314404019e+01
9.141828365673134726e+00,1.224682994943077929e+01
9.143828765753150734e+00,1.224030828448726105e+01
9.145829165833166741e+00,1.223379476122207343e+01
9.147829565913182748e+00,1.222728939254558789e+01
9.149829965993198755e+00,1.222079219130402805e+01
9.151830366073214762e+00,1.221430317033125768e+01
9.153830766153230769e+00,1.220782234242454578e+01
9.155831166233246776e+00,1.220134972035650200e+01
9.157831566313262783e+00,1.219488531686510946e+01
9.159831966393278790e+00,1.218842914466184268e+01
9.161832366473294798e+00,1.218198121641137455e+01
9.163832766553310805e+00,1.217554154476436423e+01
9.165833166633326812e+00,1.216911014233741639e+01
9.167833566713342819e+00,1.216268702169327298e+01
9.169833966793358826e+00,1.215627219537397430e+01
9.171834366873374833e+00,1.214986567588612942e+01
9.173834766953390840e+00,1.214346747571335072e+01
9.175835167033406847e+00,1.213707760727160334e+01
9.177835567113422854e+00,1.213069608296582658e+01
9.179835967193438861e+00,1.212432291516202199e+01
9.181836367273454869e+00,1.211795811617557561e+01
9.183836767353470876e+00,1.211160169830492706e+01
9.185837167433486883e+00,1.210525367378296835e+01
9.187837567513502890e+00,1.209891405482192184e+01
9.189837967593518897e+00,1.209258285359227791e+01
9.191838367673534904e+00,1.208626008222518777e+01
9.193838767753550911e+00,1.207994575280423888e+01
9.195839167833566918e+00,1.207363987736798805e+01
9.197839567913582925e+00,1.206734246793709886e+01
9.199839967993598933e+00,1.206105353646385581e+01
9.201840368073614940e+00,1.205477309487349658e+01
9.203840768153630947e+00,1.204850115503838204e+01
9.205841168233646954e+00,1.204223772878971843e+01
9.207841568313662961e+00,1.203598282793143071e+01
9.209841968393678968e+00,1.202973646419032683e+01
9.211842368473694975e+00,1.202349864927506573e+01
9.213842768553710982e+00,1.201726939484115597e+01
9.215843168633726989e+00,1.201104871249571993e+01
9.217843568713742997e+00,1.200483661379688094e+01
9.219843968793759004e+00,1.199863311026877888e+01
9.221844368873775011e+00,1.199243821336663451e+01
9.223844768953791018e+00,1.198625193451846194e+01
9.225845169033807025e+00,1.198007428509852090e+01
9.227845569113823032e+00,1.197390527641311486e+01
9.229845969193839039e+00,1.196774491975386034e+01
9.231846369273855046e+00,1.196159322633918265e+01
9.233846769353871053e+00,1.195545020734021158e+01
9.235847169433887061e+00,1.194931587388456151e+01
9.237847569513903068e+00,1.194319023703369709e+01
9.239847969593919075e+00,1.193707330782041964e+01
9.241848369673935082e+00,1.193096509719952714e+01
9.243848769753951089e+00,1.192486561610295936e+01
9.245849169833967096e+00,1.191877487538662983e+01
9.247849569913983103e+00,1.191269288585868402e+01
9.249849969993999110e+00,1.190661965828116209e+01
9.251850370074015117e+00,1.190055520334911243e+01
9.253850770154031125e+00,1.189449953171589947e+01
9.255851170234047132e+00,1.188845265397868367e+01
9.257851570314063139e+00,1.188241458066521083e+01
9.259851970394079146e+00,1.187638532226344346e+01
9.261852370474095153e+00,1.187036488919447841e+01
9.263852770554111160e+00,1.186435329183962217e+01
9.265853170634127167e+00,1.185835054049849546e+01
9.267853570714143174e+00,1.185235664542788037e+01
9.269853970794159181e+00,1.184637161683076734e+01
9.271854370874175189e+00,1.184039546483938743e+01
9.273854770954191196e+00,1.183442819954070657e+01
9.275855171034207203e+00,1.182846983094698601e+01
9.277855571114223210e+00,1.182252036902731085e+01
9.279855971194239217e+00,1.181657982368440329e+01
9.281856371274255224e+00,1.181064820476202293e+01
9.283856771354271231e+00,1.180472552202958703e+01
9.285857171434287238e+00,1.179881178521116247e+01
9.287857571514303245e+00,1.179290700397982761e+01
9.289857971594319253e+00,1.178701118791780367e+01
9.291858371674335260e+00,1.178112434656888041e+01
9.293858771754351267e+00,1.177524648939857066e+01
9.295859171834367274e+00,1.176937762583031777e+01
9.297859571914383281e+00,1.176351776519001291e+01
9.299859971994399288e+00,1.175766691678150977e+01
9.301860372074415295e+00,1.175182508981644425e+01
9.303860772154431302e+00,1.174599229345264462e+01
9.305861172234447309e+00,1.174016853677234096e+01
9.307861572314463317e+00,1.173435382880343880e+01
9.309861972394479324e+00,1.172854817851497700e+01
9.311862372474495331e+00,1.172275159479545437e+01
9.313862772554511338e+00,1.171696408647583532e+01
9.315863172634527345e+00,1.171118566231431402e+01
9.317863572714543352e+00,1.170541633101398027e+01
9.319863972794559359e+00,1.169965610120162758e+01
9.321864372874575366e+00,1.169390498143135204e+01
9.323864772954591373e+00,1.168816298020474953e+01
9.325865173034607380e+00,1.168243010593943509e+01
9.327865573114623388e+00,1.167670636699980413e+01
9.329865973194639395e+00,1.167099177167374791e+01
9.331866373274655402e+00,1.166528632818230271e+01
9.333866773354671409e+00,1.165959004466407478e+01
9.335867173434687416e+00,1.165390292920971405e+01
9.337867573514703423e+00,1.164822498983327925e+01
9.339867973594719430e+00,1.164255623447228594e+01
9.341868373674735437e+00,1.163689667098737246e+01
9.343868773754751444e+00,1.163124630719126706e+01
9.345869173834767452e+00,1.162560515080043366e+01
9.347869573914783459e+00,1.161997320947373780e+01
9.349869973994799466e+00,1.161435049080196968e+01
9.351870374074815473e+00,1.160873700229188543e+01
9.353870774154831480e+00,1.160313275138681099e+01
9.355871174234847487e+00,1.159753774544749305e+01
9.357871574314863494e+00,1.159195199177624502e+01
9.359871974394879501e+00,1.158637549759036034e+01
9.361872374474895508e+00,1.158080827004160795e+01
9.363872774554911516e+00,1.157525031619565148e+01
9.365873174634927523e+00,1.156970164306149940e+01
9.367873574714943530e+00,1.156416225755696736e+01
9.369873974794959537e+00,1.155863216654213943e+01
9.371874374874975544e+00,1.155311137678016209e+01
9.373874774954991551e+00,1.154759989498595552e+01
9.375875175035007558e+00,1.154209772777204179e+01
9.377875575115023565e+00,1.153660488169772691e+01
9.379875975195039572e+00,1.153112136322847370e+01
9.381876375275055580e+00,1.152564717877564071e+01
9.383876775355071587e+00,1.152018233464113628e+01
9.385877175435087594e+00,1.151472683708827560e+01
9.387877575515103601e+00,1.150928069227174078e+01
9.389877975595119608e+00,1.150384390628119213e+01
9.391878375675135615e+00,1.149841648513386971e+01
9.393878775755151622e+00,1.149299843477393246e+01
9.395879175835167629e+00,1.148758976104608820e+01
9.397879575915183636e+00,1.148219046972394963e+01
9.399879975995199644e+00,1.147680056653218017e+01
9.401880376075215651e+00,1.147142005706595036e+01
9.403880776155231658e+00,1.146604894688636911e+01
9.405881176235247665e+00,1.146068724145135853e+01
9.407881576315263672e+00,1.145533494614275938e+01
9.409881976395279679e+00,1.144999206627367272e+01
9.411882376475295686e+00,1.144465860706133142e+01
9.413882776555311693e+00,1.143933457365982065e+01
9.415883176635327700e+00,1.143401997112253099e+01
9.417883576715343708e+00,1.142871480444967602e+01
9.419883976795359715e+00,1.142341907854012817e+01
9.421884376875375722e+00,1.141813279821045590e+01
9.423884776955391729e+00,1.141285596821175119e+01
9.425885177035407736e+00,1.140758859320601459e+01
9.427885577115423743e+00,1.140233067777187337e+01
9.429885977195439750e+00,1.139708222640100210e+01
9.431886377275455757e+00,1.139184324351432487e+01
9.433886777355471764e+00,1.138661373345705030e+01
9.435887177435487772e+00,1.138139370047134769e+01
9.437887577515503779e+00,1.137618314873404302e+01
9.439887977595519786e+00,1.137098208232274033e+01
9.441888377675535793e+00,1.136579050525500634e+01
9.443888777755551800e+00,1.136060842144683924e+01
9.445889177835567807e+00,1.135543583474006013e+01
9.447889577915583814e+00,1.135027274889329796e+01
9.449889977995599821e+00,1.134511916757627681e+01
9.451890378075615828e+00,1.133997509437064721e+01
9.453890778155631835e+00,1.133484053279848780e+01
9.455891178235647843e+00,1.132971548628442804e+01
9.457891578315663850e+00,1.132459995814253517e+01
9.459891978395679857e+00,1.131949395164520666e+01
9.461892378475695864e+00,1.131439746996544748e+01
9.463892778555711871e+00,1.130931051617393734e+01
9.465893178635727878e+00,1.130423309327846937e+01
9.467893578715743885e+00,1.129916520419387638e+01
9.469893978795759892e+00,1.129410685175623108e+01
9.471894378875775899e+00,1.128905803870705071e+01
9.473894778955791907e+00,1.128401876770795198e+01
9.475895179035807914e+00,1.127898904133314417e+01
9.477895579115823921e+00,1.127396886207449356e+01
9.479895979195839928e+00,1.126895823234029592e+01
9.481896379275855935e+00,1.126395715444440881e+01
9.483896779355871942e+00,1.125896563062250344e+01
9.485897179435887949e+00,1.125398366301845421e+01
9.487897579515903956e+00,1.124901125369760280e+01
9.489897979595919963e+00,1.124404840463156319e+01
9.491898379675935971e+00,1.123909511771293346e+01
9.493898779755951978e+00,1.123415139474743007e+01
9.495899179835967985e+00,1.122921723744648226e+01
9.497899579915983992e+00,1.122429264744270583e+01
9.499899979995999999e+00,1.121937762626837909e+01
9.501900380076016006e+00,1.121447217539165919e+01
9.503900780156032013e+00,1.120957629618074236e+01
9.505901180236048020e+00,1.120468998991183796e+01
9.507901580316064027e+00,1.119981325778790016e+01
9.509901980396080035e+00,1.119494610091122411e+01
9.511902380476096042e+00,1.119008852030798096e+01
9.513902780556112049e+00,1.118524051690412868e+01
9.515903180636128056e+00,1.118040209155687847e+01
9.517903580716144063e+00,1.117557324501430216e+01
9.519903980796160070e+00,1.117075397795961678e+01
9.521904380876176077e+00,1.116594429096566365e+01
9.523904780956192084e+00,1.116114418452767687e+01
9.525905181036208091e+00,1.115635365907180798e+01
9.527905581116224099e+00,1.115157271489388613e+01
9.529905981196240106e+00,1.114680135224522495e+01
9.531906381276256113e+00,1.114203957126420441e+01
9.533906781356272120e+00,1.113728737200770880e+01
9.535907181436288127e+00,1.113254475444747271e+01
9.537907581516304134e+00,1.112781171845411698e+01
9.539907981596320141e+00,1.112308826383045179e+01
9.541908381676336148e+00,1.111837439028117558e+01
9.543908781756352155e+00,1.111367009741833733e+01
9.545909181836368163e+00,1.110897538476868540e+01
9.547909581916384170e+00,1.110429025177609219e+01
9.549909981996400177e+00,1.109979362041950068e+01
9.551910382076416184e+00,1.109594861661271814e+01
9.553910782156432191e+00,1.109211089126792871e+01
9.555911182236448198e+00,1.108827898659951217e+01
9.557911582316464205e+00,1.108445165776891095e+01
9.559911982396478436e+00,1.108062784522636157e+01
9.561912382476494443e+00,1.107680665039626966e+01
9.563912782556510450e+00,1.107298731441401607e+01
9.565913182636526457e+00,1.106916919943637723e+01
9.567913582716542464e+00,1.106535177240798795e+01
9.569913982796558471e+00,1.106153459081929213e+01
9.571914382876574479e+00,1.105771729029152084e+01
9.573914782956590486e+00,1.105389957379912680e+01
9.575915183036606493e+00,1.105008120223287271e+01
9.577915583116622500e+00,1.104626198626714206e+01
9.579915983196638507e+00,1.104244177924266168e+01
9.581916383276654514e+00,1.103862047101718247e+01
9.583916783356670521e+00,1.103479798263101763e+01
9.585917183436686528e+00,1.103097426170267603e+01
9.587917583516702535e+00,1.102714927842215786e+01
9.589917983596718543e+00,1.102332302211983617e+01
9.591918383676734550e+00,1.101949549826878894e+01
9.593918783756750557e+00,1.101566672596443119e+01
9.595919183836766564e+00,1.101183673567838639e+01
9.597919583916782571e+00,1.100800556739119784e+01
9.599919983996798578e+00,1.100417326896426928e+01
9.601920384076814585e+00,1.100033989474142082e+01
9.603920784156830592e+00,1.099650550435124963e+01
9.605921184236846599e+00,1.099267016170935385e+01
9.607921584316862607e+00,1.098883393415185594e+01
9.609921984396878614e+00,1.098499689166912319e+01
9.611922384476894621e+00,1.098115910633037551e+01
9.613922784556910628e+00,1.097732065172061411e+01
9.615923184636926635e+00,1.097348160249982740e+01
9.617923584716942642e+00,1.096964203404885474e+01
9.619923984796958649e+00,1.096580202214624400e+01
9.621924384876974656e+00,1.096196164269172968e+01
9.623924784956990663e+00,1.095812097151988773e+01
9.625925185037006671e+00,1.095428008421473187e+01
9.627925585117022678e+00,1.095043905595082201e+01
9.629925985197038685e+00,1.094659796138921948e+01
9.631926385277054692e+00,1.094275687459196433e+01
9.633926785357070699e+00,1.093891586893147938e+01
9.635927185437086706e+00,1.093507501703967932e+01
9.637927585517102713e+00,1.093123439078264880e+01
9.639927985597118720e+00,1.092739406119373946e+01
9.641928385677134727e+00,1.092355409849735004e+01
9.643928785757150735e+00,1.091971457205909424e+01
9.645929185837166742e+00,1.091587555040591617e+01
9.647929585917182749e+00,1.091203710121154735e+01
9.649929985997198756e+00,1.090819929129827415e+01
9.651930386077214763e+00,1.090436218666421198e+01
9.653930786157230770e+00,1.090052585246650629e+01
9.655931186237246777e+00,1.089669035306505940e+01
9.657931586317262784e+00,1.089285575201276934e+01
9.659931986397278791e+00,1.088902211208167259e+01
9.661932386477294799e+00,1.088518949528160462e+01
9.663932786557310806e+00,1.088135796286904622e+01
9.665933186637326813e+00,1.087752757537910142e+01
9.667933586717342820e+00,1.087369839262477633e+01
9.669933986797358827e+00,1.086987047375031068e+01
9.671934386877374834e+00,1.086604387719295417e+01
9.673934786957390841e+00,1.086221866075228171e+01
9.675935187037406848e+00,1.085839488158633870e+01
9.677935587117422855e+00,1.085457259622025106e+01
9.679935987197438862e+00,1.085075186058299224e+01
9.681936387277454870e+00,1.084693273000352853e+01
9.683936787357470877e+00,1.084311525923985542e+01
9.685937187437486884e+00,1.083929950248634988e+01
9.687937587517502891e+00,1.083548551338314070e+01
9.689937987597518898e+00,1.083167334505093748e+01
9.691938387677534905e+00,1.082786305008040451e+01
9.693938787757550912e+00,1.082405468055526931e+01
9.695939187837566919e+00,1.082024828805856664e+01
9.697939587917582926e+00,1.081644392369378949e+01
9.699939987997598934e+00,1.081264163807974832e+01
9.701940388077614941e+00,1.080884148138901857e+01
9.703940788157630948e+00,1.080504350332252628e+01
9.705941188237646955e+00,1.080124775313457341e+01
9.707941588317662962e+00,1.079745427965640303e+01
9.709941988397678969e+00,1.079366313128122279e+01
9.711942388477694976e+00,1.078987435598477163e+01
9.713942788557710983e+00,1.078608800133409140e+01
9.715943188637726990e+00,1.078230411448505954e+01
9.717943588717742998e+00,1.077852274219227269e+01
9.719943988797759005e+00,1.077474393083311277e+01
9.721944388877775012e+00,1.077096772638541999e+01
9.723944788957791019e+00,1.076719417444894233e+01
9.725945189037807026e+00,1.076342332026136006e+01
9.727945589117823033e+00,1.075965520868543024e+01
9.729945989197839040e+00,1.075588988421169212e+01
9.731946389277855047e+00,1.075212739098725123e+01
9.733946789357871054e+00,1.074836777280014033e+01
9.735947189437887062e+00,1.074461107309349117e+01
9.737947589517903069e+00,1.074085733495603101e+01
9.739947989597919076e+00,1.073710660114349835e+01
9.741948389677935083e+00,1.073335891408263443e+01
9.743948789757951090e+00,1.072961431585217973e+01
9.745949189837967097e+00,1.072587284821916676e+01
9.747949589917983104e+00,1.072213455261315573e+01
9.749949989997999111e+00,1.071839947014719918e+01
9.751950390078015118e+00,1.071466764161488427e+01
9.753950790158031126e+00,1.071093910749225664e+01
9.755951190238047133e+00,1.070721390795438843e+01
9.757951590318063140e+00,1.070349208284857667e+01
9.759951990398079147e+00,1.069977367173229688e+01
9.761952390478095154e+00,1.069605871385010509e+01
9.763952790558111161e+00,1.069234724815277282e+01
9.765953190638127168e+00,1.068863931328034766e+01
9.767953590718143175e+00,1.068493494758877205e+01
9.769953990798159182e+00,1.068123418913596012e+01
9.771954390878175190e+00,1.067753707568604149e+01
9.773954790958191197e+00,1.067384364471576319e+01
9.775955191038207204e+00,1.067015393341676166e+01
9.777955591118223211e+00,1.066646797869479535e+01
9.779955991198239218e+00,1.066278581716546903e+01
9.781956391278255225e+00,1.065910748517572060e+01
9.783956791358271232e+00,1.065543301878124716e+01
9.785957191438287239e+00,1.065176245377938358e+01
9.787957591518303246e+00,1.064809582566371837e+01
9.789957991598319254e+00,1.064443316967665076e+01
9.791958391678335261e+00,1.064077452078297092e+01
9.793958791758351268e+00,1.063711991367483023e+01
9.795959191838367275e+00,1.063346938277448572e+01
9.797959591918383282e+00,1.062982296224302381e+01
9.799959991998399289e+00,1.062618068597410392e+01
9.801960392078415296e+00,1.062254258759515579e+01
9.803960792158431303e+00,1.061890870046857316e+01
9.805961192238447310e+00,1.061527905770673286e+01
9.807961592318463317e+00,1.061165369214796961e+01
9.809961992398479325e+00,1.060803263639108351e+01
9.811962392478495332e+00,1.060441592276684375e+01
9.813962792558511339e+00,1.060080358334272610e+01
9.815963192638527346e+00,1.059719564994581731e+01
9.817963592718543353e+00,1.059359215415125277e+01
9.819963992798559360e+00,1.058999312726843556e+01
9.821964392878575367e+00,1.058639860037961711e+01
9.823964792958591374e+00,1.058280860429461967e+01
9.825965193038607381e+00,1.057922316958619113e+01
9.827965593118623389e+00,1.057564232658551973e+01
9.829965993198639396e+00,1.057206610537155278e+01
9.831966393278655403e+00,1.056849453577720155e+01
9.833966793358671410e+00,1.056492764740700707e+01
9.835967193438687417e+00,1.056136546960138922e+01
9.837967593518703424e+00,1.055780803148528868e+01
9.839967993598719431e+00,1.055425536191230229e+01
9.841968393678735438e+00,1.055070748953200699e+01
9.843968793758751445e+00,1.054716444273859821e+01
9.845969193838767453e+00,1.054362624968410778e+01
9.847969593918783460e+00,1.054009293829441063e+01
9.849969993998799467e+00,1.053656453626381051e+01
9.851970394078815474e+00,1.053304107104594145e+01
9.853970794158831481e+00,1.052952256986216462e+01
9.855971194238847488e+00,1.052600905970640355e+01
9.857971594318863495e+00,1.052250056734612471e+01
9.859971994398879502e+00,1.051899711930557935e+01
9.861972394478895509e+00,1.051549874188771660e+01
9.863972794558911517e+00,1.051200546117403611e+01
9.865973194638927524e+00,1.050851730300593090e+01
9.867973594718943531e+00,1.050503429301216407e+01
9.869973994798959538e+00,1.050155645658351133e+01
9.871974394878975545e+00,1.049808381889632436e+01
9.873974794958991552e+00,1.049461640490229897e+01
9.875975195039007559e+00,1.049115423932360081e+01
9.877975595119023566e+00,1.048769734666129771e+01
9.879975995199039573e+00,1.048424575121216229e+01
9.881976395279055581e+00,1.048079947702894188e+01
9.883976795359071588e+00,1.047735854795741695e+01
9.885977195439087595e+00,1.047392298762642504e+01
9.887977595519103602e+00,1.047049281943963628e+01
9.889977995599119609e+00,1.046706806658967182e+01
9.891978395679135616e+00,1.046364875204623424e+01
9.893978795759151623e+00,1.046023489857723554e+01
9.895979195839167630e+00,1.045682652871407647e+01
9.897979595919183637e+00,1.045342366479397178e+01
9.899979995999199645e+00,1.045002632893238292e+01
9.901980396079215652e+00,1.044663454302890493e+01
9.903980796159231659e+00,1.044324832877541098e+01
9.905981196239247666e+00,1.043986770764859529e+01
9.907981596319263673e+00,1.043649270092472037e+01
9.909981996399279680e+00,1.043312332965372136e+01
9.911982396479295687e+00,1.042975961469340795e+01
9.913982796559311694e+00,1.042640157667736389e+01
9.915983196639327701e+00,1.042304923604008238e+01
9.917983596719343709e+00,1.041970261300503964e+01
9.919983996799359716e+00,1.041636172759792522e+01
9.921984396879375723e+00,1.041302659961939980e+01
9.923984796959391730e+00,1.040969724868425850e+01
9.925985197039407737e+00,1.040637369419812508e+01
9.927985597119423744e+00,1.040305595534624494e+01
9.929985997199439751e+00,1.039974405112745792e+01
9.931986397279455758e+00,1.039643800033104881e+01
9.933986797359471765e+00,1.039313782154646404e+01
9.935987197439487772e+00,1.038984353316358522e+01
9.937987597519503780e+00,1.038655515335423374e+01
9.939987997599519787e+00,1.038327270010731240e+01
9.941988397679535794e+00,1.037999619121390715e+01
9.943988797759551801e+00,1.037672564424951460e+01
9.945989197839567808e+00,1.037346107659705297e+01
9.947989597919583815e+00,1.037020250544349054e+01
9.949989997999599822e+00,1.036694994777733392e+01
9.951990398079615829e+00,1.036370342038439851e+01
9.953990798159631836e+00,1.036046293986255229e+01
9.955991198239647844e+00,1.035722852260564153e+01
9.957991598319663851e+00,1.035400018480686057e+01
9.959991998399679858e+00,1.035077794247703764e+01
9.961992398479695865e+00,1.034756181142458331e+01
9.963992798559711872e+00,1.034435180726342729e+01
9.965993198639727879e+00,1.034114794541140192e+01
9.967993598719743886e+00,1.033795024109710603e+01
9.969993998799759893e+00,1.033475870935104446e+01
9.971994398879775900e+00,1.033157336501817802e+01
9.973994798959791908e+00,1.032839422274229868e+01
9.975995199039807915e+00,1.032522129698613611e+01
9.977995599119823922e+00,1.032205460200722946e+01
9.979995999199839929e+00,1.031889415188731718e+01
9.981996399279855936e+00,1.031573996050753905e+01
9.983996799359871943e+00,1.031259747028466123e+01
9.985997199439887950e+00,1.034225657640511287e+01
9.987997599519903957e+00,1.033315447092570061e+01
9.989997999599919964e+00,1.032504895378102816e+01
9.991998399679935972e+00,1.031777695647213733e+01
9.993998799759951979e+00,1.031120270578677633e+01
9.995999199839967986e+00,1.030521303742572314e+01
9.997999599919983993e+00,1.029971353586959282e+01
1.000000000000000000e+01,1.029462535122589806e+01
