t,f
0.000000000000000000e+00,1.161591648891501460e+00
2.000400080016003206e-03,1.161591648891501460e+00
4.000800160032006413e-03,1.151008387167237190e+00
6.001200240048009185e-03,1.140294097441209686e+00
8.001600320064012825e-03,1.129451884483885449e+00
1.000200040008001647e-02,1.118484785596982833e+00
1.200240048009601837e-02,1.107395772311680071e+00
1.400280056011202201e-02,1.096187752039698093e+00
1.600320064012802565e-02,1.084863569678654382e+00
1.800360072014402929e-02,1.073426009172891549e+00
2.000400080016003293e-02,1.061877795031149763e+00
2.200440088017603657e-02,1.050221593802179942e+00
2.400480096019203674e-02,1.038460015509561130e+00
2.600520104020804038e-02,1.026595615046866250e+00
2.800560112022404402e-02,1.014630893534310907e+00
3.000600120024004766e-02,1.002568299637883964e+00
3.200640128025605130e-02,9.904102308522242382e-01
3.400680136027205147e-02,9.781590347480125791e-01
3.600720144028805858e-02,9.658170101851240030e-01
3.800760152030405875e-02,9.533864084923761029e-01
4.000800160032006586e-02,9.408694346148788190e-01
4.200840168033606603e-02,9.282682482298665327e-01
4.400880176035207314e-02,9.155849648319878131e-01
4.600920184036807331e-02,9.028216567888127653e-01
4.800960192038407348e-02,8.899803543675534057e-01
5.001000200040008059e-02,8.770630467336618663e-01
5.201040208041608076e-02,8.640716829222150341e-01
5.401080216043208787e-02,8.510081727828711085e-01
5.601120224044808804e-02,8.378743878990565497e-01
5.801160232046409515e-02,8.246721624822407337e-01
6.001200240048009532e-02,8.114032942419143746e-01
6.201240248049610243e-02,7.980695452320347716e-01
6.401280256051210260e-02,7.846726426745680438e-01
6.601320264052810971e-02,7.712142797608347866e-01
6.801360272054410294e-02,7.576961164312179253e-01
7.001400280056011005e-02,7.441197801339418660e-01
7.201440288057611716e-02,7.304868665634586256e-01
7.401480296059212427e-02,7.167989403790652192e-01
7.601520304060811750e-02,7.030575359042965378e-01
7.801560312062412461e-02,6.892641578076174058e-01
8.001600320064013172e-02,6.754202817650871715e-01
8.201640328065612495e-02,6.615273551052792689e-01
8.401680336067213206e-02,6.475867974372131464e-01
8.601720344068813917e-02,6.336000012616216370e-01
8.801760352070414628e-02,6.195683325660804597e-01
9.001800360072013951e-02,6.054931314044655899e-01
9.201840368073614662e-02,5.913757124612419869e-01
9.401880376075215373e-02,5.772173656008737774e-01
9.601920384076814696e-02,5.630193564029630782e-01
9.801960392078415407e-02,5.487829266833936792e-01
1.000200040008001612e-01,5.345092950019383338e-01
1.020204040808161683e-01,5.201996571566989136e-01
1.040208041608321615e-01,5.058551866657787777e-01
1.060212042408481686e-01,4.914770352365267492e-01
1.080216043208641757e-01,4.770663332227436659e-01
1.100220044008801829e-01,4.626241900701481002e-01
1.120224044808961761e-01,4.481516947504634030e-01
1.140228045609121832e-01,4.336499161844967754e-01
1.160232046409281903e-01,4.191199036544234202e-01
1.180236047209441835e-01,4.045626872056797829e-01
1.200240048009601906e-01,3.899792780387154600e-01
1.220244048809761978e-01,3.753706688908972078e-01
1.240248049609922049e-01,3.607378344088810751e-01
1.260252050410081981e-01,3.460817315116377912e-01
1.280256051210242052e-01,3.314032997445397477e-01
1.300260052010402123e-01,3.167034616246109380e-01
1.320264052810562194e-01,3.019831229772853565e-01
1.340268053610722265e-01,2.872431732649293190e-01
1.360272054410882059e-01,2.724844859072501624e-01
1.380276055211042130e-01,2.577079185939837869e-01
1.400280056011202201e-01,2.429143135899231032e-01
1.420284056811362272e-01,2.281044980326174532e-01
1.440288057611522343e-01,2.132792842228988794e-01
1.460292058411682414e-01,1.984394699084400804e-01
1.480296059211842485e-01,1.835858385605675380e-01
1.500300060012002279e-01,1.687191596444882480e-01
1.520304060812162350e-01,1.538401888831295583e-01
1.540308061612322421e-01,1.389496685147968424e-01
1.560312062412482492e-01,1.240483275447876732e-01
1.580316063212642563e-01,1.091368819911193722e-01
1.600320064012802634e-01,9.421603512461496077e-02
1.620324064812962706e-01,7.928647770340613299e-02
1.640328065613122499e-01,6.434888820209128113e-02
1.660332066413282570e-01,4.940393303563550553e-02
1.680336067213442641e-01,3.445226677820556471e-02
1.700340068013602712e-01,1.949453237705667252e-02
1.720344068813762783e-01,4.531361361629793194e-03
1.740348069613922855e-01,-1.043662595203120880e-02
1.760352070414082926e-01,-2.540882026141355610e-02
1.780356071214242719e-01,-4.038462308205348350e-02
1.800360072014402790e-01,-5.536344655635749845e-02
1.820364072814562861e-01,-7.034471326660307611e-02
1.840368073614722932e-01,-8.532785605199477708e-02
1.860372074414883004e-01,-1.003123178296297935e-01
1.880376075215043075e-01,-1.152975514193540496e-01
1.900380076015203146e-01,-1.302830193722980257e-01
1.920384076815362939e-01,-1.452681938030884190e-01
1.940388077615523010e-01,-1.602525562255228131e-01
1.960392078415683081e-01,-1.752355973917493204e-01
1.980396079215843153e-01,1.803573461702036127e+02
2.000400080016003224e-01,1.601085844150789228e+02
2.020404080816163295e-01,1.372582635402768858e+02
2.040408081616323366e-01,1.175090426734724076e+02
2.060412082416483437e-01,1.005642144717142656e+02
2.080416083216643230e-01,8.605349511443509414e+01
2.100420084016803302e-01,7.365216795550473705e+01
2.120424084816963373e-01,6.307610375647220735e+01
2.140428085617123444e-01,5.360867130150230508e+01
2.160432086417283515e-01,4.605757264478916824e+01
2.180436087217443586e-01,3.966481363258001380e+01
2.200440088017603657e-01,3.426885939749193710e+01
2.220444088817763451e-01,2.972937463057843388e+01
2.240448089617923522e-01,2.592459581882978981e+01
2.260452090418083593e-01,2.274900424127816478e+01
2.280456091218243664e-01,2.011127062997399761e+01
2.300460092018403735e-01,1.793244375824000159e+01
2.320464092818563806e-01,1.614435703753449047e+01
2.340468093618723877e-01,1.468822923837319472e+01
2.360472094418883671e-01,1.351343754365175265e+01
2.380476095219043742e-01,1.257644319985568693e+01
2.400480096019203813e-01,1.183985199616740758e+01
2.420484096819363884e-01,1.127159364216314330e+01
2.440488097619523955e-01,1.084420581768385006e+01
2.460492098419684026e-01,1.053421022686960740e+01
2.480496099219844097e-01,1.032156940673241152e+01
2.500500100020003891e-01,1.018478763785855534e+01
2.520504100820163962e-01,1.009881172925431159e+01
2.540508101620324033e-01,1.005767912193504543e+01
2.560512102420484104e-01,1.005639175616241765e+01
2.580516103220644175e-01,1.008982603327592464e+01
2.600520104020804246e-01,1.015292613066100635e+01
2.620524104820964317e-01,1.024085007931880753e+01
2.640528105621124388e-01,1.034907265795296638e+01
2.660532106421284460e-01,1.047345099027544713e+01
2.680536107221444531e-01,1.040948357984514061e+01
2.700540108021604602e-01,1.060502932587825775e+01
2.720544108821764118e-01,1.079940066922546649e+01
2.740548109621924189e-01,1.099482490975582216e+01
2.760552110422084260e-01,1.118834176731361651e+01
2.780556111222244331e-01,1.137766089495329958e+01
2.800560112022404402e-01,1.156110743564997634e+01
2.820564112822564473e-01,1.173749775986916077e+01
2.840568113622724544e-01,1.190603793050729742e+01
2.860572114422884615e-01,1.206624099355649626e+01
2.880576115223044686e-01,1.221785978979390563e+01
2.900580116023204758e-01,1.236083252283773248e+01
2.920584116823364829e-01,1.249523878993401382e+01
2.940588117623524900e-01,1.262126418094373292e+01
2.960592118423684971e-01,1.273917188561029157e+01
2.980596119223845042e-01,1.284928002623444065e+01
3.000600120024004558e-01,1.295194366194808211e+01
3.020604120824164629e-01,1.304754059862843896e+01
3.040608121624324700e-01,1.313646029365802370e+01
3.060612122424484771e-01,1.321909527143902885e+01
3.080616123224644842e-01,1.329583457050645556e+01
3.100620124024804913e-01,1.336705882881126328e+01
3.120624124824964984e-01,1.343313668471457767e+01
3.140628125625125056e-01,1.349442222955219783e+01
3.160632126425285127e-01,1.355125329570382497e+01
3.180636127225445198e-01,1.360395040377786735e+01
3.200640128025605269e-01,1.365281622516842575e+01
3.220644128825765340e-01,1.369813544329931254e+01
3.240648129625925411e-01,1.374017491892121079e+01
3.260652130426085482e-01,1.377918408316056542e+01
3.280656131226244998e-01,1.381539549703433956e+01
3.300660132026405069e-01,1.384902552850487822e+01
3.320664132826565140e-01,1.388027510796970176e+01
3.340668133626725211e-01,1.390933053183003842e+01
3.360672134426885282e-01,1.393636428988875586e+01
3.380676135227045354e-01,1.396153589825623875e+01
3.400680136027205425e-01,1.398499272376333202e+01
3.420684136827365496e-01,1.400687078911571959e+01
3.440688137627525567e-01,1.402729555144616569e+01
3.460692138427685638e-01,1.404638264867088004e+01
3.480696139227845709e-01,1.406423861020900645e+01
3.500700140028005780e-01,1.408096152995504013e+01
3.520704140828165851e-01,1.409664170034949748e+01
3.540708141628325922e-01,1.411136220756356963e+01
3.560712142428485438e-01,1.412519948811675796e+01
3.580716143228645509e-01,1.413822384799184739e+01
3.600720144028805580e-01,1.415049994548783729e+01
3.620724144828965652e-01,1.416208723944209780e+01
3.640728145629125723e-01,1.417304040439725732e+01
3.660732146429285794e-01,1.418340971468519207e+01
3.680736147229445865e-01,1.419324139915639549e+01
3.700740148029605936e-01,1.420257796834611597e+01
3.720744148829766007e-01,1.421145851610571853e+01
3.740748149629926078e-01,1.421991899716129737e+01
3.760752150430086149e-01,1.422799248264240646e+01
3.780756151230246220e-01,1.423570939488962850e+01
3.800760152030406291e-01,1.424309772327361756e+01
3.820764152830566363e-01,1.425018322243343682e+01
3.840768153630725879e-01,1.425698959429375456e+01
3.860772154430885950e-01,1.426353865512060715e+01
3.880776155231046021e-01,1.426985048881704543e+01
3.900780156031206092e-01,1.427594358764289417e+01
3.920784156831366163e-01,1.428183498121796724e+01
3.940788157631526234e-01,1.428754035496462649e+01
3.960792158431686305e-01,1.429307415867528164e+01
3.980796159231846376e-01,1.429844970616692557e+01
4.000800160032006447e-01,1.430367926669520173e+01
4.020804160832166518e-01,1.430877414879315523e+01
4.040808161632326589e-01,1.431374477721462135e+01
4.060812162432486661e-01,1.431860076359902223e+01
4.080816163232646732e-01,1.432335097121073453e+01
4.100820164032806803e-01,1.432800357451292683e+01
4.120824164832966874e-01,1.433256611373563594e+01
4.140828165633126390e-01,1.433704554508590512e+01
4.160832166433286461e-01,1.434144828679636774e+01
4.180836167233446532e-01,1.434578026149568863e+01
4.200840168033606603e-01,1.435004693509332796e+01
4.220844168833766674e-01,1.435425335252726420e+01
4.240848169633926745e-01,1.435840417068430774e+01
4.260852170434086816e-01,1.436250368860254589e+01
4.280856171234246887e-01,1.436655587528094102e+01
4.300860172034406959e-01,1.437056439528466356e+01
4.320864172834567030e-01,1.437453263228194800e+01
4.340868173634727101e-01,1.437846371075202967e+01
4.360872174434887172e-01,1.438236051589883857e+01
4.380876175235047243e-01,1.438622571206014555e+01
4.400880176035207314e-01,1.439006175965949552e+01
4.420884176835366830e-01,1.439387093076411439e+01
4.440888177635526901e-01,1.439765532352128474e+01
4.460892178435686972e-01,1.440141687537059489e+01
4.480896179235847043e-01,1.440515737531150009e+01
4.500900180036007114e-01,1.440887847513374354e+01
4.520904180836167185e-01,1.441258169985672843e+01
4.540908181636327257e-01,1.441626845730589146e+01
4.560912182436487328e-01,1.441994004697498255e+01
4.580916183236647399e-01,1.442359766821617306e+01
4.600920184036807470e-01,1.442724242776117549e+01
4.620924184836967541e-01,1.443087534670883798e+01
4.640928185637127612e-01,1.443449736696090113e+01
4.660932186437287683e-01,1.443810935717429089e+01
4.680936187237447754e-01,1.444171211823972456e+01
4.700940188037607270e-01,1.444530638837086300e+01
4.720944188837767341e-01,1.444889284780366800e+01
4.740948189637927412e-01,1.445247212311083196e+01
4.760952190438087483e-01,1.445604479123837649e+01
4.780956191238247555e-01,1.445961138319960781e+01
4.800960192038407626e-01,1.446317238751242407e+01
4.820964192838567697e-01,1.446672825334420409e+01
4.840968193638727768e-01,1.447027939349363557e+01
4.860972194438887839e-01,1.447382618705633384e+01
4.880976195239047910e-01,1.447736898197334732e+01
4.900980196039207981e-01,1.448090809732491380e+01
4.920984196839368052e-01,1.448444382549814691e+01
4.940988197639528123e-01,1.448797643418154557e+01
4.960992198439688194e-01,1.449150616817943416e+01
4.980996199239847710e-01,1.600703050310632136e+01
5.001000200040007782e-01,1.584870217183334695e+01
5.021004200840167853e-01,1.571642378211852886e+01
5.041008201640327924e-01,1.560639071760165564e+01
5.061012202440487995e-01,1.551907735747124129e+01
5.081016203240648066e-01,1.545159317206348248e+01
5.101020204040808137e-01,1.539441611044343539e+01
5.121024204840968208e-01,1.534603685135363449e+01
5.141028205641128279e-01,1.805010935675484518e+01
5.161032206441288350e-01,1.774882062449229636e+01
5.181036207241448421e-01,1.748493772155438464e+01
5.201040208041608492e-01,1.725370682240557585e+01
5.221044208841768564e-01,1.705100054610825211e+01
5.241048209641928635e-01,1.687169859158355223e+01
5.261052210442088706e-01,1.671596579520812753e+01
5.281056211242248777e-01,2.153353298289305329e+01
5.301060212042408848e-01,2.086083392293014782e+01
5.321064212842568919e-01,2.376546309424567127e+01
5.341068213642728990e-01,2.276945627161122587e+01
5.361072214442889061e-01,2.191186622133248463e+01
5.381076215243049132e-01,2.119941688073874175e+01
5.401080216043209203e-01,2.058538804352279072e+01
5.421084216843368164e-01,2.004915018897871093e+01
5.441088217643528235e-01,1.958086083357663298e+01
5.461092218443688306e-01,1.917195828568574356e+01
5.481096219243848378e-01,1.881497598656454784e+01
5.501100220044008449e-01,1.850339007357883503e+01
5.521104220844168520e-01,2.089018396107207209e+01
5.541108221644328591e-01,2.020533174057367276e+01
5.561112222444488662e-01,1.962062191145199819e+01
5.581116223244648733e-01,1.912181216362935032e+01
5.601120224044808804e-01,1.869665395193104374e+01
5.621124224844968875e-01,1.833460962201100486e+01
5.641128225645128946e-01,1.802661227726129667e+01
5.661132226445289017e-01,1.776486091776642695e+01
5.681136227245449088e-01,1.754264501901668183e+01
5.701140228045609160e-01,1.735419390525366623e+01
5.721144228845769231e-01,1.719454715351891494e+01
5.741148229645929302e-01,1.705944293293546465e+01
5.761152230446089373e-01,1.694522170243861936e+01
5.781156231246249444e-01,1.684874310095538874e+01
5.801160232046409515e-01,1.676731419485514607e+01
5.821164232846569586e-01,1.669862751860116035e+01
5.841168233646729657e-01,1.664070756970235010e+01
5.861172234446889728e-01,1.659186460732770385e+01
5.881176235247049799e-01,1.655065476411282432e+01
5.901180236047209871e-01,1.651584561582042809e+01
5.921184236847369942e-01,1.648638647056035822e+01
5.941188237647530013e-01,1.646138273865681967e+01
5.961192238447690084e-01,1.644007383067071970e+01
5.981196239247849045e-01,1.642181410516274198e+01
6.001200240048009116e-01,1.640605645211684305e+01
6.021204240848169187e-01,1.639233815379876802e+01
6.041208241648329258e-01,1.638026871243903315e+01
6.061212242448489329e-01,1.636951937656475664e+01
6.081216243248649400e-01,1.635981413331303713e+01
6.101220244048809471e-01,1.635092196581088331e+01
6.121224244848969542e-01,1.634265020181815586e+01
6.141228245649129613e-01,1.633483880317514547e+01
6.161232246449289685e-01,1.632735546619970179e+01
6.181236247249449756e-01,1.632009142064120510e+01
6.201240248049609827e-01,1.631295783041682057e+01
6.221244248849769898e-01,1.630588271204678108e+01
6.241248249649929969e-01,1.629880829883547833e+01
6.261252250450090040e-01,1.629168878817066002e+01
6.281256251250250111e-01,1.628448841815815484e+01
6.301260252050410182e-01,1.627717982732922763e+01
6.321264252850570253e-01,1.626974265722730095e+01
6.341268253650730324e-01,1.626216236350929023e+01
6.361272254450890395e-01,1.625442920588613305e+01
6.381276255251050467e-01,1.624653739124723373e+01
6.401280256051210538e-01,1.623848434803540286e+01
6.421284256851370609e-01,1.623027011297317301e+01
6.441288257651530680e-01,1.622189681377559367e+01
6.461292258451690751e-01,1.621336823389878745e+01
6.481296259251850822e-01,1.620468944736035866e+01
6.501300260052010893e-01,1.619586651322867255e+01
6.521304260852170964e-01,1.618690622090097619e+01
6.541308261652331035e-01,1.617781587874407734e+01
6.561312262452489996e-01,1.616860313937928595e+01
6.581316263252650067e-01,1.615927585614356587e+01
6.601320264052810138e-01,1.614984196590360455e+01
6.621324264852970209e-01,1.614030939420906208e+01
6.641328265653130281e-01,1.613068597918761427e+01
6.661332266453290352e-01,1.612097941128842038e+01
6.681336267253450423e-01,1.611119718627450936e+01
6.701340268053610494e-01,1.610134656927577623e+01
6.721344268853770565e-01,1.609143456817859885e+01
6.741348269653930636e-01,1.608146791463519776e+01
6.761352270454090707e-01,1.607145305139425773e+01
6.781356271254250778e-01,1.606139612489991464e+01
6.801360272054410849e-01,1.605130298212065654e+01
6.821364272854570920e-01,1.604117917081914868e+01
6.841368273654730991e-01,1.603102994260635228e+01
6.861372274454891063e-01,1.602086025815073711e+01
6.881376275255051134e-01,1.601067479416796502e+01
6.901380276055211205e-01,1.600047795159125030e+01
6.921384276855371276e-01,1.599027386492033642e+01
6.941388277655531347e-01,1.598006641199364530e+01
6.961392278455691418e-01,1.596985922447195172e+01
6.981396279255851489e-01,1.595965569847896148e+01
7.001400280056011560e-01,1.594945900531606142e+01
7.021404280856171631e-01,1.593927210230088498e+01
7.041408281656331702e-01,1.592909774338686013e+01
7.061412282456491774e-01,1.591893848970580727e+01
7.081416283256651845e-01,1.590879671969239695e+01
7.101420284056811916e-01,1.589867463915530976e+01
7.121424284856970877e-01,1.588857429078894867e+01
7.141428285657130948e-01,1.587849756346894559e+01
7.161432286457291019e-01,1.586844620115499360e+01
7.181436287257451090e-01,1.585842181133222972e+01
7.201440288057611161e-01,1.584842587321180751e+01
7.221444288857771232e-01,1.583845974538229306e+01
7.241448289657931303e-01,1.582852467323350076e+01
7.261452290458091374e-01,1.581862179584833328e+01
7.281456291258251445e-01,1.580875215269075440e+01
7.301460292058411516e-01,1.579891668980822139e+01
7.321464292858571588e-01,1.578911626575818872e+01
7.341468293658731659e-01,1.577935165714491994e+01
7.361472294458891730e-01,1.576962356394789033e+01
7.381476295259051801e-01,1.575993261439531778e+01
7.401480296059211872e-01,1.575027936968950293e+01
7.421484296859371943e-01,1.574066432835170914e+01
7.441488297659532014e-01,1.573108793033146569e+01
7.461492298459692085e-01,1.572155056093463621e+01
7.481496299259852156e-01,1.571205255441092596e+01
7.501500300060012227e-01,1.570259419738007090e+01
7.521504300860172298e-01,1.569317573203168159e+01
7.541508301660332370e-01,1.568379735911216777e+01
7.561512302460492441e-01,1.567445924076859498e+01
7.581516303260652512e-01,1.566516150313987055e+01
7.601520304060812583e-01,1.565590423888098393e+01
7.621524304860972654e-01,1.564668750943580378e+01
7.641528305661132725e-01,1.563751134717576008e+01
7.661532306461292796e-01,1.562837575751961339e+01
7.681536307261451757e-01,1.561928072072899276e+01
7.701540308061611828e-01,1.561022619376024778e+01
7.721544308861771899e-01,1.560121211186718604e+01
7.741548309661931970e-01,1.559223839019782964e+01
7.761552310462092041e-01,1.558330492522764743e+01
7.781556311262252112e-01,1.557441159611882497e+01
7.801560312062412184e-01,1.556555826599842618e+01
7.821564312862572255e-01,1.555674478315247811e+01
7.841568313662732326e-01,1.554797098213492035e+01
7.861572314462892397e-01,1.553923668479093578e+01
7.881576315263052468e-01,1.553054170126616462e+01
7.901580316063212539e-01,1.552188583086912388e+01
7.921584316863372610e-01,1.551326886296545737e+01
7.941588317663532681e-01,1.550469057774277992e+01
7.961592318463692752e-01,1.549615074697208073e+01
7.981596319263852823e-01,1.548764913468336246e+01
8.001600320064012895e-01,1.547918549785752340e+01
8.021604320864172966e-01,1.547075958698261822e+01
8.041608321664333037e-01,1.546237114663644086e+01
8.061612322464493108e-01,1.545401991602937386e+01
8.081616323264653179e-01,1.544570562952313963e+01
8.101620324064813250e-01,1.566685681959681276e+01
8.121624324864973321e-01,1.561454777441141673e+01
8.141628325665133392e-01,1.556867460470366638e+01
8.161632326465293463e-01,1.552830728298716068e+01
8.181636327265453534e-01,1.549264910661589667e+01
8.201640328065613605e-01,1.546101778262408288e+01
8.221644328865773677e-01,1.543282917261396214e+01
8.241648329665933748e-01,1.540758332711730461e+01
8.261652330466092709e-01,1.616146087759283034e+01
8.281656331266252780e-01,1.594604047782679501e+01
8.301660332066412851e-01,1.651424300109531984e+01
8.321664332866572922e-01,1.617185608162434107e+01
8.341668333666732993e-01,1.588965188969506492e+01
8.361672334466893064e-01,1.564410727989355365e+01
8.381676335267053135e-01,1.543055520965784666e+01
8.401680336067213206e-01,1.524493458101778209e+01
8.421684336867373277e-01,1.508370721759602873e+01
8.441688337667533348e-01,1.494378752276679201e+01
8.461692338467693419e-01,1.482248252004870359e+01
8.481696339267853491e-01,1.471744048372942970e+01
8.501700340068013562e-01,1.462660674369683456e+01
8.521704340868173633e-01,1.454818553069479847e+01
8.541708341668333704e-01,1.448060694268884241e+01
8.561712342468493775e-01,1.569930846418694159e+01
8.581716343268653846e-01,1.527088967470948333e+01
8.601720344068813917e-01,1.490889668728794604e+01
8.621724344868973988e-01,1.460361640647253623e+01
8.641728345669134059e-01,1.434674622896871021e+01
8.661732346469294130e-01,1.413118650547453647e+01
8.681736347269454201e-01,1.395086487397803232e+01
8.701740348069614273e-01,1.380058709892874624e+01
8.721744348869774344e-01,1.367591010550583697e+01
8.741748349669934415e-01,1.357303370132769871e+01
8.761752350470094486e-01,1.348870810074714832e+01
8.781756351270254557e-01,1.342141642295464088e+01
8.801760352070414628e-01,1.336775507744897062e+01
8.821764352870573589e-01,1.332494487040774089e+01
8.841768353670733660e-01,1.329136206509427609e+01
8.861772354470893731e-01,1.326561556495740923e+01
8.881776355271053802e-01,1.324651423145149387e+01
8.901780356071213873e-01,1.323303875717095046e+01
8.921784356871373944e-01,1.322431745791758928e+01
8.941788357671534015e-01,1.321960543814879152e+01
8.961792358471694087e-01,1.321826666068739797e+01
8.981796359271854158e-01,1.321975851771669319e+01
9.001800360072014229e-01,1.322361855588666479e+01
9.021804360872174300e-01,1.322945305691352758e+01
9.041808361672334371e-01,1.323692721631049452e+01
9.061812362472494442e-01,1.324575669853311588e+01
9.081816363272654513e-01,1.325570037758956232e+01
9.101820364072814584e-01,1.326655409833076327e+01
9.121824364872974655e-01,1.327814531670629705e+01
9.141828365673134726e-01,1.329032849651715331e+01
9.161832366473294798e-01,1.330298115753445742e+01
9.181836367273454869e-01,1.331679621838155647e+01
9.201840368073614940e-01,1.333141798189197225e+01
9.221844368873775011e-01,1.334614156348675174e+01
9.241848369673935082e-01,1.336092329907582332e+01
9.261852370474095153e-01,1.337572763402391196e+01
9.281856371274255224e-01,1.339052584581458305e+01
9.301860372074415295e-01,1.340529495417028727e+01
9.321864372874575366e-01,1.342001679192797958e+01
9.341868373674735437e-01,1.343467721389615122e+01
9.361872374474895508e-01,1.344926542401995917e+01
9.381876375275055580e-01,1.346377340384571930e+01
9.401880376075214540e-01,1.347819542770923995e+01
9.421884376875374612e-01,1.349252765222633244e+01
9.441888377675534683e-01,1.350676776922881928e+01
9.461892378475694754e-01,1.352091471280701818e+01
9.481896379275854825e-01,1.353496841280951557e+01
9.501900380076014896e-01,1.354892958761958432e+01
9.521904380876174967e-01,1.356279957068693776e+01
9.541908381676335038e-01,1.357658016556405833e+01
9.561912382476495109e-01,1.359027352538205768e+01
9.581916383276655180e-01,1.360388205287836172e+01
9.601920384076815251e-01,1.361740831800890383e+01
9.621924384876975322e-01,1.363085499033470782e+01
9.641928385677135394e-01,1.364422478399451499e+01
9.661932386477295465e-01,1.365752041321642807e+01
9.681936387277455536e-01,1.367074455673969879e+01
9.701940388077615607e-01,1.368389982973549834e+01
9.721944388877775678e-01,1.369698876193860571e+01
9.741948389677935749e-01,1.371001378109537328e+01
9.761952390478095820e-01,1.372297720068573312e+01
9.781956391278255891e-01,1.373588121129767536e+01
9.801960392078415962e-01,1.374872787497277216e+01
9.821964392878576033e-01,1.376151912199536831e+01
9.841968393678736104e-01,1.377425674964934288e+01
9.861972394478896176e-01,1.378694242262448100e+01
9.881976395279056247e-01,1.379957767467596064e+01
9.901980396079216318e-01,1.381216391133805210e+01
9.921984396879376389e-01,1.382470241338704220e+01
9.941988397679536460e-01,1.383719434092249578e+01
9.961992398479695421e-01,1.384964073793969597e+01
9.981996399279855492e-01,1.386204253714069168e+01
1.000200040008001556e+00,1.387440056500659402e+01
1.002200440088017563e+00,1.388671554698918342e+01
1.004200840168033571e+00,1.453303328005077333e+01
1.006201240248049578e+00,1.452031598842645010e+01
1.008201640328065585e+00,1.451324152732665951e+01
1.010202040408081592e+00,1.451094641864246704e+01
1.012202440488097599e+00,1.451268874408120091e+01
1.014202840568113606e+00,1.451783130457446980e+01
1.016203240648129613e+00,1.452582705942606900e+01
1.018203640728145620e+00,1.453620654745484408e+01
1.020204040808161627e+00,1.454856702947818903e+01
1.022204440888177635e+00,1.456256312333358949e+01
1.024204840968193642e+00,1.457789873227623723e+01
1.026205241048209649e+00,1.459432009251998963e+01
1.028205641128225656e+00,1.461160978852614711e+01
1.030206041208241663e+00,1.462958160428399523e+01
1.032206441288257670e+00,1.464807609624237905e+01
1.034206841368273677e+00,1.554808099184537085e+01
1.036207241448289684e+00,1.550605076340285393e+01
1.038207641528305691e+00,1.775719942761836734e+01
1.040208041608321698e+00,1.893197153893670048e+01
1.042208441688337706e+00,1.851170113280754137e+01
1.044208841768353713e+00,1.815138067008467004e+01
1.046209241848369720e+00,1.784246506865411064e+01
1.048209641928385727e+00,1.757760455692097068e+01
1.050210042008401734e+00,1.735037093169267308e+01
1.052210442088417741e+00,1.715527046879630646e+01
1.054210842168433748e+00,1.698760746227949880e+01
1.056211242248449755e+00,1.684222073618064286e+01
1.058211642328465762e+00,1.671597364850810408e+01
1.060212042408481770e+00,1.660555356720107412e+01
1.062212442488497777e+00,1.650843260763795683e+01
1.064212842568513784e+00,1.642152659771540613e+01
1.066213242648529791e+00,1.634370621875201124e+01
1.068213642728545798e+00,1.627281526353721475e+01
1.070214042808561805e+00,1.620816925629502236e+01
1.072214442888577812e+00,1.614880026773033705e+01
1.074214842968593819e+00,1.609389465064802849e+01
1.076215243048609826e+00,1.604276972858242090e+01
1.078215643128625834e+00,1.599485393134072453e+01
1.080216043208641841e+00,1.594966986822747224e+01
1.082216443288657626e+00,1.590681990563091297e+01
1.084216843368673633e+00,1.586597388008345000e+01
1.086217243448689640e+00,1.582685863211040100e+01
1.088217643528705647e+00,1.578924909342656591e+01
1.090218043608721654e+00,1.575296069888440087e+01
1.092218443688737661e+00,1.571784292876509781e+01
1.094218843768753668e+00,1.568377381521984049e+01
1.096219243848769676e+00,1.565065527153946512e+01
1.098219643928785683e+00,1.561840912328248798e+01
1.100220044008801690e+00,1.558697373836281841e+01
1.102220444088817697e+00,1.555630116806208285e+01
1.104220844168833704e+00,1.552635472394760718e+01
1.106221244248849711e+00,1.549710692661566469e+01
1.108221644328865718e+00,1.546853777164190369e+01
1.110222044408881725e+00,1.544063326580575790e+01
1.112222444488897732e+00,1.541338419399424353e+01
1.114222844568913739e+00,1.538678508246748322e+01
1.116223244648929747e+00,1.536083332960989623e+01
1.118223644728945754e+00,1.533552847909632888e+01
1.120224044808961761e+00,1.531087161446933997e+01
1.122224444888977768e+00,1.528686485680724161e+01
1.124224844968993775e+00,1.526351095017066406e+01
1.126225245049009782e+00,1.524081292142106037e+01
1.128225645129025789e+00,1.521877380328299623e+01
1.130226045209041796e+00,1.519739641089296889e+01
1.132226445289057803e+00,1.517668316361000613e+01
1.134226845369073811e+00,1.515663594519696566e+01
1.136227245449089818e+00,1.513725599607689887e+01
1.138227645529105825e+00,1.511854383290411619e+01
1.140228045609121832e+00,1.510049919080905312e+01
1.142228445689137839e+00,1.508312098472864093e+01
1.144228845769153846e+00,1.506640728657227335e+01
1.146229245849169853e+00,1.505035531569521723e+01
1.148229645929185860e+00,1.503496144012529889e+01
1.150230046009201867e+00,1.502022118679329132e+01
1.152230446089217875e+00,1.500612925910793649e+01
1.154230846169233882e+00,1.499267956024963588e+01
1.156231246249249889e+00,1.497986522130622689e+01
1.158231646329265896e+00,1.496767863303603185e+01
1.160232046409281903e+00,1.495611148046002548e+01
1.162232446489297910e+00,1.494522937066002299e+01
1.164232846569313917e+00,1.493592687057974189e+01
1.166233246649329924e+00,1.492766449482686220e+01
1.168233646729345931e+00,1.492093558864895186e+01
1.170234046809361939e+00,1.491490427769546301e+01
1.172234446889377946e+00,1.490893854675897501e+01
1.174234846969393953e+00,1.490308987153008680e+01
1.176235247049409960e+00,1.489740082637607443e+01
1.178235647129425967e+00,1.489190627644270215e+01
1.180236047209441974e+00,1.521542617062122638e+01
1.182236447289457981e+00,1.499165757772691165e+01
1.184236847369473988e+00,1.480510835923236712e+01
1.186237247449489995e+00,1.465022213617872104e+01
1.188237647529506003e+00,1.452225999981755322e+01
1.190238047609522010e+00,1.441718046912095730e+01
1.192238447689538017e+00,1.433153721621168586e+01
1.194238847769554024e+00,1.426239186671704395e+01
1.196239247849569809e+00,1.420723961125326262e+01
1.198239647929585816e+00,1.416394571841019001e+01
1.200240048009601823e+00,1.413069133448980885e+01
1.202240448089617830e+00,1.410592720086174978e+01
1.204240848169633837e+00,1.408833412657587658e+01
1.206241248249649844e+00,1.407678922705753699e+01
1.208241648329665852e+00,1.407033708711128916e+01
1.210242048409681859e+00,1.406816513006336500e+01
1.212242448489697866e+00,1.406958258049801813e+01
1.214242848569713873e+00,1.407400249805670711e+01
1.216243248649729880e+00,1.408092643535283628e+01
1.218243648729745887e+00,1.408993133868132297e+01
1.220244048809761894e+00,1.490452543609256431e+01
1.222244448889777901e+00,1.494272053867845962e+01
1.224244848969793908e+00,1.497494985584763683e+01
1.226245249049809916e+00,1.500208789790983843e+01
1.228245649129825923e+00,1.502487951815445832e+01
1.230246049209841930e+00,1.504395926897552904e+01
1.232246449289857937e+00,1.505986784796153621e+01
1.234246849369873944e+00,1.507306607635114837e+01
1.236247249449889951e+00,1.508394678384203935e+01
1.238247649529905958e+00,1.509284491638068992e+01
1.240248049609921965e+00,1.510004613486059988e+01
1.242248449689937972e+00,1.510579413198191645e+01
1.244248849769953980e+00,1.511029685955778668e+01
1.246249249849969987e+00,1.511373182968345397e+01
1.248249649929985994e+00,1.511625062818299448e+01
1.250250050010002001e+00,1.511798275799941216e+01
1.252250450090018008e+00,1.511903891230502062e+01
1.254250850170034015e+00,1.511951376238253708e+01
1.256251250250050022e+00,1.511948833217435073e+01
1.258251650330066029e+00,1.511903202095770382e+01
1.260252050410082036e+00,1.511820432634323730e+01
1.262252450490098044e+00,1.511705631187205157e+01
1.264252850570114051e+00,1.511563185714184243e+01
1.266253250650130058e+00,1.511396872251640389e+01
1.268253650730146065e+00,1.511209945585714820e+01
1.270254050810162072e+00,1.511005216459778211e+01
1.272254450890178079e+00,1.510785117309662873e+01
1.274254850970194086e+00,1.542913822281285974e+01
1.276255251050210093e+00,1.538960597559004029e+01
1.278255651130226100e+00,1.535499363396711558e+01
1.280256051210242108e+00,1.532453013999445091e+01
1.282256451290258115e+00,1.529757404060048742e+01
1.284256851370274122e+00,1.527359113530220824e+01
1.286257251450290129e+00,1.525213607327523846e+01
1.288257651530306136e+00,1.523283718384997165e+01
1.290258051610322143e+00,1.521538395749689698e+01
1.292258451690338150e+00,1.519951670213141171e+01
1.294258851770354157e+00,1.518501798682579462e+01
1.296259251850370164e+00,1.517170555609193450e+01
1.298259651930386172e+00,1.515942645552877011e+01
1.300260052010402179e+00,1.514805215653489334e+01
1.302260452090418186e+00,1.513747450589886867e+01
1.304260852170434193e+00,1.512760235755952287e+01
1.306261252250450200e+00,1.511835876870830120e+01
1.308261652330466207e+00,1.510967866392759085e+01
1.310262052410481992e+00,1.459911360181576789e+01
1.312262452490497999e+00,1.449327442562536383e+01
1.314262852570514006e+00,1.440670750954259383e+01
1.316263252650530013e+00,1.433652559748175648e+01
1.318263652730546021e+00,1.428026409163549459e+01
1.320264052810562028e+00,1.423581969412640547e+01
1.322264452890578035e+00,1.420139792743982099e+01
1.324264852970594042e+00,1.417546824319311582e+01
1.326265253050610049e+00,1.526044029431082549e+01
1.328265653130626056e+00,1.526279022259833340e+01
1.330266053210642063e+00,1.526348082137443640e+01
1.332266453290658070e+00,1.526274701712162418e+01
1.334266853370674077e+00,1.526079448060083266e+01
1.336267253450690085e+00,1.525780307669909419e+01
1.338267653530706092e+00,1.525392996588665717e+01
1.340268053610722099e+00,1.524931237636412185e+01
1.342268453690738106e+00,1.524407006996135294e+01
1.344268853770754113e+00,1.523830752626583163e+01
1.346269253850770120e+00,1.523211587046176518e+01
1.348269653930786127e+00,1.522557456948526600e+01
1.350270054010802134e+00,1.521875292054128259e+01
1.352270454090818141e+00,1.521171135415643327e+01
1.354270854170834149e+00,1.455736532260899274e+01
1.356271254250850156e+00,1.446968853792876075e+01
1.358271654330866163e+00,1.439850605330345878e+01
1.360272054410882170e+00,1.434133452275543341e+01
1.362272454490898177e+00,1.429605475137056381e+01
1.364272854570914184e+00,1.426085876866782520e+01
1.366273254650930191e+00,1.423420456500779530e+01
1.368273654730946198e+00,1.539179553364493991e+01
1.370274054810962205e+00,1.538433773643736302e+01
1.372274454890978213e+00,1.537629730089575553e+01
1.374274854970994220e+00,1.536775111729207133e+01
1.376275255051010227e+00,1.535877018153879447e+01
1.378275655131026234e+00,1.521763314578981863e+01
1.380276055211042241e+00,1.519132525868696248e+01
1.382276455291058248e+00,1.516901232297205304e+01
1.384276855371074255e+00,1.515007510146589276e+01
1.386277255451090262e+00,1.513398697858196051e+01
1.388277655531106269e+00,1.512030032534435620e+01
1.390278055611122277e+00,1.510863486786239207e+01
1.392278455691138284e+00,1.509866776321438842e+01
1.394278855771154291e+00,1.509012513118107712e+01
1.396279255851170298e+00,1.528043477460087196e+01
1.398279655931186305e+00,1.527010812400662942e+01
1.400280056011202312e+00,1.525998869031019645e+01
1.402280456091218319e+00,1.525003606039372883e+01
1.404280856171234326e+00,1.524022379799513338e+01
1.406281256251250333e+00,1.523053590516042277e+01
1.408281656331266340e+00,1.522096408767586695e+01
1.410282056411282348e+00,1.514644682724367009e+01
1.412282456491298355e+00,1.511402938476579294e+01
1.414282856571314362e+00,1.508663291386979921e+01
1.416283256651330369e+00,1.506350542707953721e+01
1.418283656731346376e+00,1.504400532205011842e+01
1.420284056811362383e+00,1.502758537588976395e+01
1.422284456891378390e+00,1.441204183581441001e+01
1.424284856971394175e+00,1.434429138320251340e+01
1.426285257051410182e+00,1.513922108262869770e+01
1.428285657131426190e+00,1.514333243588228584e+01
1.430286057211442197e+00,1.514574346805318505e+01
1.432286457291458204e+00,1.439426511588560409e+01
1.434286857371474211e+00,1.433229524598075244e+01
1.436287257451490218e+00,1.518075815467343048e+01
1.438287657531506225e+00,1.518354922333216983e+01
1.440288057611522232e+00,1.518470298973368315e+01
1.442288457691538239e+00,1.438359863619653822e+01
1.444288857771554246e+00,1.519988370544423795e+01
1.446289257851570254e+00,1.520022577640269468e+01
1.448289657931586261e+00,1.439194503717062723e+01
1.450290058011602268e+00,1.433416592885099305e+01
1.452290458091618275e+00,1.524490701672008264e+01
1.454290858171634282e+00,1.524389949663939348e+01
1.456291258251650289e+00,1.524165873557431716e+01
1.458291658331666296e+00,1.523837081311534902e+01
1.460292058411682303e+00,1.523419860774015611e+01
1.462292458491698310e+00,1.444479870585001358e+01
1.464292858571714318e+00,1.437953599657783421e+01
1.466293258651730325e+00,1.432724881627360425e+01
1.468293658731746332e+00,1.529290861974563143e+01
1.470294058811762339e+00,1.528974744767307925e+01
1.472294458891778346e+00,1.515318642109433256e+01
1.474294858971794353e+00,1.513398558833953089e+01
1.476295259051810360e+00,1.511775990594195918e+01
1.478295659131826367e+00,1.510404305340593289e+01
1.480296059211842374e+00,1.525640894983915175e+01
1.482296459291858381e+00,1.525103631291816342e+01
1.484296859371874389e+00,1.524510041519028647e+01
1.486297259451890396e+00,1.512861964762018907e+01
1.488297659531906403e+00,1.510646200759232194e+01
1.490298059611922410e+00,1.508773805331641782e+01
1.492298459691938417e+00,1.520464931616939275e+01
1.494298859771954424e+00,1.519966320494845924e+01
1.496299259851970431e+00,1.519422124497118531e+01
1.498299659931986438e+00,1.446317352682450696e+01
1.500300060012002445e+00,1.439097150991252683e+01
1.502300460092018453e+00,1.433276381766020258e+01
1.504300860172034460e+00,1.522644743458465832e+01
1.506301260252050467e+00,1.522693139120246464e+01
1.508301660332066474e+00,1.522597217555259164e+01
1.510302060412082481e+00,1.511402167753377945e+01
1.512302460492098488e+00,1.509490725322975635e+01
1.514302860572114495e+00,1.507878741366859465e+01
1.516303260652130502e+00,1.436048799974697410e+01
1.518303660732146509e+00,1.521985454565518481e+01
1.520304060812162517e+00,1.521794075186116046e+01
1.522304460892178524e+00,1.521503271471046226e+01
1.524304860972194531e+00,1.521127699168457958e+01
1.526305261052210538e+00,1.443257334171994444e+01
1.528305661132226545e+00,1.436756333812785869e+01
1.530306061212242552e+00,1.431546163294811080e+01
1.532306461292258559e+00,1.527040281434274505e+01
1.534306861372274566e+00,1.526771055178972780e+01
1.536307261452290351e+00,1.526397462357012280e+01
1.538307661532306359e+00,1.513372629752160847e+01
1.540308061612322366e+00,1.511460049578132114e+01
1.542308461692338373e+00,1.509843744657410447e+01
1.544308861772354380e+00,1.523401486355866474e+01
1.546309261852370387e+00,1.522903556186500218e+01
1.548309661932386394e+00,1.522349828743812417e+01
1.550310062012402401e+00,1.512196702200249909e+01
1.552310462092418408e+00,1.509806324309157333e+01
1.554310862172434415e+00,1.507790332494896113e+01
1.556311262252450422e+00,1.439495004813127821e+01
1.558311662332466430e+00,1.433414048139340657e+01
1.560312062412482437e+00,1.521669077910053680e+01
1.562312462492498444e+00,1.521538317210602997e+01
1.564312862572514451e+00,1.521301936553253675e+01
1.566313262652530458e+00,1.520975114231506353e+01
1.568313662732546465e+00,1.520571414684523326e+01
1.570314062812562472e+00,1.444037310718590916e+01
1.572314462892578479e+00,1.437334408116295670e+01
1.574314862972594486e+00,1.431953651687392259e+01
1.576315263052610494e+00,1.525813250603378002e+01
1.578315663132626501e+00,1.525639587961824084e+01
1.580316063212642508e+00,1.525349942048695517e+01
1.582316463292658515e+00,1.524961564268025427e+01
1.584316863372674522e+00,1.524489640422960512e+01
1.586317263452690529e+00,1.515342020732057193e+01
1.588317663532706536e+00,1.512595516891968117e+01
1.590318063612722543e+00,1.510280135666544155e+01
1.592318463692738550e+00,1.508330077812941639e+01
1.594318863772754558e+00,1.438006911751824823e+01
1.596319263852770565e+00,1.432330491037361853e+01
1.598319663932786572e+00,1.505594258139774588e+01
1.600320064012802579e+00,1.523563267847381120e+01
1.602320464092818586e+00,1.523293183757637514e+01
1.604320864172834593e+00,1.522934819254696670e+01
1.606321264252850600e+00,1.522500618537533512e+01
1.608321664332866607e+00,1.522001847947396591e+01
1.610322064412882614e+00,1.521448650390030188e+01
1.612322464492898622e+00,1.446166485369142229e+01
1.614322864572914629e+00,1.439134925746198412e+01
1.616323264652930636e+00,1.433475009962452518e+01
1.618323664732946643e+00,1.509284376329869382e+01
1.620324064812962650e+00,1.508497242051392462e+01
1.622324464892978657e+00,1.525696793637011872e+01
1.624324864972994664e+00,1.525299747193842315e+01
1.626325265053010671e+00,1.524825807821852486e+01
1.628325665133026678e+00,1.524286164321235226e+01
1.630326065213042686e+00,1.523690917834029968e+01
1.632326465293058693e+00,1.514039569782831585e+01
1.634326865373074700e+00,1.511406171977354340e+01
1.636327265453090707e+00,1.509185037178185418e+01
1.638327665533106714e+00,1.507313443316698454e+01
1.640328065613122721e+00,1.438692862112566040e+01
1.642328465693138728e+00,1.432770122176070338e+01
1.644328865773154735e+00,1.521886348051871707e+01
1.646329265853170742e+00,1.521778087073675501e+01
1.648329665933186750e+00,1.521559827677424970e+01
1.650330066013202535e+00,1.521247327965602381e+01
1.652330466093218542e+00,1.520854658352715205e+01
1.654330866173234549e+00,1.443577568461012817e+01
1.656331266253250556e+00,1.436984701961975475e+01
1.658331666333266563e+00,1.431696968920208235e+01
1.660332066413282570e+00,1.526471176059783730e+01
1.662332466493298577e+00,1.526241350377704364e+01
1.664332866573314584e+00,1.525902835278254877e+01
1.666333266653330591e+00,1.525471767615609764e+01
1.668333666733346599e+00,1.524962388853603024e+01
1.670334066813362606e+00,1.515539384219495389e+01
1.672334466893378613e+00,1.512802503707249535e+01
1.674334866973394620e+00,1.510494415094195197e+01
1.676335267053410627e+00,1.508549667412944828e+01
1.678335667133426634e+00,1.506912507664936385e+01
1.680336067213442641e+00,1.437084740267459892e+01
1.682336467293458648e+00,1.431516283222811836e+01
1.684336867373474655e+00,1.523128744268552026e+01
1.686337267453490663e+00,1.522973742304109024e+01
1.688337667533506670e+00,1.522712645036394008e+01
1.690338067613522677e+00,1.522360475236505017e+01
1.692338467693538684e+00,1.521930704747986240e+01
1.694338867773554691e+00,1.521435362834433214e+01
1.696339267853570698e+00,1.445554909498599727e+01
1.698339667933586705e+00,1.438649982834068375e+01
1.700340068013602712e+00,1.433097302952670304e+01
1.702340468093618719e+00,1.509487302218556337e+01
1.704340868173634727e+00,1.525948976782663102e+01
1.706341268253650734e+00,1.525681608387866284e+01
1.708341668333666741e+00,1.511544302630761472e+01
1.710342068413682748e+00,1.524574368568168126e+01
1.712342468493698755e+00,1.511316653055822989e+01
1.714342868573714762e+00,1.523173158944238459e+01
1.716343268653730769e+00,1.510876128452351530e+01
1.718343668733746776e+00,1.521570105655521310e+01
1.720344068813762783e+00,1.510291751776747304e+01
1.722344468893778791e+00,1.519834598505613243e+01
1.724344868973794798e+00,1.442849425265962182e+01
1.726345269053810805e+00,1.436289061109275877e+01
1.728345669133826812e+00,1.521913315468328420e+01
1.730346069213842819e+00,1.521830612893985446e+01
1.732346469293858826e+00,1.521628252191944419e+01
1.734346869373874833e+00,1.440745634083062043e+01
1.736347269453890840e+00,1.434783151617164521e+01
1.738347669533906847e+00,1.509494272793013536e+01
1.740348069613922855e+00,1.525277171216616168e+01
1.742348469693938862e+00,1.524968780724740824e+01
1.744348869773954869e+00,1.524567713135653513e+01
1.746349269853970876e+00,1.512668105724314138e+01
1.748349669933986883e+00,1.510609994741176720e+01
1.750350070014002890e+00,1.508872714975942309e+01
1.752350470094018897e+00,1.521167774961831221e+01
1.754350870174034904e+00,1.520729950529232610e+01
1.756351270254050911e+00,1.520234408337415744e+01
1.758351670334066918e+00,1.445111844251650091e+01
1.760352070414082926e+00,1.438170337199557558e+01
1.762352470494098933e+00,1.432587121292555210e+01
1.764352870574114718e+00,1.524538502149989405e+01
1.766353270654130725e+00,1.524443687881266918e+01
1.768353670734146732e+00,1.510778703599300421e+01
1.770354070814162739e+00,1.523565008406193932e+01
1.772354470894178746e+00,1.510731328509496230e+01
1.774354870974194753e+00,1.522336645618191042e+01
1.776355271054210760e+00,1.510423822608133904e+01
1.778355671134226768e+00,1.520866092380656731e+01
1.780356071214242775e+00,1.441188079386336796e+01
1.782356471294258782e+00,1.435022783689345971e+01
1.784356871374274789e+00,1.523964053882230729e+01
1.786357271454290796e+00,1.523756973499229517e+01
1.788357671534306803e+00,1.523444563963906795e+01
1.790358071614322810e+00,1.512096340133499872e+01
1.792358471694338817e+00,1.510040934055357909e+01
1.794358871774354824e+00,1.508307196559325902e+01
1.796359271854370832e+00,1.520141733387205285e+01
1.798359671934386839e+00,1.439700729965578319e+01
1.800360072014402846e+00,1.433735091075227075e+01
1.802360472094418853e+00,1.523814821099197481e+01
1.804360872174434860e+00,1.523575361614280332e+01
1.806361272254450867e+00,1.523239261841452041e+01
1.808361672334466874e+00,1.522820702817254457e+01
1.810362072414482881e+00,1.522332321470879890e+01
1.812362472494498888e+00,1.444307883558229477e+01
1.814362872574514896e+00,1.437694423757577056e+01
1.816363272654530903e+00,1.510137567604851405e+01
1.818363672734546910e+00,1.508927287849637544e+01
1.820364072814562917e+00,1.523661768592933363e+01
1.822364472894578924e+00,1.523367977886362290e+01
1.824364872974594931e+00,1.522984376749382562e+01
1.826365273054610938e+00,1.512051837948166089e+01
1.828365673134626945e+00,1.509893109720221460e+01
1.830366073214642952e+00,1.508072971905728110e+01
1.832366473294658960e+00,1.437612572211860140e+01
1.834366873374674967e+00,1.521014973211890009e+01
1.836367273454690974e+00,1.520802946202680594e+01
1.838367673534706981e+00,1.520498905905610165e+01
1.840368073614722988e+00,1.441288432897207983e+01
1.842368473694738995e+00,1.435080891968152272e+01
1.844368873774755002e+00,1.523572950796468284e+01
1.846369273854771009e+00,1.523413042204471601e+01
1.848369673934787016e+00,1.523141866695394064e+01
1.850370074014803023e+00,1.522776141107826930e+01
1.852370474094819031e+00,1.442726054592183260e+01
1.854370874174835038e+00,1.436464064499304882e+01
1.856371274254851045e+00,1.510874404431640627e+01
1.858371674334867052e+00,1.509691592915253011e+01
1.860372074414883059e+00,1.525132506337097205e+01
1.862372474494899066e+00,1.524767158482386264e+01
1.864372874574915073e+00,1.524319347893650622e+01
1.866373274654931080e+00,1.512647223700119881e+01
1.868373674734947087e+00,1.510529091945035773e+01
1.870374074814963095e+00,1.508741591602536936e+01
1.872374474894979102e+00,1.520718408409942946e+01
1.874374874974995109e+00,1.520277321786159419e+01
1.876375275055011116e+00,1.442639308696261757e+01
1.878375675135026901e+00,1.436140046453713914e+01
1.880376075215042908e+00,1.522492846998728488e+01
1.882376475295058915e+00,1.522359907790489864e+01
1.884376875375074922e+00,1.522114140749442868e+01
1.886377275455090929e+00,1.440535105296320317e+01
1.888377675535106937e+00,1.509958051288069214e+01
1.890378075615122944e+00,1.522480601293440472e+01
1.892378475695138951e+00,1.510081593409450917e+01
1.894378875775154958e+00,1.521414097962222378e+01
1.896379275855170965e+00,1.439400164804415638e+01
1.898379675935186972e+00,1.433633150495387198e+01
1.900380076015202979e+00,1.525594867773900454e+01
1.902380476095218986e+00,1.525314199340184551e+01
1.904380876175234993e+00,1.524935685099030103e+01
1.906381276255251001e+00,1.512757904293905398e+01
1.908381676335267008e+00,1.510752711066696818e+01
1.910382076415283015e+00,1.509059782821053020e+01
1.912382476495299022e+00,1.521698862369308713e+01
1.914382876575315029e+00,1.521250983766144138e+01
1.916383276655331036e+00,1.520745417933366816e+01
1.918383676735347043e+00,1.444536090260426064e+01
1.920384076815363050e+00,1.437736265740709385e+01
1.922384476895379057e+00,1.432272896323978806e+01
1.924384876975395064e+00,1.525511830992986795e+01
1.926385277055411072e+00,1.525327422008984968e+01
1.928385677135427079e+00,1.525029292897085220e+01
1.930386077215443086e+00,1.512622390988943266e+01
1.932386477295459093e+00,1.510705997350805596e+01
1.934386877375475100e+00,1.509088020342574588e+01
1.936387277455491107e+00,1.522098633115867372e+01
1.938387677535507114e+00,1.521666794806581535e+01
1.940388077615523121e+00,1.521172900123908711e+01
1.942388477695539128e+00,1.511604396408494644e+01
1.944388877775555136e+00,1.442348842261094433e+01
1.946389277855571143e+00,1.435872587691322799e+01
1.948389677935587150e+00,1.430684641586514161e+01
1.950390078015603157e+00,1.525357618778741475e+01
1.952390478095619164e+00,1.525158346642358076e+01
1.954390878175635171e+00,1.524850683834173992e+01
1.956391278255651178e+00,1.524450342521070567e+01
1.958391678335667185e+00,1.523971290867087269e+01
1.960392078415683192e+00,1.513820028761235825e+01
1.962392478495699200e+00,1.511350071973615172e+01
1.964392878575715207e+00,1.509266362048250798e+01
1.966393278655731214e+00,1.507510014361769102e+01
1.968393678735747221e+00,1.437541517303318628e+01
1.970394078815763228e+00,1.520318163591548277e+01
1.972394478895779235e+00,1.520174551352956094e+01
1.974394878975795242e+00,1.438231769935822868e+01
1.976395279055811249e+00,1.521555170887259933e+01
1.978395679135827256e+00,1.521384309876946261e+01
1.980396079215843264e+00,1.438940788013587735e+01
1.982396479295859271e+00,1.522710028690750761e+01
1.984396879375875278e+00,1.522512176956946384e+01
1.986397279455891285e+00,1.439665507612343731e+01
1.988397679535907292e+00,1.433959902137150877e+01
1.990398079615923299e+00,1.526864506323789250e+01
1.992398479695939084e+00,1.526562580737688535e+01
1.994398879775955091e+00,1.513149563188299673e+01
1.996399279855971098e+00,1.511357923315823371e+01
1.998399679935987105e+00,1.509844433291614330e+01
2.000400080016003113e+00,1.523973582004039073e+01
2.002400480096019120e+00,1.523470069639057733e+01
2.004400880176035127e+00,1.522910480221164953e+01
2.006401280256051134e+00,1.512243315712175296e+01
2.008401680336067141e+00,1.509933619835546992e+01
2.010402080416083148e+00,1.519542217741402546e+01
2.012402480496099155e+00,1.442662238054209567e+01
2.014402880576115162e+00,1.436123101304857563e+01
2.016403280656131169e+00,1.521697610969002845e+01
2.018403680736147177e+00,1.521636804962810174e+01
2.020404080816163184e+00,1.521453632386516652e+01
2.022404480896179191e+00,1.440635020167166402e+01
2.024404880976195198e+00,1.434684394106268179e+01
2.026405281056211205e+00,1.509338218179493296e+01
2.028405681136227212e+00,1.525170521504820620e+01
2.030406081216243219e+00,1.524869234787965233e+01
2.032406481296259226e+00,1.524474651012531723e+01
2.034406881376275233e+00,1.512550875334781253e+01
2.036407281456291241e+00,1.510511916879724303e+01
2.038407681536307248e+00,1.508790808029175423e+01
2.040408081616323255e+00,1.521133555391775438e+01
2.042408481696339262e+00,1.520692428393917339e+01
2.044408881776355269e+00,1.520194501525698705e+01
2.046409281856371276e+00,1.445071200440354886e+01
2.048409681936387283e+00,1.438132352257247959e+01
2.050410082016403290e+00,1.432551493584718649e+01
2.052410482096419297e+00,1.524511738024923169e+01
2.054410882176435305e+00,1.524413873891276872e+01
2.056411282256451312e+00,1.524191118469252615e+01
2.058411682336467319e+00,1.512136816364513514e+01
2.060412082416483326e+00,1.510243448246180087e+01
2.062412482496499333e+00,1.508645874266645492e+01
2.064412882576515340e+00,1.521401458167667897e+01
2.066413282656531347e+00,1.521018532106912780e+01
2.068413682736547354e+00,1.441242099457342718e+01
2.070414082816563361e+00,1.521513270729283462e+01
2.072414482896579369e+00,1.438271373952718868e+01
2.074414882976595376e+00,1.523056236145088427e+01
2.076415283056611383e+00,1.522859920883477258e+01
2.078415683136627390e+00,1.511618589956903946e+01
2.080416083216643397e+00,1.509647010174147219e+01
2.082416483296659404e+00,1.437079515746763825e+01
2.084416883376675411e+00,1.522445660721890270e+01
2.086417283456691418e+00,1.522259032422343772e+01
2.088417683536707425e+00,1.438029397444764257e+01
2.090418083616723433e+00,1.523863926746242825e+01
2.092418483696739440e+00,1.523600831158682922e+01
2.094418883776755447e+00,1.512020019888728939e+01
2.096419283856771454e+00,1.510038451692151007e+01
2.098419683936787461e+00,1.508367143512496256e+01
2.100420084016803468e+00,1.436127818887560714e+01
2.102420484096819475e+00,1.522695717136674531e+01
2.104420884176835482e+00,1.522403900198634830e+01
2.106421284256851489e+00,1.522028022651905133e+01
2.108421684336867497e+00,1.521580428226749859e+01
2.110422084416883504e+00,1.443019544537687615e+01
2.112422484496899511e+00,1.436567893395930717e+01
2.114422884576915518e+00,1.523921218086546325e+01
2.116423284656931525e+00,1.523748280492616658e+01
2.118423684736947532e+00,1.511855278560238069e+01
2.120424084816963539e+00,1.509984743802157503e+01
2.122424484896979546e+00,1.521583504451705871e+01
2.124424884976995553e+00,1.439016215214686767e+01
2.126425285057011560e+00,1.522851486356530160e+01
2.128425685137027568e+00,1.510121346840184309e+01
2.130426085217043575e+00,1.521852274407532235e+01
2.132426485297059582e+00,1.438826442574776721e+01
2.134426885377075589e+00,1.523179851706168009e+01
2.136427285457091596e+00,1.510298538316550321e+01
2.138427685537107603e+00,1.522159206908455076e+01
2.140428085617123610e+00,1.510146654937533128e+01
2.142428485697139617e+00,1.437671910306228540e+01
2.144428885777155624e+00,1.522675526276859692e+01
2.146429285857171632e+00,1.522419040523850420e+01
2.148429685937187639e+00,1.522070219646031575e+01
2.150430086017203646e+00,1.441505737083119065e+01
2.152430486097219653e+00,1.435394368620537975e+01
2.154430886177235660e+00,1.525307378867925401e+01
2.156431286257251667e+00,1.511058318443084758e+01
2.158431686337267674e+00,1.509660587947596788e+01
2.160432086417283681e+00,1.524134221733233119e+01
2.162432486497299244e+00,1.523691020673221530e+01
2.164432886577315251e+00,1.523181606282051703e+01
2.166433286657331259e+00,1.512274131204925709e+01
2.168433686737347266e+00,1.510030496405618372e+01
2.170434086817363273e+00,1.519992917301489577e+01
2.172434486897379280e+00,1.442059477540093582e+01
2.174434886977395287e+00,1.435664029174634848e+01
2.176435287057411294e+00,1.522531169013435104e+01
2.178435687137427301e+00,1.522417546724822479e+01
2.180436087217443308e+00,1.522188034962746350e+01
2.182436487297459315e+00,1.440164391731387461e+01
2.184436887377475323e+00,1.509956744552593655e+01
2.186437287457491330e+00,1.508594488000342082e+01
2.188437687537507337e+00,1.522391278354298194e+01
2.190438087617523344e+00,1.522075289898188721e+01
2.192438487697539351e+00,1.521677697573803378e+01
2.194438887777555358e+00,1.442411636443061873e+01
2.196439287857571365e+00,1.436093509087118925e+01
2.198439687937587372e+00,1.509062002622735044e+01
2.200440088017603379e+00,1.524272791469524968e+01
2.202440488097619387e+00,1.523975709410041723e+01
2.204440888177635394e+00,1.523587774877666945e+01
2.206441288257651401e+00,1.512222078040066542e+01
2.208441688337667408e+00,1.510122698181381118e+01
2.210442088417683415e+00,1.508351897275163189e+01
2.212442488497699422e+00,1.520104947182668020e+01
2.214442888577715429e+00,1.439977468012638795e+01
2.216443288657731436e+00,1.433945088527889311e+01
2.218443688737747443e+00,1.523588098197264706e+01
2.220444088817763451e+00,1.523345771564332196e+01
2.222444488897779458e+00,1.523008390495585829e+01
2.224444888977795465e+00,1.522589882532514949e+01
2.226445289057811472e+00,1.522102671554506870e+01
2.228445689137827479e+00,1.444428028638727213e+01
2.230446089217843486e+00,1.437773773951677292e+01
2.232446489297859493e+00,1.432434400063103475e+01
2.234446889377875500e+00,1.527393549888756752e+01
2.236447289457891507e+00,1.511850374333982927e+01
2.238447689537907515e+00,1.526684923877804145e+01
2.240448089617923522e+00,1.511908243723055456e+01
2.242448489697939529e+00,1.525559957831489477e+01
2.244448889777955536e+00,1.511662472210782759e+01
2.246449289857971543e+00,1.524139908298059254e+01
2.248449689937987550e+00,1.523580121322966896e+01
2.250450090018003557e+00,1.512403383799395762e+01
2.252450490098019564e+00,1.510162355329836537e+01
2.254450890178035571e+00,1.508270859971061029e+01
2.256451290258051579e+00,1.519530391044391493e+01
2.258451690338067586e+00,1.519072853086139041e+01
2.260452090418083593e+00,1.443880296034770971e+01
2.262452490498099600e+00,1.437061885972003061e+01
2.264452890578115607e+00,1.431582971985656272e+01
2.266453290658131614e+00,1.523803818082213546e+01
2.268453690738147621e+00,1.523685675899650427e+01
2.270454090818163628e+00,1.523450610999396027e+01
2.272454490898179635e+00,1.523115682840584562e+01
2.274454890978195643e+00,1.522695998138680729e+01
2.276455291058211650e+00,1.522204900862094590e+01
2.278455691138227657e+00,1.446028088071275874e+01
2.280456091218243664e+00,1.511706526652020344e+01
2.282456491298259671e+00,1.509680814541329674e+01
2.284456891378275678e+00,1.507976522208045367e+01
2.286457291458291685e+00,1.436227634269597075e+01
2.288457691538307692e+00,1.430936808489625989e+01
2.290458091618323699e+00,1.506317122472052539e+01
2.292458491698339706e+00,1.525094150853325026e+01
2.294458891778355714e+00,1.524742842801920339e+01
2.296459291858371721e+00,1.524312159061084060e+01
2.298459691938387728e+00,1.523813165563325533e+01
2.300460092018403735e+00,1.523255952757197207e+01
2.302460492098419742e+00,1.522649662346841737e+01
2.304460892178435749e+00,1.522002532215092430e+01
2.306461292258451756e+00,1.447800011813528442e+01
2.308461692338467763e+00,1.440515591821007035e+01
2.310462092418483770e+00,1.510040550251189906e+01
2.312462492498499778e+00,1.508593542743154359e+01
2.314462892578515785e+00,1.507377184299422801e+01
2.316463292658531792e+00,1.506354955636648540e+01
2.318463692738547799e+00,1.505495821414448443e+01
2.320464092818563806e+00,1.521044908331927914e+01
2.322464492898579813e+00,1.520634049504471896e+01
2.324464892978595820e+00,1.520167248921527836e+01
2.326465293058611827e+00,1.441438134313076702e+01
2.328465693138627834e+00,1.520428096141900376e+01
2.330466093218643842e+00,1.438224517968882132e+01
2.332466493298659849e+00,1.521832729318041011e+01
2.334466893378675856e+00,1.521647090578926331e+01
2.336467293458691863e+00,1.438871411896156438e+01
2.338467693538707870e+00,1.523007967413575336e+01
2.340468093618723877e+00,1.522792232959208647e+01
2.342468493698739884e+00,1.439548242409593648e+01
2.344468893778755891e+00,1.524091554762462941e+01
2.346469293858771898e+00,1.437080690127785054e+01
2.348469693938787906e+00,1.526205412965271435e+01
2.350470094018803913e+00,1.525899701515329632e+01
2.352470494098819920e+00,1.514187964476076509e+01
2.354470894178835927e+00,1.512042166775032470e+01
2.356471294258851934e+00,1.510232104258884078e+01
2.358471694338867941e+00,1.508705832471661878e+01
2.360472094418883948e+00,1.507419140763699872e+01
2.362472494498899955e+00,1.521623920295094479e+01
2.364472894578915962e+00,1.521157615928108520e+01
2.366473294658931970e+00,1.520640225796679346e+01
2.368473694738947977e+00,1.442898386996198923e+01
2.370474094818963984e+00,1.436356610905621167e+01
2.372474494898979991e+00,1.522712543398753837e+01
2.374474894978995998e+00,1.522537473348452686e+01
2.376475295059012005e+00,1.522256410413088723e+01
2.378475695139028012e+00,1.440596865832225149e+01
2.380476095219044019e+00,1.523168233476876487e+01
2.382476495299060026e+00,1.437925129935175228e+01
2.384476895379076034e+00,1.524995267712368729e+01
2.386477295459092041e+00,1.512230728363328858e+01
2.388477695539108048e+00,1.510502476294305474e+01
2.390478095619123611e+00,1.509044578679877269e+01
2.392478495699139618e+00,1.522744462577596636e+01
2.394478895779155625e+00,1.522355057796085731e+01
2.396479295859171632e+00,1.521895002290405330e+01
2.398479695939187639e+00,1.511772284853104686e+01
2.400480096019203646e+00,1.441227948712483986e+01
2.402480496099219653e+00,1.435023317494884054e+01
2.404480896179235661e+00,1.523220632954788023e+01
2.406481296259251668e+00,1.523083062997766390e+01
2.408481696339267675e+00,1.522831263680941127e+01
2.410482096419283682e+00,1.511712301746392306e+01
2.412482496499299689e+00,1.509687838006955829e+01
2.414482896579315696e+00,1.437501193154405499e+01
2.416483296659331703e+00,1.522131950292668279e+01
2.418483696739347710e+00,1.521944778462757419e+01
2.420484096819363717e+00,1.438370462839467301e+01
2.422484496899379725e+00,1.523438089551528307e+01
2.424484896979395732e+00,1.523194925671629996e+01
2.426485297059411739e+00,1.511847923606513078e+01
2.428485697139427746e+00,1.509855390200935688e+01
2.430486097219443753e+00,1.508175042811071975e+01
2.432486497299459760e+00,1.436413374287572786e+01
2.434486897379475767e+00,1.522175949071399437e+01
2.436487297459491774e+00,1.521923815037357208e+01
2.438487697539507781e+00,1.521582698091027908e+01
2.440488097619523788e+00,1.521165679266291448e+01
2.442488497699539796e+00,1.443323250772244926e+01
2.444488897779555803e+00,1.436794556005773238e+01
2.446489297859571810e+00,1.431561571733086957e+01
2.448489697939587817e+00,1.526986501628893400e+01
2.450490098019603824e+00,1.526700437477446393e+01
2.452490498099619831e+00,1.526313757297060469e+01
2.454490898179635838e+00,1.525841312590750221e+01
2.456491298259651845e+00,1.514444619365017175e+01
2.458491698339667852e+00,1.512138358734789989e+01
2.460492098419683860e+00,1.510191384229685063e+01
2.462492498499699867e+00,1.508548547731900413e+01
2.464492898579715874e+00,1.507162870414733824e+01
2.466493298659731881e+00,1.520761803593718930e+01
2.468493698739747888e+00,1.520282753127930420e+01
2.470494098819763895e+00,1.519757354451774312e+01
2.472494498899779902e+00,1.443919821090612210e+01
2.474494898979795909e+00,1.437122946120406652e+01
2.476495299059811916e+00,1.431662136124504237e+01
2.478495699139827924e+00,1.524566981047906289e+01
2.480496099219843931e+00,1.524373497548754486e+01
2.482496499299859938e+00,1.524073678088270967e+01
2.484496899379875945e+00,1.523683043465868003e+01
2.486497299459891952e+00,1.523215374507163844e+01
2.488497699539907959e+00,1.522682874194133795e+01
2.490498099619923966e+00,1.445807591731316499e+01
2.492498499699939973e+00,1.438964775889389003e+01
2.494498899779955980e+00,1.510989240276121848e+01
2.496499299859971988e+00,1.509569143962993643e+01
2.498499699939987995e+00,1.508373906585142699e+01
2.500500100020004002e+00,1.507367724178844171e+01
2.502500500100020009e+00,1.522807363947058690e+01
2.504500900180036016e+00,1.522427335998880160e+01
2.506501300260052023e+00,1.521977208139076687e+01
2.508501700340068030e+00,1.521467231384705165e+01
2.510502100420084037e+00,1.520906724794312126e+01
2.512502500500100044e+00,1.446625461589341732e+01
2.514502900580116052e+00,1.439471028184449608e+01
2.516503300660132059e+00,1.433707435803440511e+01
2.518503700740148066e+00,1.508614804126689712e+01
2.520504100820164073e+00,1.507869171221652316e+01
2.522504500900180080e+00,1.524785509369540648e+01
2.524504900980196087e+00,1.524451137382177635e+01
2.526505301060212094e+00,1.524032460550450452e+01
2.528505701140228101e+00,1.523541736356651555e+01
2.530506101220244108e+00,1.522989988355979030e+01
2.532506501300260116e+00,1.513679825914011623e+01
2.534506901380276123e+00,1.511049595754635355e+01
2.536507301460292130e+00,1.508831887316541653e+01
2.538507701540308137e+00,1.439883937557380200e+01
2.540508101620324144e+00,1.433798719977553660e+01
2.542508501700340151e+00,1.428944228383682180e+01
2.544508901780356158e+00,1.525637061945098338e+01
2.546509301860372165e+00,1.525391722795786542e+01
2.548509701940388172e+00,1.525047610495550465e+01
2.550510102020404180e+00,1.524618602907385956e+01
2.552510502100420187e+00,1.524117180430432583e+01
2.554510902180436194e+00,1.523554518557331505e+01
2.556511302260452201e+00,1.522940588097727677e+01
2.558511702340468208e+00,1.514954653345255409e+01
2.560512102420484215e+00,1.511981076086367715e+01
2.562512502500500222e+00,1.442625422861007145e+01
2.564512902580516229e+00,1.436132470542035300e+01
2.566513302660532236e+00,1.430931402446767997e+01
2.568513702740548243e+00,1.507164255513835904e+01
2.570514102820564251e+00,1.506793816151117404e+01
2.572514502900580258e+00,1.525561644457365063e+01
2.574514902980596265e+00,1.525139205614850191e+01
2.576515303060612272e+00,1.524647230822323074e+01
2.578515703140628279e+00,1.524095375318736245e+01
2.580516103220644286e+00,1.523492522169931185e+01
2.582516503300660293e+00,1.522846780120636367e+01
2.584516903380676300e+00,1.522165503648407103e+01
2.586517303460692307e+00,1.514820025465820486e+01
2.588517703540708315e+00,1.445674652919534076e+01
2.590518103620724322e+00,1.438659655836635132e+01
2.592518503700740329e+00,1.507607588886348715e+01
2.594518903780756336e+00,1.506550069917522983e+01
2.596519303860772343e+00,1.505662723900907451e+01
2.598519703940788350e+00,1.432250188509130062e+01
2.600520104020804357e+00,1.523324026880982984e+01
2.602520504100820364e+00,1.523099965754564522e+01
2.604520904180836371e+00,1.522780562781333025e+01
2.606521304260852379e+00,1.522379334470673840e+01
2.608521704340868386e+00,1.521908454542181133e+01
2.610522104420884393e+00,1.521378834077660436e+01
2.612522504500900400e+00,1.445901377609851224e+01
2.614522904580916407e+00,1.438922134408755227e+01
2.616523304660932414e+00,1.433306716644213274e+01
2.618523704740947977e+00,1.509316040058360819e+01
2.620524104820963984e+00,1.525620414293956983e+01
2.622524504900979991e+00,1.525370283119044501e+01
2.624524904980995998e+00,1.525016774794836572e+01
2.626525305061012006e+00,1.512733320877600818e+01
2.628525705141028013e+00,1.510767107358677741e+01
2.630526105221044020e+00,1.509106861753057061e+01
2.632526505301060027e+00,1.521901362338436670e+01
2.634526905381076034e+00,1.521451309022950227e+01
2.636527305461092041e+00,1.520942935466815094e+01
2.638527705541108048e+00,1.444261135830100606e+01
2.640528105621124055e+00,1.437533718330310073e+01
2.642528505701140062e+00,1.508107500384875088e+01
2.644528905781156070e+00,1.522385628704086891e+01
2.646529305861172077e+00,1.522190885208449629e+01
2.648529705941188084e+00,1.521893675551120140e+01
2.650530106021204091e+00,1.511526450144048894e+01
2.652530506101220098e+00,1.439969417456948797e+01
2.654530906181236105e+00,1.434044517635499005e+01
2.656531306261252112e+00,1.524192276994632245e+01
2.658531706341268119e+00,1.524030570786031724e+01
2.660532106421284126e+00,1.523755336729632326e+01
2.662532506501300134e+00,1.512157071694818100e+01
2.664532906581316141e+00,1.510166499377820948e+01
2.666533306661332148e+00,1.508486953395743058e+01
2.668533706741348155e+00,1.520654788869528673e+01
2.670534106821364162e+00,1.439117090408269206e+01
2.672534506901380169e+00,1.521701275609969350e+01
2.674534906981396176e+00,1.521455622233512983e+01
2.676535307061412183e+00,1.439571862045883499e+01
2.678535707141428190e+00,1.522554418584292257e+01
2.680536107221444198e+00,1.522330475414717554e+01
2.682536507301460205e+00,1.440151940022409782e+01
2.684536907381476212e+00,1.434344710886604446e+01
2.686537307461492219e+00,1.510191458722952440e+01
2.688537707541508226e+00,1.526330920437280980e+01
2.690538107621524233e+00,1.525940539886959257e+01
2.692538507701540240e+00,1.525468143175128866e+01
2.694538907781556247e+00,1.513122611579242793e+01
2.696539307861572254e+00,1.511072446497441923e+01
2.698539707941588262e+00,1.509340798381799686e+01
2.700540108021604269e+00,1.522017686715603624e+01
2.702540508101620276e+00,1.521518951583712642e+01
2.704540908181636283e+00,1.520969784986595386e+01
2.706541308261652290e+00,1.511608049332658865e+01
2.708541708341668297e+00,1.442942201072183472e+01
2.710542108421684304e+00,1.436328645437115981e+01
2.712542508501700311e+00,1.431024383141466672e+01
2.714542908581716318e+00,1.524574668725257354e+01
2.716543308661732326e+00,1.524427555837293369e+01
2.718543708741748333e+00,1.524165912963955982e+01
2.720544108821764340e+00,1.523806384467363806e+01
2.722544508901780347e+00,1.523363731204512028e+01
2.724544908981796354e+00,1.513526224522666297e+01
2.726545309061812361e+00,1.511055366457164162e+01
2.728545709141828368e+00,1.508971554459204079e+01
2.730546109221844375e+00,1.438627387003564806e+01
2.732546509301860382e+00,1.432841088547492525e+01
2.734546909381876389e+00,1.523203383745990003e+01
2.736547309461892397e+00,1.523074920232090435e+01
2.738547709541908404e+00,1.522833088123904766e+01
2.740548109621924411e+00,1.522494424223108922e+01
2.742548509701940418e+00,1.522073602366773137e+01
2.744548909781956425e+00,1.443906250223473897e+01
2.746549309861972432e+00,1.437375223915451272e+01
2.748549709941988439e+00,1.510050275070641668e+01
2.750550110022004446e+00,1.508876918714945425e+01
2.752550510102020453e+00,1.507887801708800168e+01
2.754550910182036461e+00,1.523734690282571513e+01
2.756551310262052468e+00,1.523316152091004128e+01
2.758551710342068475e+00,1.522830825789519515e+01
2.760552110422084482e+00,1.522288505082500976e+01
2.762552510502100489e+00,1.521698104585118649e+01
2.764552910582116496e+00,1.445921791329373285e+01
2.766553310662132503e+00,1.438949227902410399e+01
2.768553710742148510e+00,1.509298445451824477e+01
2.770554110822164517e+00,1.508072033562535985e+01
2.772554510902180525e+00,1.507039909504769426e+01
2.774554910982196532e+00,1.522008380385689463e+01
2.776555311062212539e+00,1.521679542327317058e+01
2.778555711142228546e+00,1.521274713178859983e+01
2.780556111222244553e+00,1.520805112594498709e+01
2.782556511302260560e+00,1.444271742874816589e+01
2.784556911382276567e+00,1.437533833485669632e+01
2.786557311462292574e+00,1.432123551847117682e+01
2.788557711542308581e+00,1.525852641043934810e+01
2.790558111622324589e+00,1.525652571461687401e+01
2.792558511702340596e+00,1.525340639052623537e+01
2.794558911782356603e+00,1.524933422111899972e+01
2.796559311862372610e+00,1.514100823952941077e+01
2.798559711942388617e+00,1.511766535435804926e+01
2.800560112022404624e+00,1.509796984487850047e+01
2.802560512102420631e+00,1.508136238660113193e+01
2.804560912182436638e+00,1.506736651035160079e+01
2.806561312262452645e+00,1.519817844191065248e+01
2.808561712342468653e+00,1.519411479199873760e+01
2.810562112422484660e+00,1.441642670661368797e+01
2.812562512502500667e+00,1.435241360775482100e+01
2.814562912582516674e+00,1.521944078501521957e+01
2.816563312662532681e+00,1.521801082858556775e+01
2.818563712742548688e+00,1.521551441366579382e+01
2.820564112822564695e+00,1.521210926885066073e+01
2.822564512902580702e+00,1.442601769425704639e+01
2.824564912982596709e+00,1.436227861274610262e+01
2.826565313062612717e+00,1.431126582307711281e+01
2.828565713142628724e+00,1.527631838517885754e+01
2.830566113222644731e+00,1.527311548298606425e+01
2.832566513302660738e+00,1.526894553847445835e+01
2.834566913382676745e+00,1.526395131490181001e+01
2.836567313462692752e+00,1.525825944158378711e+01
2.838567713542708759e+00,1.515894976823119222e+01
2.840568113622724766e+00,1.513191013226638404e+01
2.842568513702740773e+00,1.510909487740687318e+01
2.844568913782756781e+00,1.508985835527933084e+01
2.846569313862772344e+00,1.507365064955325629e+01
2.848569713942788351e+00,1.506000358813105144e+01
2.850570114022804358e+00,1.504851879011711091e+01
2.852570514102820365e+00,1.518643853871372151e+01
2.854570914182836372e+00,1.438704752781844221e+01
2.856571314262852379e+00,1.519429669500316749e+01
2.858571714342868386e+00,1.519166206229359162e+01
2.860572114422884393e+00,1.518827702650010991e+01
2.862572514502900400e+00,1.441742630330469588e+01
2.864572914582916408e+00,1.435284633015025157e+01
2.866573314662932415e+00,1.521334082564476553e+01
2.868573714742948422e+00,1.521259779608647911e+01
2.870574114822964429e+00,1.521070221330581340e+01
2.872574514902980436e+00,1.439541412033200452e+01
2.874574914982996443e+00,1.522222885271416715e+01
2.876575315063012450e+00,1.436900244521874548e+01
2.878575715143028457e+00,1.524265615267496088e+01
2.880576115223044464e+00,1.524046276469752925e+01
2.882576515303060471e+00,1.523722630661529109e+01
2.884576915383076479e+00,1.441058116491836394e+01
2.886577315463092486e+00,1.524658663428637517e+01
2.888577715543108493e+00,1.438387038348506053e+01
2.890578115623124500e+00,1.526496214779131755e+01
2.892578515703140507e+00,1.514075359757669048e+01
2.894578915783156514e+00,1.512126497027324845e+01
2.896579315863172521e+00,1.510482922224374036e+01
2.898579715943188528e+00,1.509096922668349450e+01
2.900580116023204535e+00,1.523226853859342356e+01
2.902580516103220543e+00,1.522822183870074753e+01
2.904580916183236550e+00,1.522348275296781850e+01
2.906581316263252557e+00,1.511852338572287913e+01
2.908581716343268564e+00,1.509603398114297512e+01
2.910582116423284571e+00,1.439583537525538048e+01
2.912582516503300578e+00,1.433615281417304388e+01
2.914582916583316585e+00,1.523167894289074376e+01
2.916583316663332592e+00,1.522978754637412990e+01
2.918583716743348599e+00,1.522687104662928625e+01
2.920584116823364607e+00,1.522307835991695413e+01
2.922584516903380614e+00,1.521854228322415459e+01
2.924584916983396621e+00,1.444362030538809982e+01
2.926585317063412628e+00,1.437722852951304375e+01
2.928585717143428635e+00,1.509731418076829890e+01
2.930586117223444642e+00,1.508566288642219888e+01
2.932586517303460649e+00,1.523208543874892840e+01
2.934586917383476656e+00,1.522944441342195532e+01
2.936587317463492663e+00,1.522587316168653970e+01
2.938587717543508671e+00,1.511808244941745727e+01
2.940588117623524678e+00,1.509670669481627137e+01
2.942588517703540685e+00,1.438553660044888005e+01
2.944588917783556692e+00,1.432827407502333195e+01
2.946589317863572699e+00,1.524328769126174521e+01
2.948589717943588706e+00,1.524083132148629360e+01
2.950590118023604713e+00,1.523740497186294718e+01
2.952590518103620720e+00,1.523314948612825681e+01
2.954590918183636727e+00,1.522819068989464952e+01
2.956591318263652735e+00,1.522264059588897922e+01
2.958591718343668742e+00,1.514641733764243803e+01
2.960592118423684749e+00,1.444627091038680433e+01
2.962592518503700756e+00,1.437845867605490291e+01
2.964592918583716763e+00,1.508108616904324251e+01
2.966593318663732770e+00,1.507076677394861264e+01
2.968593718743748777e+00,1.506210281241487614e+01
2.970594118823764784e+00,1.505482643570235979e+01
2.972594518903780791e+00,1.521545985586962502e+01
2.974594918983796799e+00,1.521179383348301251e+01
2.976595319063812806e+00,1.520747834451837122e+01
2.978595719143828813e+00,1.520260481197495750e+01
2.980596119223844820e+00,1.443424928799649720e+01
2.982596519303860827e+00,1.436764146521216112e+01
2.984596919383876834e+00,1.431419137591315227e+01
2.986597319463892841e+00,1.525643201225162748e+01
2.988597719543908848e+00,1.525382770519272135e+01
2.990598119623924855e+00,1.525024105877980141e+01
2.992598519703940863e+00,1.524581549966957716e+01
2.994598919783956870e+00,1.524067864646675297e+01
2.996599319863972877e+00,1.523494373556719417e+01
2.998599719943988884e+00,1.445338182683692985e+01
3.000600120024004891e+00,1.512636573049639921e+01
3.002600520104020898e+00,1.510584657426570665e+01
3.004600920184036905e+00,1.508856788750969891e+01
3.006601320264052912e+00,1.507402736673473420e+01
3.008601720344068919e+00,1.435127388903161538e+01
3.010602120424084926e+00,1.522179142940449559e+01
3.012602520504100934e+00,1.522009308998165267e+01
3.014602920584116941e+00,1.521736731649787977e+01
3.016603320664132948e+00,1.521376404885235800e+01
3.018603720744148955e+00,1.442497972412625273e+01
3.020604120824164962e+00,1.436159624245591182e+01
3.022604520904180969e+00,1.431087858992481010e+01
3.024604920984196976e+00,1.527855071505376472e+01
3.026605321064212983e+00,1.527504809798280405e+01
3.028605721144228990e+00,1.527061835630169462e+01
3.030606121224244998e+00,1.526539768592824764e+01
3.032606521304261005e+00,1.514786248193875196e+01
3.034606921384277012e+00,1.512490948586775374e+01
3.036607321464293019e+00,1.510551844112271880e+01
3.038607721544309026e+00,1.508914248964129534e+01
3.040608121624325033e+00,1.507531576580884192e+01
3.042608521704341040e+00,1.521420674296090247e+01
3.044608921784357047e+00,1.520894349130299616e+01
3.046609321864373054e+00,1.520326870424889698e+01
3.048609721944389062e+00,1.519724358567188816e+01
3.050610122024405069e+00,1.446394227375945896e+01
3.052610522104421076e+00,1.439158675993403413e+01
3.054610922184437083e+00,1.433325560060815285e+01
3.056611322264453090e+00,1.522914976042610213e+01
3.058611722344469097e+00,1.522919581206112305e+01
3.060612122424485104e+00,1.522787042383427547e+01
3.062612522504501111e+00,1.522537777568419415e+01
3.064612922584517118e+00,1.512874912624131873e+01
3.066613322664533126e+00,1.440235017289353259e+01
3.068613722744549133e+00,1.509028696530659808e+01
3.070614122824565140e+00,1.507746246288887626e+01
3.072614522904580703e+00,1.506666814954929912e+01
3.074614922984596710e+00,1.521107572779177808e+01
3.076615323064612717e+00,1.520800075409591123e+01
3.078615723144628724e+00,1.439158378330595411e+01
3.080616123224644731e+00,1.521846188917087517e+01
3.082616523304660738e+00,1.521589315004768395e+01
3.084616923384676745e+00,1.439566476157765074e+01
3.086617323464692753e+00,1.522697860398184666e+01
3.088617723544708760e+00,1.522462814044230583e+01
3.090618123624724767e+00,1.440109633934364908e+01
3.092618523704740774e+00,1.434314586606724440e+01
3.094618923784756781e+00,1.526574273723716679e+01
3.096619323864772788e+00,1.526281826166857591e+01
3.098619723944788795e+00,1.513079345533529363e+01
3.100620124024804802e+00,1.511274854545480473e+01
3.102620524104820809e+00,1.509750720686978553e+01
3.104620924184836817e+00,1.523666117345083215e+01
3.106621324264852824e+00,1.523177671997826010e+01
3.108621724344868831e+00,1.522631865022411723e+01
3.110622124424884838e+00,1.512173598009682962e+01
3.112622524504900845e+00,1.509854200286290116e+01
3.114622924584916852e+00,1.439848850055816420e+01
3.116623324664932859e+00,1.520395051379276552e+01
3.118623724744948866e+00,1.520213498766676885e+01
3.120624124824964873e+00,1.440208236681984921e+01
3.122624524904980881e+00,1.434221393892826413e+01
3.124624924984996888e+00,1.523876718104700601e+01
3.126625325065012895e+00,1.523724285282659530e+01
3.128625725145028902e+00,1.523458172162938951e+01
3.130626125225044909e+00,1.523095349274420585e+01
3.132626525305060916e+00,1.513293803423537121e+01
3.134626925385076923e+00,1.510882674420848737e+01
3.136627325465092930e+00,1.439329874945275911e+01
3.138627725545108937e+00,1.433515597519028084e+01
3.140628125625124945e+00,1.507451465451484651e+01
3.142628525705140952e+00,1.524335282576109840e+01
3.144628925785156959e+00,1.524041295903989912e+01
3.146629325865172966e+00,1.523658136559863685e+01
3.148629725945188973e+00,1.523198752824654179e+01
3.150630126025204980e+00,1.522674762107626911e+01
3.152630526105220987e+00,1.513454929776665914e+01
3.154630926185236994e+00,1.510850822239403612e+01
3.156631326265253001e+00,1.441030576811818698e+01
3.158631726345269009e+00,1.434821068576770031e+01
3.160632126425285016e+00,1.429860331904243154e+01
3.162632526505301023e+00,1.526046425012405372e+01
3.164632926585317030e+00,1.525825299001094848e+01
3.166633326665333037e+00,1.525497650618819101e+01
3.168633726745349044e+00,1.525078802717423443e+01
3.170634126825365051e+00,1.524582408955413904e+01
3.172634526905381058e+00,1.513999999942057251e+01
3.174634926985397065e+00,1.511590062943221113e+01
3.176635327065413072e+00,1.509555667953756597e+01
3.178635727145429080e+00,1.507839506904263160e+01
3.180636127225445087e+00,1.506392733234589443e+01
3.182636527305461094e+00,1.519074132661613774e+01
3.184636927385477101e+00,1.518656892740186670e+01
3.186637327465493108e+00,1.442430110655153541e+01
3.188637727545509115e+00,1.435824132734365755e+01
3.190638127625525122e+00,1.430526255130596525e+01
3.192638527705541129e+00,1.524261280479271008e+01
3.194638927785557136e+00,1.524043324114916409e+01
3.196639327865573144e+00,1.523726963136796186e+01
3.198639727945589151e+00,1.523326225294637126e+01
3.200640128025605158e+00,1.522853677514718029e+01
3.202640528105621165e+00,1.522320534314885876e+01
3.204640928185637172e+00,1.521736770334981870e+01
3.206641328265653179e+00,1.447394166430740192e+01
3.208641728345669186e+00,1.440171653801490947e+01
3.210642128425685193e+00,1.434351694357747853e+01
3.212642528505701200e+00,1.429723605811484077e+01
3.214642928585717208e+00,1.529323503413950469e+01
3.216643328665733215e+00,1.529031793765394021e+01
3.218643728745749222e+00,1.513910222055774923e+01
3.220644128825765229e+00,1.512353301385380355e+01
3.222644528905781236e+00,1.511035949584912608e+01
3.224644928985797243e+00,1.527068319274670394e+01
3.226645329065813250e+00,1.526447886495555650e+01
3.228645729145829257e+00,1.525780383872788448e+01
3.230646129225845264e+00,1.513285926432849671e+01
3.232646529305861272e+00,1.511143434024555177e+01
3.234646929385877279e+00,1.522602876663518501e+01
3.236647329465893286e+00,1.510546060394121426e+01
3.238647729545909293e+00,1.520821290668653702e+01
3.240648129625925300e+00,1.520260219051809436e+01
3.242648529705941307e+00,1.511079493329291523e+01
3.244648929785957314e+00,1.508622233183151451e+01
3.246649329865973321e+00,1.442051719326650883e+01
3.248649729945989328e+00,1.435449349302630040e+01
3.250650130026005336e+00,1.518977718893382622e+01
3.252650530106021343e+00,1.519079272051377671e+01
3.254650930186037350e+00,1.436853497091941101e+01
3.256651330266053357e+00,1.520958360472188708e+01
3.258651730346069364e+00,1.520918145268415067e+01
3.260652130426085371e+00,1.520754324476996544e+01
3.262652530506101378e+00,1.441208017824854792e+01
3.264652930586117385e+00,1.435109942915997827e+01
3.266653330666133392e+00,1.524160125458388038e+01
3.268653730746149400e+00,1.524055919544862192e+01
3.270654130826165407e+00,1.523826924574650832e+01
3.272654530906181414e+00,1.513221858681779963e+01
3.274654930986197421e+00,1.511022049804045508e+01
3.276655331066213428e+00,1.509167131579267185e+01
3.278655731146229435e+00,1.436662187348463426e+01
3.280656131226245442e+00,1.431347261170349761e+01
3.282656531306261449e+00,1.525765243438732632e+01
3.284656931386277456e+00,1.525465522861558476e+01
3.286657331466293464e+00,1.525073393481465267e+01
3.288657731546309471e+00,1.524602146816385506e+01
3.290658131626325478e+00,1.524063704016636578e+01
3.292658531706341485e+00,1.513828625748432088e+01
3.294658931786357492e+00,1.511356739258224913e+01
3.296659331866373499e+00,1.509270440745433817e+01
3.298659731946389506e+00,1.507511010033835852e+01
3.300660132026405069e+00,1.437776822285278833e+01
3.302660532106421076e+00,1.520281809305911302e+01
3.304660932186437083e+00,1.520105227630156897e+01
3.306661332266453091e+00,1.519833347702107140e+01
3.308661732346469098e+00,1.441446176564203263e+01
3.310662132426485105e+00,1.435176571596864470e+01
3.312662532506501112e+00,1.522771147368785805e+01
3.314662932586517119e+00,1.522666220451713670e+01
3.316663332666533126e+00,1.522443657552207164e+01
3.318663732746549133e+00,1.439723022680072084e+01
3.320664132826565140e+00,1.523658341116131254e+01
3.322664532906581147e+00,1.523425205646819514e+01
3.324664932986597154e+00,1.440411754449409187e+01
3.326665333066613162e+00,1.511704230876362054e+01
3.328665733146629169e+00,1.510144334886792450e+01
3.330666133226645176e+00,1.508829202548026416e+01
3.332666533306661183e+00,1.523048132534327870e+01
3.334666933386677190e+00,1.522690525335042544e+01
3.336667333466693197e+00,1.522256399515090308e+01
3.338667733546709204e+00,1.511725253719225393e+01
3.340668133626725211e+00,1.440467937874399418e+01
3.342668533706741218e+00,1.434439571789525658e+01
3.344668933786757226e+00,1.524144655315226515e+01
3.346669333866773233e+00,1.523932695151774297e+01
3.348669733946789240e+00,1.523616437317953221e+01
3.350670134026805247e+00,1.523211382728521635e+01
3.352670534106821254e+00,1.513278133828668715e+01
3.354670934186837261e+00,1.510869428479067267e+01
3.356671334266853268e+00,1.508838204136348793e+01
3.358671734346869275e+00,1.438462311461284315e+01
3.360672134426885282e+00,1.432707847784749866e+01
3.362672534506901290e+00,1.523359307619800695e+01
3.364672934586917297e+00,1.523213362112714897e+01
3.366673334666933304e+00,1.522957125640148668e+01
3.368673734746949311e+00,1.522606584554426767e+01
3.370674134826965318e+00,1.522175960806096917e+01
3.372674534906981325e+00,1.443689891343479559e+01
3.374674934986997332e+00,1.437202597813461225e+01
3.376675335067013339e+00,1.510075424622570139e+01
3.378675735147029346e+00,1.508923449012115725e+01
3.380676135227045354e+00,1.507951828946665707e+01
3.382676535307061361e+00,1.524005690175140693e+01
3.384676935387077368e+00,1.523548784045513038e+01
3.386677335467093375e+00,1.523031158555260411e+01
3.388677735547109382e+00,1.522461657062842910e+01
3.390678135627125389e+00,1.521848391726314986e+01
3.392678535707141396e+00,1.445668319547865188e+01
3.394678935787157403e+00,1.438746019818557542e+01
3.396679335867173410e+00,1.509336870131263630e+01
3.398679735947189418e+00,1.508129245444234634e+01
3.400680136027205425e+00,1.522305572950756414e+01
3.402680536107221432e+00,1.522055300895483576e+01
3.404680936187237439e+00,1.521712694679975897e+01
3.406681336267253446e+00,1.441619229085530307e+01
3.408681736347269453e+00,1.509561701250762411e+01
3.410682136427285460e+00,1.508135373837553139e+01
3.412682536507301467e+00,1.521268747037957958e+01
3.414682936587317474e+00,1.520968073835683043e+01
3.416683336667333482e+00,1.440423333336090650e+01
3.418683736747349489e+00,1.434417305090909700e+01
3.420684136827365496e+00,1.524515655168821127e+01
3.422684536907381503e+00,1.524276742766083181e+01
3.424684936987397510e+00,1.523936900646360826e+01
3.426685337067413517e+00,1.523511198900317076e+01
3.428685737147429524e+00,1.513474125821638516e+01
3.430686137227445531e+00,1.511056629215837965e+01
3.432686537307461538e+00,1.439251197428628259e+01
3.434686937387477546e+00,1.507632743814843757e+01
3.436687337467493553e+00,1.433083132842182650e+01
3.438687737547509560e+00,1.524258007267246740e+01
3.440688137627525567e+00,1.523990712078398957e+01
3.442688537707541574e+00,1.523630480648412799e+01
3.444688937787557581e+00,1.523190771902404705e+01
3.446689337867573588e+00,1.522683642616210342e+01
3.448689737947589595e+00,1.513292291359614516e+01
3.450690138027605602e+00,1.442040888688971201e+01
3.452690538107621609e+00,1.435758317910289605e+01
3.454690938187637617e+00,1.508293880829095635e+01
3.456691338267653624e+00,1.523478169372806512e+01
3.458691738347669631e+00,1.523257907260470922e+01
3.460692138427685638e+00,1.522936515512078515e+01
3.462692538507701645e+00,1.511745038782542494e+01
3.464692938587717652e+00,1.509702147015246787e+01
3.466693338667733659e+00,1.507978974314218412e+01
3.468693738747749666e+00,1.437040423923118126e+01
3.470694138827765673e+00,1.521498459241843904e+01
3.472694538907781681e+00,1.521249392236669884e+01
3.474694938987797688e+00,1.520913321526865225e+01
3.476695339067813695e+00,1.440735753405241937e+01
3.478695739147829702e+00,1.521582740250934052e+01
3.480696139227845709e+00,1.437845308325026572e+01
3.482696539307861716e+00,1.523261142394502876e+01
3.484696939387877723e+00,1.523056605571495759e+01
3.486697339467893730e+00,1.522747383736232329e+01
3.488697739547909737e+00,1.441906503008534379e+01
3.490698139627925745e+00,1.435811389418388373e+01
3.492698539707941752e+00,1.510948355056711812e+01
3.494698939787957759e+00,1.509818919470833620e+01
3.496699339867973766e+00,1.525653780606773502e+01
3.498699739947989773e+00,1.525244001105134473e+01
3.500700140028005780e+00,1.524757996759900003e+01
3.502700540108021787e+00,1.512691510768353353e+01
3.504700940188037794e+00,1.510629734049165940e+01
3.506701340268053801e+00,1.521931697445528542e+01
3.508701740348069809e+00,1.521450635095563619e+01
3.510702140428085816e+00,1.511453129818450414e+01
3.512702540508101823e+00,1.509150558192374092e+01
3.514702940588117830e+00,1.440443854193166828e+01
3.516703340668133837e+00,1.434244271600809384e+01
3.518703740748149844e+00,1.521606241700250450e+01
3.520704140828165851e+00,1.521529158046658736e+01
3.522704540908181858e+00,1.521335838604327328e+01
3.524704940988197865e+00,1.521043269718739843e+01
3.526705341068213873e+00,1.441954150058491813e+01
3.528705741148229436e+00,1.435704892431952295e+01
3.530706141228245443e+00,1.523987126087924970e+01
3.532706541308261450e+00,1.523849786066920764e+01
3.534706941388277457e+00,1.523594087258573282e+01
3.536707341468293464e+00,1.513128454159722125e+01
3.538707741548309471e+00,1.510899673244862207e+01
3.540708141628325478e+00,1.509020612165162412e+01
3.542708541708341485e+00,1.437010767660689758e+01
3.544708941788357492e+00,1.431602517056786894e+01
3.546709341868373500e+00,1.525217434494848057e+01
3.548709741948389507e+00,1.524951063875106350e+01
3.550710142028405514e+00,1.524588795402245189e+01
3.552710542108421521e+00,1.524144420500747188e+01
3.554710942188437528e+00,1.523630290307235668e+01
3.556711342268453535e+00,1.513577975073190096e+01
3.558711742348469542e+00,1.511110784339430424e+01
3.560712142428485549e+00,1.509029136873626520e+01
3.562712542508501556e+00,1.438730700913084704e+01
3.564712942588517564e+00,1.432924632181233093e+01
3.566713342668533571e+00,1.523382519539182844e+01
3.568713742748549578e+00,1.523203176163522166e+01
3.570714142828565585e+00,1.522919045633105917e+01
3.572714542908581592e+00,1.522545334833497499e+01
3.574714942988597599e+00,1.522095594789088224e+01
3.576715343068613606e+00,1.443772256642211360e+01
3.578715743148629613e+00,1.437258817770331909e+01
3.580716143228645620e+00,1.509921830357555095e+01
3.582716543308661628e+00,1.508779989098399632e+01
3.584716943388677635e+00,1.523805933466096718e+01
3.586717343468693642e+00,1.523480871038434969e+01
3.588717743548709649e+00,1.523071230846815638e+01
3.590718143628725656e+00,1.522589695702851031e+01
3.592718543708741663e+00,1.513137779723900600e+01
3.594718943788757670e+00,1.510621170973537630e+01
3.596719343868773677e+00,1.440553051061439582e+01
3.598719743948789684e+00,1.434439037636625969e+01
3.600720144028805692e+00,1.429559384703483715e+01
3.602720544108821699e+00,1.526491099131460238e+01
3.604720944188837706e+00,1.526218247414233176e+01
3.606721344268853713e+00,1.525846561758243780e+01
3.608721744348869720e+00,1.525390151552701745e+01
3.610722144428885727e+00,1.524861648847855555e+01
3.612722544508901734e+00,1.513945812145221836e+01
3.614722944588917741e+00,1.511581214405613061e+01
3.616723344668933748e+00,1.509584286692381916e+01
3.618723744748949755e+00,1.507898905923433652e+01
3.620724144828965763e+00,1.519854200532662070e+01
3.622724544908981770e+00,1.519446445870381979e+01
3.624724944988997777e+00,1.442745695008157014e+01
3.626725345069013784e+00,1.436179724743268693e+01
3.628725745149029791e+00,1.521512020881714733e+01
3.630726145229045798e+00,1.521439020289225219e+01
3.632726545309061805e+00,1.521246741336997843e+01
3.634726945389077812e+00,1.440592636501298429e+01
3.636727345469093819e+00,1.434634397444051501e+01
3.638727745549109827e+00,1.524962121198580967e+01
3.640728145629125834e+00,1.524779689604150690e+01
3.642728545709141841e+00,1.524483313352370928e+01
3.644728945789157848e+00,1.513411836424106482e+01
3.646729345869173855e+00,1.511238158384232833e+01
3.648729745949189862e+00,1.509404245961504465e+01
3.650730146029205869e+00,1.507857859924082433e+01
3.652730546109221876e+00,1.520355273721556522e+01
3.654730946189237883e+00,1.438702570316135443e+01
3.656731346269253891e+00,1.521501087906770167e+01
3.658731746349269898e+00,1.521265386035831213e+01
3.660732146429285905e+00,1.520937914379457645e+01
3.662732546509301912e+00,1.442306311053898504e+01
3.664732946589317919e+00,1.435975426315624581e+01
3.666733346669333926e+00,1.430910214249683676e+01
3.668733746749349933e+00,1.527472500081943352e+01
3.670734146829365940e+00,1.527145495090072025e+01
3.672734546909381947e+00,1.526723570850043998e+01
3.674734946989397955e+00,1.526220634635470752e+01
3.676735347069413962e+00,1.514371699701124285e+01
3.678735747149429969e+00,1.512140462875328772e+01
3.680736147229445976e+00,1.510255446748233332e+01
3.682736547309461983e+00,1.508663478614020015e+01
3.684736947389477990e+00,1.521682698711865456e+01
3.686737347469493997e+00,1.521205854653703327e+01
3.688737747549510004e+00,1.520676601284518092e+01
3.690738147629526011e+00,1.520103029187095345e+01
3.692738547709542019e+00,1.447086973336631033e+01
3.694738947789558026e+00,1.439787665301140684e+01
3.696739347869574033e+00,1.433901015238359733e+01
3.698739747949590040e+00,1.507528178574357192e+01
3.700740148029606047e+00,1.506877554769629413e+01
3.702740548109622054e+00,1.523627703692299207e+01
3.704740948189638061e+00,1.523350527264585352e+01
3.706741348269654068e+00,1.522983845016535831e+01
3.708741748349670075e+00,1.522540646889812876e+01
3.710742148429686083e+00,1.522032593706429893e+01
3.712742548509702090e+00,1.444355497873804417e+01
3.714742948589718097e+00,1.510570033506285625e+01
3.716743348669734104e+00,1.508820513320141643e+01
3.718743748749750111e+00,1.435990944912533784e+01
3.720744148829766118e+00,1.522367592633968059e+01
3.722744548909782125e+00,1.522227851829206280e+01
3.724744948989798132e+00,1.521977292120617520e+01
3.726745349069814139e+00,1.440342667450455316e+01
3.728745749149830147e+00,1.509708435540621885e+01
3.730746149229846154e+00,1.522437781532884493e+01
3.732746549309862161e+00,1.509863637713014128e+01
3.734746949389878168e+00,1.521407295299336582e+01
3.736747349469894175e+00,1.439271830101463934e+01
3.738747749549910182e+00,1.522565771701360582e+01
3.740748149629926189e+00,1.522328311536429801e+01
3.742748549709942196e+00,1.439860244043940085e+01
3.744748949789958203e+00,1.509980438436577543e+01
3.746749349869974210e+00,1.508653955270191460e+01
3.748749749949990218e+00,1.522688730223389442e+01
3.750750150030006225e+00,1.522337500303957647e+01
3.752750550110022232e+00,1.521910020929986196e+01
3.754750950190038239e+00,1.442123194714119272e+01
3.756751350270053802e+00,1.435872306347178196e+01
3.758751750350069809e+00,1.524739908082289652e+01
3.760752150430085816e+00,1.524500659616119336e+01
3.762752550510101823e+00,1.512101923155692340e+01
3.764752950590117830e+00,1.510274032575154735e+01
3.766753350670133837e+00,1.508731347966991443e+01
3.768753750750149845e+00,1.521877454982995381e+01
3.770754150830165852e+00,1.521450005285359630e+01
3.772754550910181859e+00,1.520961687186050071e+01
3.774754950990197866e+00,1.443738309221896188e+01
3.776755351070213873e+00,1.437106236157257300e+01
3.778755751150229880e+00,1.431785408229405654e+01
3.780756151230245887e+00,1.526329793481533947e+01
3.782756551310261894e+00,1.526060099887561705e+01
3.784756951390277901e+00,1.525689220037110516e+01
3.786757351470293909e+00,1.525232044778148754e+01
3.788757751550309916e+00,1.513995898259107342e+01
3.790758151630325923e+00,1.511716978746543916e+01
3.792758551710341930e+00,1.509793022007048791e+01
3.794758951790357937e+00,1.508169598050531235e+01
3.796759351870373944e+00,1.506800333131461755e+01
3.798759751950389951e+00,1.520270391740115912e+01
3.800760152030405958e+00,1.519788016974047018e+01
3.802760552110421965e+00,1.519262123654497998e+01
3.804760952190437973e+00,1.444206158916304616e+01
3.806761352270453980e+00,1.437318966568036238e+01
3.808761752350469987e+00,1.431782067937732883e+01
3.810762152430485994e+00,1.523785687241744391e+01
3.812762552510502001e+00,1.523645632769662228e+01
3.814762952590518008e+00,1.523393393463844703e+01
3.816763352670534015e+00,1.523045341315046386e+01
3.818763752750550022e+00,1.522615985711566289e+01
3.820764152830566029e+00,1.522118152321149154e+01
3.822764552910582037e+00,1.445925821203792339e+01
3.824764952990598044e+00,1.439025733410293917e+01
3.826765353070614051e+00,1.433479075399526792e+01
3.828765753150630058e+00,1.510734282969861475e+01
3.830766153230646065e+00,1.509789707172302187e+01
3.832766553310662072e+00,1.526523034691540559e+01
3.834766953390678079e+00,1.526143157897587344e+01
3.836767353470694086e+00,1.525679333252868908e+01
3.838767753550710093e+00,1.512868603122356959e+01
3.840768153630726101e+00,1.510927778822296119e+01
3.842768553710742108e+00,1.523098404526449201e+01
3.844768953790758115e+00,1.522586352660767339e+01
3.846769353870774122e+00,1.511793804742268676e+01
3.848769753950790129e+00,1.509579380378215951e+01
3.850770154030806136e+00,1.507710859541380266e+01
3.852770554110822143e+00,1.518656129526609000e+01
3.854770954190838150e+00,1.441442832717769207e+01
3.856771354270854157e+00,1.435036910012976463e+01
3.858771754350870165e+00,1.521157932632499232e+01
3.860772154430886172e+00,1.521057252158202466e+01
3.862772554510902179e+00,1.520845688385648842e+01
3.864772954590918186e+00,1.520539528466939139e+01
3.866773354670934193e+00,1.442510251443867375e+01
3.868773754750950200e+00,1.436116888145586046e+01
3.870774154830966207e+00,1.523125473419909603e+01
3.872774554910982214e+00,1.523040517021444451e+01
3.874774954990998221e+00,1.522831406386274011e+01
3.876775355071014229e+00,1.440724566409701701e+01
3.878775755151030236e+00,1.434879863303370229e+01
3.880776155231046243e+00,1.511243427711971066e+01
3.882776555311062250e+00,1.526563999990636056e+01
3.884776955391078257e+00,1.511553117884062303e+01
3.886777355471094264e+00,1.525683580300725417e+01
3.888777755551110271e+00,1.525215520470189823e+01
3.890778155631126278e+00,1.512731531747171765e+01
3.892778555711142285e+00,1.510747008629987498e+01
3.894778955791158292e+00,1.509070348054249955e+01
3.896779355871174300e+00,1.521939017872597866e+01
3.898779755951190307e+00,1.521414969840562215e+01
3.900780156031206314e+00,1.520845503879186822e+01
3.902780556111222321e+00,1.520237712499874227e+01
3.904780956191238328e+00,1.447328976656279487e+01
3.906781356271254335e+00,1.439989600493027133e+01
3.908781756351270342e+00,1.434068903970598541e+01
3.910782156431286349e+00,1.507600557546795983e+01
3.912782556511302356e+00,1.506927338448128850e+01
3.914782956591318364e+00,1.523543573105760451e+01
3.916783356671334371e+00,1.523272949799150844e+01
3.918783756751350378e+00,1.522911838998999023e+01
3.920784156831366385e+00,1.522473392838745632e+01
3.922784556911382392e+00,1.521969407712806088e+01
3.924784956991398399e+00,1.444504238511139427e+01
3.926785357071414406e+00,1.510600082185922766e+01
3.928785757151430413e+00,1.508834192373318039e+01
3.930786157231446420e+00,1.436087809763709444e+01
3.932786557311462428e+00,1.522207197167206161e+01
3.934786957391478435e+00,1.522087902346039456e+01
3.936787357471494442e+00,1.521854699485070661e+01
3.938787757551510449e+00,1.440474196272220020e+01
3.940788157631526456e+00,1.509708854332967221e+01
3.942788557711542463e+00,1.508360141374228469e+01
3.944788957791558470e+00,1.521981888092602553e+01
3.946789357871574477e+00,1.521676465555444580e+01
3.948789757951590484e+00,1.521289153844203490e+01
3.950790158031606492e+00,1.442683335086372409e+01
3.952790558111622499e+00,1.436298138110350742e+01
3.954790958191638506e+00,1.431186972648432665e+01
3.956791358271654513e+00,1.527591531614971743e+01
3.958791758351670520e+00,1.527248665646794024e+01
3.960792158431686527e+00,1.526812801549997189e+01
3.962792558511702534e+00,1.513385880833070196e+01
3.964792958591718541e+00,1.511524723862005537e+01
3.966793358671734548e+00,1.524415780069298876e+01
3.968793758751750556e+00,1.511197283259774693e+01
3.970794158831766563e+00,1.522919206514236379e+01
3.972794558911782570e+00,1.522369468779273838e+01
3.974794958991798577e+00,1.511894456181879498e+01
3.976795359071814584e+00,1.509601609761322116e+01
3.978795759151830591e+00,1.507667268682581430e+01
3.980796159231846598e+00,1.518200631916188570e+01
3.982796559311862605e+00,1.442048526741805503e+01
3.984796959391878168e+00,1.435498712770848861e+01
3.986797359471894175e+00,1.520381512868834406e+01
3.988797759551910183e+00,1.520347182433565614e+01
3.990798159631926190e+00,1.520193392873772886e+01
3.992798559711942197e+00,1.439854128384814835e+01
3.994798959791958204e+00,1.433931436204998455e+01
3.996799359871974211e+00,1.524071343896348552e+01
3.998799759951990218e+00,1.523908492528189207e+01
4.000800160032006225e+00,1.523633787559775143e+01
4.002800560112022232e+00,1.523263979484575792e+01
4.004800960192038239e+00,1.522813819942699531e+01
4.006801360272054247e+00,1.444822869569016355e+01
4.008801760352070254e+00,1.438192370945554899e+01
4.010802160432086261e+00,1.511295437643653550e+01
4.012802560512102268e+00,1.509925250598620750e+01
4.014802960592118275e+00,1.508771310084966544e+01
4.016803360672134282e+00,1.507799026987412638e+01
4.018803760752150289e+00,1.523721750260643226e+01
4.020804160832166296e+00,1.523276703040337132e+01
4.022804560912182303e+00,1.522770016557171857e+01
4.024804960992198311e+00,1.522210623231210036e+01
4.026805361072214318e+00,1.521606723605817635e+01
4.028805761152230325e+00,1.445859769795631244e+01
4.030806161232246332e+00,1.438892118823427957e+01
4.032806561312262339e+00,1.509138951835582887e+01
4.034806961392278346e+00,1.507942820624693070e+01
4.036807361472294353e+00,1.521976019996138163e+01
4.038807761552310360e+00,1.521750981193062913e+01
4.040808161632326367e+00,1.521430539082042621e+01
4.042808561712342375e+00,1.441797389020491060e+01
4.044808961792358382e+00,1.435606213382670404e+01
4.046809361872374389e+00,1.509033339638100379e+01
4.048809761952390396e+00,1.524419885657139062e+01
4.050810162032406403e+00,1.524123652055972755e+01
4.052810562112422410e+00,1.523735993424001656e+01
4.054810962192438417e+00,1.512234407577115292e+01
4.056811362272454424e+00,1.510174814819173683e+01
4.058811762352470431e+00,1.521004535189198492e+01
4.060812162432486438e+00,1.509804502302254647e+01
4.062812562512502446e+00,1.439413880973642001e+01
4.064812962592518453e+00,1.520757288788177064e+01
4.066813362672534460e+00,1.436677769851286790e+01
4.068813762752550467e+00,1.522647728029625824e+01
4.070814162832566474e+00,1.522447647542842297e+01
4.072814562912582481e+00,1.522145936405038391e+01
4.074814962992598488e+00,1.440791965839234834e+01
4.076815363072614495e+00,1.522985923194785585e+01
4.078815763152630502e+00,1.438068297482516478e+01
4.080816163232646510e+00,1.510584707241485525e+01
4.082816563312662517e+00,1.524325398180706692e+01
4.084816963392678524e+00,1.510774574337418841e+01
4.086817363472694531e+00,1.523327879169633725e+01
4.088817763552710538e+00,1.522933581509807155e+01
4.090818163632726545e+00,1.511947462238215145e+01
4.092818563712742552e+00,1.509821710478767187e+01
4.094818963792758559e+00,1.508028774816680873e+01
4.096819363872774566e+00,1.437593859612771041e+01
4.098819763952790574e+00,1.521046380340752613e+01
4.100820164032806581e+00,1.520810310003938604e+01
4.102820564112822588e+00,1.520486634902917444e+01
4.104820964192838595e+00,1.441192452892861731e+01
4.106821364272854602e+00,1.435005505026508033e+01
4.108821764352870609e+00,1.523587946669200299e+01
4.110822164432886616e+00,1.523408019519487766e+01
4.112822564512902623e+00,1.523120540536096712e+01
4.114822964592918630e+00,1.522741638541030973e+01
4.116823364672934638e+00,1.442568669951374005e+01
4.118823764752950645e+00,1.436338197719111776e+01
4.120824164832966652e+00,1.510817078774758038e+01
4.122824564912982659e+00,1.525330187627551481e+01
4.124824964992998666e+00,1.525040241303188182e+01
4.126825365073014673e+00,1.512480876104950234e+01
4.128825765153030680e+00,1.510625672166312228e+01
4.130826165233046687e+00,1.509059520993023540e+01
4.132826565313062694e+00,1.522286235043435809e+01
4.134826965393078702e+00,1.521832045235561282e+01
4.136827365473094709e+00,1.521319757640798720e+01
4.138827765553110716e+00,1.511548361046450495e+01
4.140828165633126723e+00,1.442083903822246249e+01
4.142828565713142730e+00,1.435670405684786388e+01
4.144828965793158737e+00,1.522036009796867795e+01
4.146829365873174744e+00,1.521960267576190340e+01
4.148829765953190751e+00,1.521764076111761455e+01
4.150830166033206758e+00,1.440214716853836663e+01
4.152830566113222766e+00,1.434369445608559701e+01
4.154830966193238773e+00,1.525743242814146861e+01
4.156831366273254780e+00,1.511152244208760287e+01
4.158831766353270787e+00,1.525000187950672803e+01
4.160832166433286794e+00,1.511195489438582840e+01
4.162832566513302801e+00,1.523860271699769697e+01
4.164832966593318808e+00,1.523395452513543624e+01
4.166833366673334815e+00,1.512205830085731151e+01
4.168833766753350822e+00,1.510055562075739211e+01
4.170834166833366830e+00,1.508240858597193856e+01
4.172834566913382837e+00,1.519687755371129434e+01
4.174834966993398844e+00,1.519256218860052243e+01
4.176835367073414851e+00,1.443522868090083477e+01
4.178835767153430858e+00,1.436794123295375947e+01
4.180836167233446865e+00,1.431392017248517057e+01
4.182836567313462872e+00,1.524367555078007186e+01
4.184836967393478879e+00,1.524208606993412829e+01
4.186837367473494886e+00,1.523938429123202809e+01
4.188837767553510893e+00,1.523573192149359379e+01
4.190838167633526901e+00,1.523127247249797378e+01
4.192838567713542908e+00,1.522613296540881755e+01
4.194838967793558915e+00,1.445643405301565743e+01
4.196839367873574922e+00,1.511988108563499011e+01
4.198839767953590929e+00,1.509979690821669429e+01
4.200840168033606936e+00,1.508289042881349395e+01
4.202840568113622943e+00,1.435973081429706077e+01
4.204840968193638950e+00,1.430763689774021508e+01
4.206841368273654957e+00,1.525191485314193507e+01
4.208841768353670965e+00,1.524991381974696125e+01
4.210842168433686972e+00,1.524684170949049467e+01
4.212842568513702979e+00,1.524285244642665127e+01
4.214842968593718986e+00,1.523808329430788255e+01
4.216843368673734993e+00,1.513655311283508809e+01
4.218843768753751000e+00,1.511223679077515669e+01
4.220844168833767007e+00,1.509171655730405348e+01
4.222844568913783014e+00,1.507441383856544093e+01
4.224844968993799021e+00,1.437649368028825769e+01
4.226845369073815029e+00,1.431983244090608309e+01
4.228845769153831036e+00,1.523405830219414092e+01
4.230846169233847043e+00,1.523158290735971043e+01
4.232846569313863050e+00,1.522819932113621633e+01
4.234846969393879057e+00,1.522403552175863517e+01
4.236847369473895064e+00,1.521920714275032438e+01
4.238847769553911071e+00,1.521381811302575571e+01
4.240848169633927078e+00,1.445519506617872452e+01
4.242848569713943085e+00,1.438608941414399034e+01
4.244848969793959093e+00,1.433051807900391417e+01
4.246849369873975100e+00,1.525751063981994093e+01
4.248849769953991107e+00,1.525597401104408313e+01
4.250850170034007114e+00,1.525322737863493394e+01
4.252850570114023121e+00,1.513721660279521863e+01
4.254850970194039128e+00,1.511627011430813639e+01
4.256851370274055135e+00,1.509859171556288437e+01
4.258851770354071142e+00,1.508367659745757905e+01
4.260852170434087149e+00,1.521459239146467368e+01
4.262852570514103157e+00,1.521076317325118232e+01
4.264852970594119164e+00,1.520626078891098842e+01
4.266853370674135171e+00,1.443744003970492606e+01
4.268853770754151178e+00,1.437107174991072434e+01
4.270854170834167185e+00,1.431781971069791837e+01
4.272854570914183192e+00,1.525962097481152213e+01
4.274854970994199199e+00,1.525730895294515932e+01
4.276855371074215206e+00,1.525392846700165883e+01
4.278855771154231213e+00,1.512604014398832497e+01
4.280856171234247221e+00,1.510754723084265194e+01
4.282856571314263228e+00,1.523102171469182586e+01
4.284856971394279235e+00,1.522651533266673418e+01
4.286857371474295242e+00,1.511791113357439187e+01
4.288857771554311249e+00,1.509627307670896990e+01
4.290858171634327256e+00,1.507801475983012196e+01
4.292858571714343263e+00,1.518918077780293885e+01
4.294858971794359270e+00,1.441090239102012660e+01
4.296859371874375277e+00,1.434775672861728246e+01
4.298859771954391285e+00,1.521677599246189594e+01
4.300860172034407292e+00,1.521552299282393683e+01
4.302860572114423299e+00,1.521318616510976973e+01
4.304860972194439306e+00,1.520992463580411069e+01
4.306861372274455313e+00,1.442236849566917556e+01
4.308861772354471320e+00,1.435923933902356531e+01
4.310862172434487327e+00,1.523762528147923767e+01
4.312862572514503334e+00,1.523626651414541833e+01
4.314862972594519341e+00,1.523373116581374909e+01
4.316863372674535348e+00,1.440490719713907453e+01
4.318863772754551356e+00,1.511640818234540795e+01
4.320864172834567363e+00,1.510082850997627624e+01
4.322864572914583370e+00,1.508769103156542535e+01
4.324864972994598489e+00,1.522948161585432558e+01
4.326865373074614496e+00,1.522580799201633184e+01
4.328865773154630503e+00,1.522138998436487611e+01
4.330866173234646510e+00,1.521634003193389262e+01
4.332866573314662517e+00,1.444910785635353534e+01
4.334866973394678524e+00,1.438144176340445135e+01
4.336867373474694531e+00,1.509382474729913071e+01
4.338867773554710539e+00,1.508225912196284924e+01
4.340868173634726546e+00,1.507251793236769899e+01
4.342868573714742553e+00,1.522708912353020594e+01
4.344868973794758560e+00,1.522323952515024637e+01
4.346869373874774567e+00,1.521870848282754274e+01
4.348869773954790574e+00,1.521359537931088823e+01
4.350870174034806581e+00,1.443581611998794401e+01
4.352870574114822588e+00,1.437005392297048800e+01
4.354870974194838595e+00,1.523331708576159649e+01
4.356871374274854603e+00,1.523168170987085190e+01
4.358871774354870610e+00,1.522892678341345984e+01
4.360872174434886617e+00,1.512940092878370457e+01
4.362872574514902624e+00,1.439869722797502227e+01
4.364872974594918631e+00,1.509243199910070388e+01
4.366873374674934638e+00,1.507977229537277175e+01
4.368873774754950645e+00,1.506911115840351378e+01
4.370874174834966652e+00,1.521650226907133430e+01
4.372874574914982659e+00,1.521284989389519104e+01
4.374874974994998666e+00,1.520851978662939707e+01
4.376875375075014674e+00,1.441789659438416393e+01
4.378875775155030681e+00,1.435493092070515431e+01
4.380876175235046688e+00,1.523604165839614488e+01
4.382876575315062695e+00,1.523386848506324576e+01
4.384876975395078702e+00,1.523068176449561761e+01
4.386877375475094709e+00,1.522663361657616576e+01
4.388877775555110716e+00,1.442877131674956104e+01
4.390878175635126723e+00,1.436579444620510948e+01
4.392878575715142730e+00,1.510683920886337894e+01
4.394878975795158738e+00,1.509524363950687409e+01
4.396879375875174745e+00,1.524930880072324335e+01
4.398879775955190752e+00,1.524547346282129467e+01
4.400880176035206759e+00,1.524085557418731618e+01
4.402880576115222766e+00,1.523557213073786798e+01
4.404880976195238773e+00,1.513663743261379580e+01
4.406881376275254780e+00,1.511159809647403307e+01
4.408881776355270787e+00,1.509047853201551881e+01
4.410882176435286794e+00,1.507268077255209882e+01
4.412882576515302802e+00,1.438174495142870946e+01
4.414882976595318809e+00,1.432371652421961983e+01
4.416883376675334816e+00,1.522548833483109831e+01
4.418883776755350823e+00,1.522365141610682926e+01
4.420884176835366830e+00,1.522082971391214734e+01
4.422884576915382837e+00,1.521716248244288749e+01
4.424884976995398844e+00,1.521277498866133726e+01
4.426885377075414851e+00,1.520777938396754436e+01
4.428885777155430858e+00,1.445989117948063196e+01
4.430886177235446866e+00,1.438954962747597222e+01
4.432886577315462873e+00,1.433294043384721661e+01
4.434886977395478880e+00,1.428800120447644062e+01
4.436887377475494887e+00,1.529257588745914909e+01
4.438887777555510894e+00,1.528899413063246726e+01
4.440888177635526901e+00,1.528446476160708478e+01
4.442888577715542908e+00,1.527912515550249672e+01
4.444888977795558915e+00,1.527309768760094144e+01
4.446889377875574922e+00,1.516268912547684700e+01
4.448889777955590930e+00,1.513712454580995193e+01
4.450890178035606937e+00,1.511552790949029124e+01
4.452890578115622944e+00,1.509729074875909483e+01
4.454890978195638951e+00,1.508189490914951492e+01
4.456891378275654958e+00,1.506889935939011416e+01
4.458891778355670965e+00,1.520756886156390486e+01
4.460892178435686972e+00,1.520269434076796955e+01
4.462892578515702979e+00,1.519736594089569515e+01
4.464892978595718986e+00,1.519165003619039567e+01
4.466893378675734994e+00,1.446426269562075717e+01
4.468893778755751001e+00,1.439161116243460192e+01
4.470894178835767008e+00,1.433302621337409910e+01
4.472894578915783015e+00,1.522240208247217907e+01
4.474894978995799022e+00,1.522293987670631665e+01
4.476895379075815029e+00,1.522204557106362621e+01
4.478895779155831036e+00,1.521993211084265951e+01
4.480896179235847043e+00,1.441793370138243091e+01
4.482896579315863050e+00,1.510725687031757403e+01
4.484896979395879058e+00,1.509152656430084249e+01
4.486897379475895065e+00,1.507827322671235137e+01
4.488897779555911072e+00,1.506710913627790127e+01
4.490898179635927079e+00,1.521044723947450095e+01
4.492898579715943086e+00,1.520686939252575698e+01
4.494898979795959093e+00,1.520261839735006504e+01
4.496899379875975100e+00,1.442487775833254382e+01
4.498899779955991107e+00,1.436023377989620009e+01
4.500900180036007114e+00,1.522620457676269012e+01
4.502900580116023121e+00,1.522478863025019891e+01
4.504900980196039129e+00,1.522226256830130176e+01
4.506901380276055136e+00,1.440320069490887001e+01
4.508901780356071143e+00,1.434468439213028645e+01
4.510902180436087150e+00,1.526188902338062547e+01
4.512902580516103157e+00,1.525908627983420374e+01
4.514902980596119164e+00,1.525527233826173301e+01
4.516903380676135171e+00,1.514089758480725578e+01
4.518903780756151178e+00,1.511887967772070418e+01
4.520904180836167185e+00,1.510029493268809020e+01
4.522904580916183193e+00,1.508461470591324627e+01
4.524904980996199200e+00,1.521219001921443770e+01
4.526905381076215207e+00,1.520818336179939934e+01
4.528905781156231214e+00,1.520354438272418207e+01
4.530906181236247221e+00,1.444304775308699718e+01
4.532906581316263228e+00,1.437538916385412335e+01
4.534906981396279235e+00,1.432104939732553284e+01
4.536907381476295242e+00,1.525275559119154956e+01
4.538907781556311249e+00,1.525105759434646124e+01
4.540908181636327257e+00,1.524821236674090130e+01
4.542908581716343264e+00,1.524438906398429694e+01
4.544908981796359271e+00,1.513681151646338741e+01
4.546909381876375278e+00,1.511398151077111862e+01
4.548909781956391285e+00,1.509471439782633517e+01
4.550910182036407292e+00,1.507846435903270788e+01
4.552910582116423299e+00,1.506476631375603858e+01
4.554910982196439306e+00,1.519537943151319404e+01
4.556911382276455313e+00,1.438843167050124627e+01
4.558911782356471321e+00,1.520453368289674501e+01
4.560912182436487328e+00,1.520191429721973186e+01
4.562912582516503335e+00,1.519848273047142406e+01
4.564912982596519342e+00,1.442096549305029463e+01
4.566913382676535349e+00,1.435689042246616864e+01
4.568913782756551356e+00,1.430559281008306627e+01
4.570914182836567363e+00,1.526185679910658877e+01
4.572914582916583370e+00,1.525894578942098434e+01
4.574914982996599377e+00,1.525509390839851598e+01
4.576915383076615385e+00,1.525043753365591392e+01
4.578915783156631392e+00,1.524509836153320741e+01
4.580916183236647399e+00,1.523918465857528837e+01
4.582916583316663406e+00,1.523279249685947612e+01
4.584916983396679413e+00,1.447499940370439830e+01
4.586917383476695420e+00,1.513242950089048477e+01
4.588917783556711427e+00,1.510950385053281586e+01
4.590918183636727434e+00,1.509021108241200437e+01
4.592918583716743441e+00,1.507398991119661957e+01
4.594918983796759449e+00,1.436262696344431689e+01
4.596919383876775456e+00,1.430938330123111157e+01
4.598919783956791463e+00,1.505729349529591410e+01
4.600920184036807470e+00,1.524447677573575888e+01
4.602920584116823477e+00,1.524136171448659560e+01
4.604920984196839484e+00,1.523741481315477131e+01
4.606921384276855491e+00,1.523275119987427040e+01
4.608921784356871498e+00,1.522747585070930398e+01
4.610922184436887505e+00,1.522168385591223227e+01
4.612922584516903513e+00,1.521546088058989277e+01
4.614922984596919520e+00,1.447892894215593351e+01
4.616923384676935527e+00,1.440572435000018992e+01
4.618923784756951534e+00,1.434668256470885517e+01
4.620924184836967541e+00,1.509552228860338907e+01
4.622924584916983548e+00,1.508631055753483530e+01
4.624924984996999555e+00,1.507855246606010446e+01
4.626925385077015562e+00,1.524651193056828014e+01
4.628925785157031569e+00,1.524261590557659929e+01
4.630926185237047576e+00,1.523797685769925714e+01
4.632926585317063584e+00,1.523270204465102573e+01
4.634926985397079591e+00,1.522688882923103293e+01
4.636927385477095598e+00,1.513455276941692418e+01
4.638927785557111605e+00,1.510835978564770876e+01
4.640928185637127612e+00,1.441246329125464953e+01
4.642928585717143619e+00,1.434991193213529215e+01
4.644928985797159626e+00,1.429991269873839776e+01
4.646929385877175633e+00,1.525781578376545689e+01
4.648929785957191640e+00,1.525554605396410679e+01
4.650930186037207648e+00,1.525222920285184358e+01
4.652930586117223655e+00,1.524801571760877295e+01
4.654930986197239662e+00,1.524303985827826580e+01
4.656931386277255669e+00,1.513785568623079669e+01
4.658931786357271676e+00,1.511395411712569903e+01
4.660932186437287683e+00,1.509377309850521875e+01
4.662932586517303690e+00,1.507674518081647541e+01
4.664932986597319697e+00,1.519235788846126312e+01
4.666933386677335704e+00,1.518869687755748821e+01
4.668933786757351712e+00,1.443231419416494710e+01
4.670934186837367719e+00,1.436550569146460710e+01
4.672934586917383726e+00,1.431188898717139857e+01
4.674934986997399733e+00,1.524169108286891472e+01
4.676935387077415740e+00,1.524036253309623845e+01
4.678935787157431747e+00,1.523788310332949258e+01
4.680936187237447754e+00,1.523442014216577789e+01
4.682936587317463761e+00,1.523012201865506121e+01
4.684936987397479768e+00,1.522511993008875031e+01
4.686937387477495776e+00,1.445545271754404304e+01
4.688937787557511783e+00,1.438758397540918210e+01
4.690938187637527790e+00,1.510901010987345394e+01
4.692938587717543797e+00,1.509523968806524685e+01
4.694938987797559804e+00,1.508364160043375790e+01
4.696939387877575811e+00,1.507386965871569551e+01
4.698939787957591818e+00,1.522929926398887979e+01
4.700940188037607825e+00,1.522524831788097721e+01
4.702940588117623832e+00,1.522053778622661113e+01
4.704940988197639840e+00,1.521526372044743347e+01
4.706941388277655847e+00,1.520951387781971675e+01
4.708941788357671854e+00,1.446445608477208644e+01
4.710942188437687861e+00,1.439332401749829060e+01
4.712942588517703868e+00,1.433603661748978553e+01
4.714942988597719875e+00,1.508664297623283801e+01
4.716943388677735882e+00,1.524719515031068440e+01
4.718943788757751889e+00,1.524514778063117681e+01
4.720944188837767896e+00,1.524202333525266262e+01
4.722944588917783904e+00,1.512240356435171229e+01
4.724944988997799911e+00,1.510301122244841210e+01
4.726945389077815918e+00,1.508663913191090522e+01
4.728945789157831925e+00,1.521197093328595074e+01
4.730946189237847932e+00,1.520769965971936166e+01
4.732946589317863939e+00,1.520283713092757338e+01
4.734946989397879946e+00,1.444663536322607555e+01
4.736947389477895953e+00,1.437822833880371043e+01
4.738947789557911960e+00,1.432325187798850941e+01
4.740948189637927968e+00,1.524930199532002284e+01
4.742948589717943975e+00,1.524786747316694502e+01
4.744948989797959982e+00,1.524524995442248532e+01
4.746949389877975989e+00,1.524162443063280747e+01
4.748949789957991996e+00,1.513600568898270993e+01
4.750950190038008003e+00,1.511303977827367362e+01
4.752950590118024010e+00,1.509366208248281360e+01
4.754950990198040017e+00,1.507732298635316504e+01
4.756951390278056024e+00,1.506355419463114309e+01
4.758951790358072031e+00,1.436087522770952063e+01
4.760952190438088039e+00,1.521231632472798800e+01
4.762952590518104046e+00,1.520938108805741784e+01
4.764952990598120053e+00,1.520568769847169399e+01
4.766953390678136060e+00,1.520134348912488065e+01
4.768953790758152067e+00,1.442617940440751134e+01
4.770954190838168074e+00,1.436114131684073136e+01
4.772954590918184081e+00,1.522398957953179988e+01
4.774954990998200088e+00,1.522267320194938200e+01
4.776955391078216095e+00,1.522024096185359099e+01
4.778955791158232103e+00,1.440366450983011148e+01
4.780956191238247222e+00,1.523032998687726014e+01
4.782956591318263229e+00,1.437708239528929433e+01
4.784956991398279236e+00,1.524944246453132735e+01
4.786957391478295243e+00,1.524706868070597920e+01
4.788957791558311250e+00,1.524363477808588918e+01
4.790958191638327257e+00,1.514844608808844129e+01
4.792958591718343264e+00,1.512296724198526654e+01
4.794958991798359271e+00,1.510149139965925080e+01
4.796959391878375278e+00,1.508340471218848577e+01
4.798959791958391286e+00,1.437109373026801684e+01
4.800960192038407293e+00,1.431645433155379266e+01
4.802960592118423300e+00,1.524140885325629924e+01
4.804960992198439307e+00,1.523987072201575543e+01
4.806961392278455314e+00,1.523722219262346123e+01
4.808961792358471321e+00,1.523362273725229876e+01
4.810962192438487328e+00,1.522921447681405915e+01
4.812962592518503335e+00,1.513242309186398060e+01
4.814962992598519342e+00,1.510793800852936464e+01
4.816963392678535349e+00,1.440006798908069996e+01
4.818963792758551357e+00,1.434040183864813756e+01
4.820964192838567364e+00,1.506989903780721818e+01
4.822964592918583371e+00,1.523676921170475040e+01
4.824964992998599378e+00,1.523395582918509206e+01
4.826965393078615385e+00,1.523025618031045880e+01
4.828965793158631392e+00,1.522579863572700631e+01
4.830966193238647399e+00,1.522069853437819553e+01
4.832966593318663406e+00,1.444456482298597599e+01
4.834966993398679413e+00,1.437807652175123252e+01
4.836967393478695421e+00,1.509820944401072396e+01
4.838967793558711428e+00,1.508655189829248400e+01
4.840968193638727435e+00,1.523360321956553953e+01
4.842968593718743442e+00,1.523054212319866174e+01
4.844968993798759449e+00,1.522661860360312147e+01
4.846969393878775456e+00,1.511774536589680373e+01
4.848969793958791463e+00,1.509656337599282772e+01
4.850970194038807470e+00,1.438554486478811434e+01
4.852970594118823477e+00,1.521347405081598403e+01
4.854970994198839485e+00,1.521142573579246182e+01
4.856971394278855492e+00,1.439126471840025800e+01
4.858971794358871499e+00,1.522370789610478781e+01
4.860972194438887506e+00,1.522163494409717188e+01
4.862972594518903513e+00,1.439774402306475665e+01
4.864972994598919520e+00,1.434035463545809996e+01
4.866973394678935527e+00,1.526406265631551484e+01
4.868973794758951534e+00,1.526117805073811340e+01
4.870974194838967541e+00,1.512821611371849784e+01
4.872974594918983549e+00,1.511070405979162423e+01
4.874974994998999556e+00,1.509590495236879981e+01
4.876975395079015563e+00,1.523641873013715120e+01
4.878975795159031570e+00,1.523132539514874040e+01
4.880976195239047577e+00,1.522569762357085921e+01
4.882976595319063584e+00,1.521961734295302193e+01
4.884976995399079591e+00,1.513163800732989728e+01
4.886977395479095598e+00,1.510481743566216473e+01
4.888977795559111605e+00,1.442111367941603284e+01
4.890978195639127613e+00,1.435629259858727025e+01
4.892978595719143620e+00,1.430437757381919006e+01
4.894978995799159627e+00,1.524158716226449428e+01
4.896979395879175634e+00,1.524068619070521358e+01
4.898979795959191641e+00,1.523856399113889459e+01
4.900980196039207648e+00,1.523539688917930945e+01
4.902980596119223655e+00,1.523134120297527438e+01
4.904980996199239662e+00,1.513174085539077218e+01
4.906981396279255669e+00,1.510792979829391314e+01
4.908981796359271677e+00,1.508784230987965813e+01
4.910982196439287684e+00,1.438428434977056725e+01
4.912982596519303691e+00,1.432683187946784464e+01
4.914982996599319698e+00,1.523355897941312875e+01
4.916983396679335705e+00,1.523194801895696671e+01
4.918983796759351712e+00,1.522926001880441227e+01
4.920984196839367719e+00,1.522565130079083318e+01
4.922984596919383726e+00,1.522126100571788321e+01
4.924984996999399733e+00,1.443591166713786578e+01
4.926985397079415741e+00,1.437122467243136725e+01
4.928985797159431748e+00,1.510011625354169773e+01
4.930986197239447755e+00,1.524079003828561873e+01
4.932986597319463762e+00,1.523846330238179902e+01
4.934986997399479769e+00,1.511806206134874131e+01
4.936987397479495776e+00,1.509957603568250128e+01
4.938987797559511783e+00,1.508397480327932350e+01
4.940988197639527790e+00,1.521164092509980570e+01
4.942988597719543797e+00,1.520755275259872974e+01
4.944988997799559804e+00,1.520284898734429824e+01
4.946989397879575812e+00,1.444347019248098896e+01
4.948989797959591819e+00,1.437564910146138786e+01
4.950990198039607826e+00,1.432117203365985603e+01
4.952990598119623833e+00,1.525160593717685131e+01
4.954990998199639840e+00,1.524993889317901186e+01
4.956991398279655847e+00,1.524712532346963201e+01
4.958991798359671854e+00,1.524333435146886018e+01
4.960992198439687861e+00,1.513545171284832058e+01
4.962992598519703868e+00,1.511284232612499956e+01
4.964992998599719876e+00,1.509376184005361488e+01
4.966993398679735883e+00,1.507766948984716748e+01
4.968993798759751890e+00,1.519830845235404659e+01
4.970994198839767897e+00,1.439391972285800492e+01
4.972994598919783904e+00,1.520757569454460878e+01
4.974994998999799911e+00,1.520552275300194545e+01
4.976995399079815918e+00,1.439762578867070175e+01
4.978995799159831925e+00,1.433877622350658854e+01
4.980996199239847932e+00,1.524467349886809586e+01
4.982996599319863940e+00,1.524252068324016207e+01
4.984996999399879947e+00,1.523932510119760941e+01
4.986997399479895954e+00,1.523524202487939760e+01
4.988997799559911961e+00,1.523040879872940323e+01
4.990998199639927968e+00,1.444663675548757098e+01
4.992998599719943975e+00,1.512222309584948654e+01
4.994998999799959982e+00,1.510273640905365156e+01
4.996999399879975989e+00,1.508632337252754674e+01
4.998999799959991996e+00,1.507250696506179821e+01
5.001000200040008004e+00,1.434866142670558631e+01
5.003000600120024011e+00,1.522376174996616705e+01
5.005001000200040018e+00,1.522174324902630183e+01
5.007001400280056025e+00,1.521875053283185508e+01
5.009001800360072032e+00,1.521492470093679472e+01
5.011002200440088039e+00,1.442143426592959976e+01
5.013002600520104046e+00,1.435877449282544838e+01
5.015003000600120053e+00,1.524321730743889702e+01
5.017003400680136060e+00,1.524123584739199977e+01
5.019003800760152068e+00,1.523816301951388752e+01
5.021004200840168075e+00,1.513230864593889002e+01
5.023004600920184082e+00,1.511000373254682749e+01
5.025005001000200089e+00,1.509118955477073420e+01
5.027005401080216096e+00,1.507533076023974949e+01
5.029005801160232103e+00,1.436451260507465477e+01
5.031006201240248110e+00,1.521491134713036431e+01
5.033006601320264117e+00,1.521273429014192757e+01
5.035007001400280124e+00,1.520964034144127908e+01
5.037007401480296132e+00,1.440278781933037777e+01
5.039007801560312139e+00,1.434300626483910612e+01
5.041008201640328146e+00,1.524585623069297213e+01
5.043008601720344153e+00,1.524328118385496467e+01
5.045009001800360160e+00,1.523973200009494278e+01
5.047009401880376167e+00,1.523535411324169964e+01
5.049009801960392174e+00,1.523027641276541466e+01
5.051010202040408181e+00,1.444861709354688628e+01
5.053010602120424188e+00,1.512172193460799186e+01
5.055011002200440196e+00,1.510217688868739927e+01
5.057011402280456203e+00,1.508571591879513107e+01
5.059011802360472210e+00,1.435464979954672948e+01
5.061012202440488217e+00,1.506662621856250261e+01
5.063012602520504224e+00,1.522789368337442717e+01
5.065013002600520231e+00,1.522495173099940580e+01
5.067013402680536238e+00,1.522117849257595523e+01
5.069013802760552245e+00,1.521669415436038086e+01
5.071014202840568252e+00,1.442435584708083773e+01
5.073014602920584259e+00,1.436110301475979867e+01
5.075015003000600267e+00,1.524301020606702295e+01
5.077015403080616274e+00,1.524079243481650714e+01
5.079015803160632281e+00,1.523752487895687935e+01
5.081016203240648288e+00,1.513186265478615766e+01
5.083016603320664295e+00,1.510945839306652694e+01
5.085017003400680302e+00,1.509056114132544835e+01
5.087017403480696309e+00,1.437168447771355062e+01
5.089017803560712316e+00,1.521799700382683618e+01
5.091018203640728323e+00,1.521627540482812257e+01
5.093018603720744331e+00,1.438057382030397768e+01
5.095019003800760338e+00,1.523191822576214705e+01
5.097019403880776345e+00,1.522953670945017990e+01
5.099019803960792352e+00,1.522616629057254123e+01
5.101020204040808359e+00,1.512807013618715501e+01
5.103020604120824366e+00,1.440536147806701095e+01
5.105021004200840373e+00,1.508884182059302503e+01
5.107021404280856380e+00,1.507617006189599174e+01
5.109021804360872387e+00,1.433600940311538885e+01
5.111022204440888395e+00,1.523972545065038808e+01
5.113022604520904402e+00,1.523683372608491027e+01
5.115023004600920409e+00,1.523306446330675001e+01
5.117023404680936416e+00,1.522854409860909186e+01
5.119023804760952423e+00,1.522338638654792931e+01
5.121024204840968430e+00,1.443956883824596638e+01
5.123024604920984437e+00,1.437414196502299113e+01
5.125025005001000444e+00,1.510027094411247361e+01
5.127025405081016451e+00,1.524036270996484710e+01
5.129025805161032459e+00,1.510351833582198289e+01
5.131026205241048466e+00,1.523165645777168287e+01
5.133026605321064473e+00,1.522787392822507968e+01
5.135027005401080480e+00,1.511629525792757534e+01
5.137027405481096487e+00,1.509574754155547716e+01
5.139027805561112494e+00,1.520080150623324045e+01
5.141028205641128501e+00,1.441154209917745099e+01
5.143028605721144508e+00,1.434951848123304430e+01
5.145029005801160515e+00,1.523115170698267207e+01
5.147029405881176523e+00,1.522952913259748264e+01
5.149029805961192530e+00,1.522681739119922462e+01
5.151030206041208537e+00,1.522317845150035254e+01
5.153030606121224544e+00,1.442564798073323473e+01
5.155031006201240551e+00,1.510797675850858468e+01
5.157031406281256558e+00,1.509170591594110533e+01
5.159031806361272565e+00,1.507799431786835598e+01
5.161032206441288572e+00,1.520983796696208579e+01
5.163032606521304579e+00,1.437368521737020721e+01
5.165033006601320587e+00,1.522586814005625655e+01
5.167033406681336594e+00,1.522323346504722075e+01
5.169033806761352601e+00,1.521969655474233640e+01
5.171034206841368608e+00,1.441172564939188661e+01
5.173034606921384615e+00,1.435122946038058878e+01
5.175035007001400622e+00,1.525349808693091624e+01
5.177035407081416629e+00,1.525082469532807750e+01
5.179035807161432636e+00,1.524714610621694355e+01
5.181036207241448643e+00,1.513584709814246665e+01
5.183036607321464651e+00,1.511383382264869724e+01
5.185037007401480658e+00,1.509525642693960279e+01
5.187037407481496665e+00,1.507958697479697108e+01
5.189037807561512672e+00,1.520427009528303763e+01
5.191038207641528679e+00,1.520041244852393980e+01
5.193038607721544686e+00,1.441840453624591945e+01
5.195039007801560693e+00,1.435490574032550448e+01
5.197039407881576700e+00,1.522678672917949427e+01
5.199039807961592707e+00,1.522527226788136012e+01
5.201040208041608714e+00,1.522266617896025132e+01
5.203040608121624722e+00,1.521913126649176817e+01
5.205041008201640729e+00,1.442986673055406577e+01
5.207041408281656736e+00,1.436629088027473422e+01
5.209041808361672743e+00,1.509970300258138742e+01
5.211042208441688750e+00,1.508884284180874147e+01
5.213042608521704757e+00,1.524217291951123343e+01
5.215043008601720764e+00,1.523877972963297012e+01
5.217043408681736771e+00,1.523455744575624315e+01
5.219043808761752778e+00,1.522962963445841922e+01
5.221044208841768786e+00,1.513211216660002556e+01
5.223044608921784793e+00,1.510747635134154798e+01
5.225045009001800800e+00,1.440100730370676096e+01
5.227045409081816807e+00,1.434100721038416104e+01
5.229045809161832814e+00,1.523231385773446611e+01
5.231046209241848821e+00,1.523111479664659385e+01
5.233046609321864828e+00,1.522875133052616903e+01
5.235047009401879947e+00,1.511374632068195289e+01
5.237047409481895954e+00,1.509474352350921045e+01
5.239047809561911961e+00,1.520590133435880631e+01
5.241048209641927969e+00,1.440025699946295745e+01
5.243048609721943976e+00,1.434084619865699928e+01
5.245049009801959983e+00,1.524309603899804344e+01
5.247049409881975990e+00,1.524081187471486665e+01
5.249049809961991997e+00,1.523751130728677516e+01
5.251050210042008004e+00,1.523334508458135872e+01
5.253050610122024011e+00,1.513159037216079739e+01
5.255051010202040018e+00,1.510811444301596396e+01
5.257051410282056025e+00,1.439088192088049745e+01
5.259051810362072032e+00,1.507476816017035048e+01
5.261052210442088040e+00,1.521305875312765821e+01
5.263052610522104047e+00,1.521071184585965241e+01
5.265053010602120054e+00,1.439232528526671295e+01
5.267053410682136061e+00,1.522232406185343656e+01
5.269053810762152068e+00,1.522012293096456936e+01
5.271054210842168075e+00,1.439813997369992649e+01
5.273054610922184082e+00,1.434051695812403437e+01
5.275055011002200089e+00,1.526190096553281528e+01
5.277055411082216096e+00,1.525903203152058296e+01
5.279055811162232104e+00,1.512562190310071841e+01
5.281056211242248111e+00,1.510843270140619232e+01
5.283056611322264118e+00,1.523923820115619243e+01
5.285057011402280125e+00,1.523463152032654300e+01
5.287057411482296132e+00,1.511947472214410837e+01
5.289057811562312139e+00,1.509883207867334498e+01
5.291058211642328146e+00,1.520658234098167050e+01
5.293058611722344153e+00,1.520204705889945451e+01
5.295059011802360160e+00,1.443890591185369665e+01
5.297059411882376168e+00,1.437192870359033137e+01
5.299059811962392175e+00,1.431816491901829025e+01
5.301060212042408182e+00,1.525333536617175589e+01
5.303060612122424189e+00,1.525139490877926107e+01
5.305061012202440196e+00,1.524834875443775672e+01
5.307061412282456203e+00,1.524435929759717112e+01
5.309061812362472210e+00,1.513449349024704738e+01
5.311062212442488217e+00,1.511218122305173672e+01
5.313062612522504224e+00,1.509334519720532342e+01
5.315063012602520232e+00,1.507745281516798386e+01
5.317063412682536239e+00,1.520003391867429166e+01
5.319063812762552246e+00,1.519614669374580274e+01
5.321064212842568253e+00,1.442214069120892717e+01
5.323064612922584260e+00,1.435765484891903654e+01
5.325065013002600267e+00,1.521995233650598678e+01
5.327065413082616274e+00,1.521886357960643288e+01
5.329065813162632281e+00,1.521663220610965972e+01
5.331066213242648288e+00,1.440154423284076302e+01
5.333066613322664296e+00,1.522699555820788753e+01
5.335067013402680303e+00,1.437543612115882752e+01
5.337067413482696310e+00,1.524625192210090496e+01
5.339067813562712317e+00,1.511708675294232762e+01
5.341068213642728324e+00,1.510085396055081475e+01
5.343068613722744331e+00,1.523002334070157637e+01
5.345069013802760338e+00,1.522651964341672759e+01
5.347069413882776345e+00,1.511456992177018499e+01
5.349069813962792352e+00,1.509439382671463648e+01
5.351070214042808360e+00,1.437979817658245629e+01
5.353070614122824367e+00,1.521728933232578562e+01
5.355071014202840374e+00,1.521495167203469734e+01
5.357071414282856381e+00,1.521169122176711497e+01
5.359071814362872388e+00,1.441698042753355402e+01
5.361072214442888395e+00,1.435501324504121001e+01
5.363072614522904402e+00,1.524207992335079176e+01
5.365073014602920409e+00,1.524026758825327299e+01
5.367073414682936416e+00,1.523734302830162868e+01
5.369073814762952424e+00,1.513014825406062336e+01
5.371074214842968431e+00,1.510833169907827589e+01
5.373074614922984438e+00,1.508992936608186142e+01
5.375075015003000445e+00,1.436854772138718417e+01
5.377075415083016452e+00,1.522063830880212620e+01
5.379075815163032459e+00,1.521873531127959467e+01
5.381076215243048466e+00,1.521582602261855044e+01
5.383076615323064473e+00,1.440888725835046991e+01
5.385077015403080480e+00,1.434882077656988564e+01
5.387077415483096487e+00,1.525104285843431562e+01
5.389077815563112495e+00,1.524868990610888808e+01
5.391078215643128502e+00,1.512032505087830891e+01
5.393078615723144509e+00,1.510301026258667889e+01
5.395079015803160516e+00,1.522913077279622129e+01
5.397079415883176523e+00,1.522500098759106102e+01
5.399079815963192530e+00,1.511482088398231838e+01
5.401080216043208537e+00,1.509400541956343744e+01
5.403080616123224544e+00,1.438564085492168765e+01
5.405081016203240551e+00,1.521214514195851741e+01
5.407081416283256559e+00,1.520988389331462720e+01
5.409081816363272566e+00,1.520670411858180771e+01
5.411082216443288573e+00,1.442165142391895216e+01
5.413082616523304580e+00,1.435847096222818742e+01
5.415083016603320587e+00,1.430793037410818158e+01
5.417083416683336594e+00,1.527246868183606310e+01
5.419083816763352601e+00,1.526924670092251723e+01
5.421084216843368608e+00,1.526507947867252035e+01
5.423084616923384615e+00,1.526010500900837030e+01
5.425085017003400623e+00,1.525444623916217601e+01
5.427085417083416630e+00,1.515297960084053130e+01
5.429085817163432637e+00,1.512700471159834059e+01
5.431086217243448644e+00,1.510507716028592640e+01
5.433086617323464651e+00,1.508657884598838095e+01
5.435087017403480658e+00,1.507098316503637925e+01
5.437087417483496665e+00,1.505784168073205542e+01
5.439087817563512672e+00,1.518823858659254178e+01
5.441088217643528679e+00,1.518402890335260125e+01
5.443088617723544687e+00,1.442026459155491125e+01
5.445089017803560694e+00,1.435476485438013938e+01
5.447089417883576701e+00,1.520567360492483822e+01
5.449089817963592708e+00,1.520484606313041098e+01
5.451090218043608715e+00,1.520290927600003883e+01
5.453090618123624722e+00,1.439646180674175291e+01
5.455091018203640729e+00,1.521334252356223793e+01
5.457091418283656736e+00,1.436951399621355208e+01
5.459091818363672743e+00,1.523299529045378975e+01
5.461092218443688751e+00,1.523115404603692369e+01
5.463092618523704758e+00,1.522824287392657006e+01
5.465093018603720765e+00,1.441093160445402965e+01
5.467093418683736772e+00,1.435152188334768475e+01
5.469093818763752779e+00,1.526544253132765938e+01
5.471094218843768786e+00,1.526267173902838792e+01
5.473094618923784793e+00,1.525886524291889046e+01
5.475095019003800800e+00,1.515056539085475507e+01
5.477095419083816807e+00,1.512692071922529102e+01
5.479095819163832815e+00,1.510697032621472857e+01
5.481096219243848822e+00,1.509014507562417506e+01
5.483096619323864829e+00,1.507596052409461684e+01
5.485097019403880836e+00,1.506400452428775516e+01
5.487097419483896843e+00,1.520472785923194081e+01
5.489097819563912850e+00,1.520007143311122277e+01
5.491098219643928857e+00,1.519495823563505255e+01
5.493098619723944864e+00,1.443385187139020331e+01
5.495099019803960871e+00,1.436672291921338918e+01
5.497099419883976879e+00,1.521181074709954295e+01
5.499099819963992886e+00,1.521088176885630538e+01
5.501100220044008893e+00,1.437666761417717076e+01
5.503100620124024900e+00,1.522789954720824745e+01
5.505101020204040907e+00,1.522602469536926861e+01
5.507101420284056914e+00,1.522310129398232981e+01
5.509101820364072921e+00,1.441676196484496053e+01
5.511102220444088928e+00,1.435594238002492595e+01
5.513102620524104935e+00,1.525674294759869021e+01
5.515103020604120942e+00,1.525458501040842307e+01
5.517103420684136950e+00,1.525131517431320383e+01
5.519103820764152957e+00,1.514699846078870848e+01
5.521104220844168964e+00,1.512326966907326131e+01
5.523104620924184971e+00,1.510325485318389305e+01
5.525105021004200978e+00,1.508638270977560047e+01
5.527105421084216985e+00,1.507216683783206435e+01
5.529105821164232992e+00,1.506019333006469729e+01
5.531106221244248999e+00,1.519747443341771742e+01
5.533106621324265006e+00,1.438033006407234105e+01
5.535107021404281014e+00,1.520884522937250338e+01
5.537107421484297021e+00,1.520591636614111586e+01
5.539107821564313028e+00,1.520222559685074337e+01
5.541108221644329035e+00,1.441317424106870959e+01
5.543108621724345042e+00,1.435070240038781897e+01
5.545109021804361049e+00,1.523170597794930714e+01
5.547109421884377056e+00,1.522983187614211076e+01
5.549109821964393063e+00,1.522692189267132079e+01
5.551110222044409070e+00,1.522313090353754284e+01
5.553110622124425078e+00,1.442434920822048738e+01
5.555111022204441085e+00,1.436189160867612635e+01
5.557111422284457092e+00,1.525219616569720493e+01
5.559111822364473099e+00,1.525006915790792128e+01
5.561112222444489106e+00,1.524684132601769271e+01
5.563112622524505113e+00,1.514486549583969044e+01
5.565113022604521120e+00,1.512095865199526301e+01
5.567113422684537127e+00,1.510079939443090424e+01
5.569113822764553134e+00,1.508381166339782098e+01
5.571114222844569142e+00,1.436291322377734403e+01
5.573114622924585149e+00,1.431013076017117491e+01
5.575115023004601156e+00,1.525458033720635775e+01
5.577115423084617163e+00,1.525148765589634614e+01
5.579115823164633170e+00,1.524751314088759813e+01
5.581116223244649177e+00,1.524278115842811054e+01
5.583116623324665184e+00,1.523740406539937453e+01
5.585117023404681191e+00,1.523148286907013116e+01
5.587117423484697198e+00,1.514400123054272917e+01
5.589117823564713206e+00,1.511636692587662800e+01
5.591118223644729213e+00,1.441554987299275226e+01
5.593118623724745220e+00,1.435292487344933043e+01
5.595119023804761227e+00,1.506875909101406030e+01
5.597119423884777234e+00,1.522221307095538556e+01
5.599119823964793241e+00,1.522093054679723068e+01
5.601120224044809248e+00,1.521853370181080578e+01
5.603120624124825255e+00,1.521518689669851554e+01
5.605121024204841262e+00,1.442879622061186140e+01
5.607121424284857270e+00,1.510052769443440113e+01
5.609121824364873277e+00,1.508485153426350855e+01
5.611122224444889284e+00,1.435078267345494041e+01
5.613122624524905291e+00,1.522986125224165832e+01
5.615123024604921298e+00,1.522808704925309442e+01
5.617123424684937305e+00,1.522525717770766285e+01
5.619123824764953312e+00,1.522152760036810015e+01
5.621124224844969319e+00,1.442586876399413498e+01
5.623124624924985326e+00,1.510521126556099070e+01
5.625125025005001334e+00,1.508933717154991250e+01
5.627125425085017341e+00,1.507595533405488908e+01
5.629125825165033348e+00,1.434393098598905425e+01
5.631126225245049355e+00,1.523521510539832313e+01
5.633126625325065362e+00,1.523197654376482646e+01
5.635127025405081369e+00,1.522793824589163236e+01
5.637127425485097376e+00,1.522321510420037072e+01
5.639127825565113383e+00,1.521791108951302007e+01
5.641128225645129390e+00,1.444411695826386222e+01
5.643128625725145397e+00,1.437735517275140928e+01
5.645129025805161405e+00,1.432377120291628181e+01
5.647129425885177412e+00,1.526968664417691812e+01
5.649129825965193419e+00,1.526685603725397655e+01
5.651130226045209426e+00,1.526300223237780607e+01
5.653130626125225433e+00,1.513901979026677225e+01
5.655131026205241440e+00,1.511876840251240850e+01
5.657131426285257447e+00,1.510165755902090901e+01
5.659131826365273454e+00,1.508720167477618546e+01
5.661132226445289461e+00,1.522562198947662715e+01
5.663132626525305469e+00,1.522050206359231872e+01
5.665133026605321476e+00,1.521489539393650681e+01
5.667133426685337483e+00,1.520887593275635830e+01
5.669133826765353490e+00,1.512338999566588527e+01
5.671134226845369497e+00,1.444114961513091089e+01
5.673134626925385504e+00,1.437293774296990634e+01
5.675135027005401511e+00,1.431813649299119007e+01
5.677135427085417518e+00,1.523487979962714967e+01
5.679135827165433525e+00,1.523462921542895998e+01
5.681136227245449533e+00,1.523305183616199265e+01
5.683136627325465540e+00,1.523034250954914803e+01
5.685137027405481547e+00,1.512500492707732214e+01
5.687137427485497554e+00,1.510342771431185582e+01
5.689137827565513561e+00,1.508522469062246785e+01
5.691138227645528680e+00,1.437218480192669823e+01
5.693138627725544687e+00,1.521290992811713672e+01
5.695139027805560694e+00,1.521134749666551755e+01
5.697139427885576701e+00,1.520874857650198209e+01
5.699139827965592708e+00,1.441192198245586553e+01
5.701140228045608715e+00,1.435083452496288281e+01
5.703140628125624723e+00,1.524179823552990243e+01
5.705141028205640730e+00,1.524012561666181220e+01
5.707141428285656737e+00,1.523732060370573826e+01
5.709141828365672744e+00,1.512804861553237146e+01
5.711142228445688751e+00,1.510684858468657588e+01
5.713142628525704758e+00,1.508896164138204377e+01
5.715143028605720765e+00,1.436645666812169075e+01
5.717143428685736772e+00,1.522302217608537234e+01
5.719143828765752779e+00,1.522080487312650021e+01
5.721144228845768787e+00,1.521763007445483318e+01
5.723144628925784794e+00,1.440626276342002932e+01
5.725145029005800801e+00,1.522588742332142608e+01
5.727145429085816808e+00,1.437871751565825207e+01
5.729145829165832815e+00,1.524362927511460342e+01
5.731146229245848822e+00,1.511441039102804673e+01
5.733146629325864829e+00,1.509831231883421587e+01
5.735147029405880836e+00,1.522748077465691274e+01
5.737147429485896843e+00,1.522377388787832864e+01
5.739147829565912851e+00,1.521931893106589406e+01
5.741148229645928858e+00,1.512464307900679117e+01
5.743148629725944865e+00,1.441816280912298609e+01
5.745149029805960872e+00,1.435539115571964253e+01
5.747149429885976879e+00,1.507614472339851375e+01
5.749149829965992886e+00,1.523070355527328168e+01
5.751150230046008893e+00,1.522851898885334343e+01
5.753150630126024900e+00,1.522534639812700163e+01
5.755151030206040907e+00,1.522133175399356908e+01
5.757151430286056915e+00,1.442762512588719481e+01
5.759151830366072922e+00,1.510469013633036894e+01
5.761152230446088929e+00,1.508870902032698424e+01
5.763152630526104936e+00,1.434947731127688364e+01
5.765153030606120943e+00,1.523624404935221222e+01
5.767153430686136950e+00,1.523381040447071122e+01
5.769153830766152957e+00,1.523041256918941144e+01
5.771154230846168964e+00,1.522619291454137880e+01
5.773154630926184971e+00,1.512677394123307373e+01
5.775155031006200979e+00,1.440844952948038937e+01
5.777155431086216986e+00,1.434805121276903606e+01
5.779155831166232993e+00,1.508431044910117258e+01
5.781156231246249000e+00,1.524402619618994770e+01
5.783156631326265007e+00,1.524088810256683146e+01
5.785157031406281014e+00,1.523687713461379012e+01
5.787157431486297021e+00,1.523212208726435257e+01
5.789157831566313028e+00,1.512957514506818235e+01
5.791158231646329035e+00,1.510610106030843802e+01
5.793158631726345043e+00,1.508629575822713065e+01
5.795159031806361050e+00,1.438480915769303081e+01
5.797159431886377057e+00,1.432706296855111994e+01
5.799159831966393064e+00,1.523424514183738765e+01
5.801160232046409071e+00,1.523203558334611252e+01
5.803160632126425078e+00,1.522885800769926767e+01
5.805161032206441085e+00,1.522485149619481781e+01
5.807161432286457092e+00,1.522014069241387446e+01
5.809161832366473099e+00,1.521483684637633260e+01
5.811162232446489107e+00,1.446364201453544496e+01
5.813162632526505114e+00,1.439334283955115446e+01
5.815163032606521121e+00,1.433676868632597312e+01
5.817163432686537128e+00,1.509771876012864666e+01
5.819163832766553135e+00,1.508922566522603503e+01
5.821164232846569142e+00,1.525589123235914180e+01
5.823164632926585149e+00,1.525236314329569254e+01
5.825165033006601156e+00,1.524798857785114947e+01
5.827165433086617163e+00,1.524289160168660473e+01
5.829165833166633170e+00,1.513356541952430412e+01
5.831166233246649178e+00,1.511068976825641030e+01
5.833166633326665185e+00,1.509137598719052420e+01
5.835167033406681192e+00,1.520135795261047384e+01
5.837167433486697199e+00,1.519731293381669168e+01
5.839167833566713206e+00,1.443570317904192990e+01
5.841168233646729213e+00,1.436908423422884695e+01
5.843168633726745220e+00,1.431562526195018847e+01
5.845169033806761227e+00,1.525008241735550385e+01
5.847169433886777234e+00,1.524835543153272610e+01
5.849169833966793242e+00,1.524550131517582940e+01
5.851170234046809249e+00,1.524168510826538814e+01
5.853170634126825256e+00,1.513054797455918354e+01
5.855171034206841263e+00,1.510890655814164774e+01
5.857171434286857270e+00,1.509063376630661679e+01
5.859171834366873277e+00,1.520461993883794527e+01
5.861172234446889284e+00,1.520093726024595071e+01
5.863172634526905291e+00,1.442847038834747053e+01
5.865173034606921298e+00,1.436353358097583843e+01
5.867173434686937306e+00,1.522347308866226179e+01
5.869173834766953313e+00,1.522268143681501762e+01
5.871174234846969320e+00,1.510530827885887284e+01
5.873174634926985327e+00,1.436729266628169377e+01
5.875175035007001334e+00,1.523290897085896489e+01
5.877175435087017341e+00,1.523090769123509958e+01
5.879175835167033348e+00,1.522785464754073814e+01
5.881176235247049355e+00,1.512467086034599184e+01
5.883176635327065362e+00,1.510260461634806184e+01
5.885177035407081370e+00,1.438556436996064924e+01
5.887177435487097377e+00,1.432886193450076462e+01
5.889177835567113384e+00,1.524530825549963353e+01
5.891178235647129391e+00,1.524325431143977383e+01
5.893178635727145398e+00,1.524014396882212630e+01
5.895179035807161405e+00,1.523613205417670713e+01
5.897179435887177412e+00,1.512914554728050831e+01
5.899179835967193419e+00,1.510685235252474889e+01
5.901180236047209426e+00,1.508803556089402775e+01
5.903180636127225434e+00,1.437519806117762045e+01
5.905181036207241441e+00,1.521495565140279815e+01
5.907181436287257448e+00,1.521283663875080094e+01
5.909181836367273455e+00,1.520976930854540399e+01
5.911182236447289462e+00,1.441324874384793553e+01
5.913182636527305469e+00,1.435186209486738207e+01
5.915183036607321476e+00,1.524167479553120153e+01
5.917183436687337483e+00,1.523979020506913429e+01
5.919183836767353490e+00,1.523681023877557195e+01
5.921184236847369498e+00,1.512713054070888319e+01
5.923184636927385505e+00,1.510598340136444051e+01
5.925185037007401512e+00,1.508813994852554607e+01
5.927185437087417519e+00,1.436700175256741119e+01
5.929185837167433526e+00,1.522224609184655719e+01
5.931186237247449533e+00,1.521992469971588946e+01
5.933186637327465540e+00,1.521666786455630138e+01
5.935187037407481547e+00,1.521261441851612339e+01
5.937187437487497554e+00,1.443698072051057757e+01
5.939187837567513562e+00,1.437145676009562045e+01
5.941188237647529569e+00,1.431892873785612252e+01
5.943188637727545576e+00,1.526957177786403719e+01
5.945189037807561583e+00,1.526698769742555761e+01
5.947189437887577590e+00,1.512450067221955941e+01
5.949189837967593597e+00,1.510908752946929567e+01
5.951190238047609604e+00,1.525094203619214817e+01
5.953190638127625611e+00,1.524589310518059371e+01
5.955191038207641618e+00,1.524023991901317387e+01
5.957191438287657625e+00,1.513251437381363651e+01
5.959191838367673633e+00,1.510916156814821676e+01
5.961192238447689640e+00,1.508944380420472520e+01
5.963192638527705647e+00,1.507280593360628096e+01
5.965193038607721654e+00,1.519099166096154541e+01
5.967193438687737661e+00,1.518651521462260945e+01
5.969193838767753668e+00,1.443313876300450005e+01
5.971194238847769675e+00,1.436568620505544303e+01
5.973194638927785682e+00,1.431152630374848478e+01
5.975195039007801689e+00,1.523694486741400667e+01
5.977195439087817697e+00,1.523541837896458340e+01
5.979195839167833704e+00,1.523280460698227223e+01
5.981196239247849711e+00,1.522926032124019891e+01
5.983196639327865718e+00,1.522492507161006259e+01
5.985197039407881725e+00,1.521992269048033108e+01
5.987197439487897732e+00,1.445231615438262374e+01
5.989197839567913739e+00,1.438450848484193934e+01
5.991198239647929746e+00,1.433004712376440537e+01
5.993198639727945753e+00,1.526809715012814017e+01
5.995199039807961761e+00,1.526609006526682144e+01
5.997199439887977768e+00,1.513463053193175156e+01
5.999199839967993775e+00,1.511693629661154148e+01
6.001200240048009782e+00,1.510198904373473638e+01
6.003200640128025789e+00,1.508935875215695432e+01
6.005201040208041796e+00,1.523898107831877979e+01
6.007201440288057803e+00,1.523370466766310471e+01
6.009201840368073810e+00,1.522792573709761221e+01
6.011202240448089817e+00,1.522171912952322081e+01
6.013202640528105825e+00,1.521515414984107473e+01
6.015203040608121832e+00,1.513769951788873414e+01
6.017203440688137839e+00,1.510855030861768533e+01
6.019203840768153846e+00,1.443560976920030825e+01
6.021204240848169853e+00,1.436782022076807941e+01
6.023204640928185860e+00,1.431339183953030769e+01
6.025205041008201867e+00,1.427031137049575804e+01
6.027205441088217874e+00,1.526756677061975687e+01
6.029205841168233881e+00,1.526565923024689653e+01
6.031206241248249889e+00,1.526263012186531220e+01
6.033206641328265896e+00,1.525863746983784530e+01
6.035207041408281903e+00,1.525382246971969913e+01
6.037207441488297910e+00,1.524831086207903219e+01
6.039207841568313917e+00,1.514697152898739851e+01
6.041208241648329924e+00,1.512159468807732665e+01
6.043208641728345931e+00,1.510016098017929309e+01
6.045209041808361938e+00,1.508206973435320108e+01
6.047209441888377945e+00,1.506680897812079145e+01
6.049209841968393953e+00,1.518703050468936411e+01
6.051210242048409960e+00,1.518336731708240883e+01
6.053210642128425967e+00,1.442875413744772217e+01
6.055211042208441974e+00,1.436214616274168066e+01
6.057211442288457981e+00,1.430869928843224059e+01
6.059211842368473988e+00,1.523705002936267761e+01
6.061212242448489995e+00,1.523567650068954116e+01
6.063212642528506002e+00,1.523318726429974035e+01
6.065213042608522009e+00,1.522974316818376650e+01
6.067213442688538017e+00,1.522548730691410057e+01
6.069213842768554024e+00,1.522054658741077837e+01
6.071214242848570031e+00,1.445059173672425423e+01
6.073214642928586038e+00,1.438319889562651888e+01
6.075215043008602045e+00,1.432908385062526158e+01
6.077215443088618052e+00,1.527004771186994425e+01
6.079215843168634059e+00,1.526785007429387697e+01
6.081216243248650066e+00,1.513512333025044043e+01
6.083216643328666073e+00,1.511751789685430580e+01
6.085217043408682080e+00,1.510263953104327506e+01
6.087217443488698088e+00,1.509006147915209795e+01
6.089217843568714095e+00,1.524081569120870583e+01
6.091218243648730102e+00,1.523532718566991484e+01
6.093218643728746109e+00,1.522936494705676047e+01
6.095219043808762116e+00,1.522299953594423627e+01
6.097219443888778123e+00,1.521629662623001877e+01
6.099219843968794130e+00,1.513767137341946523e+01
6.101220244048810137e+00,1.510865359806896002e+01
6.103220644128826144e+00,1.443460599963998625e+01
6.105221044208842152e+00,1.436706209704264658e+01
6.107221444288858159e+00,1.431283809375013583e+01
6.109221844368874166e+00,1.426992705945053785e+01
6.111222244448890173e+00,1.526970809043850075e+01
6.113222644528906180e+00,1.526748703176764543e+01
6.115223044608922187e+00,1.526419040500169366e+01
6.117223444688938194e+00,1.525996936632259526e+01
6.119223844768954201e+00,1.525495926859933604e+01
6.121224244848970208e+00,1.524928088244949898e+01
6.123224644928986216e+00,1.514676639721621321e+01
6.125225045009002223e+00,1.512151454485990243e+01
6.127225445089018230e+00,1.510018274515577907e+01
6.129225845169034237e+00,1.508217385676487510e+01
6.131226245249050244e+00,1.506697891572980552e+01
6.133226645329066251e+00,1.518824914792843650e+01
6.135227045409082258e+00,1.518437880119796546e+01
6.137227445489098265e+00,1.442776406461935323e+01
6.139227845569114272e+00,1.436135712133268960e+01
6.141228245649130280e+00,1.520343535005963354e+01
6.143228645729146287e+00,1.520325300504149091e+01
6.145229045809161406e+00,1.520183693976209227e+01
6.147229445889177413e+00,1.440492081117159806e+01
6.149229845969193420e+00,1.434484695197908799e+01
6.151230246049209427e+00,1.523839499745439241e+01
6.153230646129225434e+00,1.523720805694608416e+01
6.155231046209241441e+00,1.523482488999810514e+01
6.157231446289257448e+00,1.523142567354540233e+01
6.159231846369273455e+00,1.442376670274298789e+01
6.161232246449289462e+00,1.436247553951085365e+01
6.163232646529305470e+00,1.511621669301086968e+01
6.165233046609321477e+00,1.510397771478361051e+01
6.167233446689337484e+00,1.525710554599974245e+01
6.169233846769353491e+00,1.525324691262299126e+01
6.171234246849369498e+00,1.512005530592791303e+01
6.173234646929385505e+00,1.523905092623647484e+01
6.175235047009401512e+00,1.511549619363626107e+01
6.177235447089417519e+00,1.522281880342394977e+01
6.179235847169433526e+00,1.510951514247995142e+01
6.181236247249449534e+00,1.508949815165581931e+01
6.183236647329465541e+00,1.519616206543719095e+01
6.185237047409481548e+00,1.519161371527730786e+01
6.187237447489497555e+00,1.444421736898687314e+01
6.189237847569513562e+00,1.437542928548423582e+01
6.191238247649529569e+00,1.432013360605114194e+01
6.193238647729545576e+00,1.523689675464359361e+01
6.195239047809561583e+00,1.523605999451481274e+01
6.197239447889577590e+00,1.523399528328944363e+01
6.199239847969593598e+00,1.523088260359669555e+01
6.201240248049609605e+00,1.522688089689732038e+01
6.203240648129625612e+00,1.443393253757789196e+01
6.205241048209641619e+00,1.511591953211931383e+01
6.207241448289657626e+00,1.509814863327927625e+01
6.209241848369673633e+00,1.508317115657923324e+01
6.211242248449689640e+00,1.507055243080901619e+01
6.213242648529705647e+00,1.520511496184434641e+01
6.215243048609721654e+00,1.520193750054971993e+01
6.217243448689737662e+00,1.440388649184981062e+01
6.219243848769753669e+00,1.434327107721217409e+01
6.221244248849769676e+00,1.523601621446063170e+01
6.223244648929785683e+00,1.523380904310460870e+01
6.225245049009801690e+00,1.523060736045218988e+01
6.227245449089817697e+00,1.522655812797028041e+01
6.229245849169833704e+00,1.522179191498283046e+01
6.231246249249849711e+00,1.444838339182014408e+01
6.233246649329865718e+00,1.438151465964673292e+01
6.235247049409881726e+00,1.432784983585264094e+01
6.237247449489897733e+00,1.510837438497868312e+01
6.239247849569913740e+00,1.509966249675915329e+01
6.241248249649929747e+00,1.527464381057117926e+01
6.243248649729945754e+00,1.526949487377597592e+01
6.245249049809961761e+00,1.526371538845299014e+01
6.247249449889977768e+00,1.525739630457974805e+01
6.249249849969993775e+00,1.525062076894540297e+01
6.251250250050009782e+00,1.514973433107265244e+01
6.253250650130025790e+00,1.512336519133856960e+01
6.255251050210041797e+00,1.510109763186488152e+01
6.257251450290057804e+00,1.508230652411714878e+01
6.259251850370073811e+00,1.506645929799782202e+01
6.261252250450089818e+00,1.518439121341216591e+01
6.263252650530105825e+00,1.518046635497420027e+01
6.265253050610121832e+00,1.443270765295765301e+01
6.267253450690137839e+00,1.436507760363997299e+01
6.269253850770153846e+00,1.431076705387796011e+01
6.271254250850169853e+00,1.523034821449418175e+01
6.273254650930185861e+00,1.522942469295962908e+01
6.275255051010201868e+00,1.522733297391972229e+01
6.277255451090217875e+00,1.522424152189000246e+01
6.279255851170233882e+00,1.522029997636230547e+01
6.281256251250249889e+00,1.521564086015629158e+01
6.283256651330265896e+00,1.445348250157360859e+01
6.285257051410281903e+00,1.438525156763153667e+01
6.287257451490297910e+00,1.433043104084219088e+01
6.289257851570313917e+00,1.526264325971599334e+01
6.291258251650329925e+00,1.526115173087598897e+01
6.293258651730345932e+00,1.513126597089746816e+01
6.295259051810361939e+00,1.511389068212512399e+01
6.297259451890377946e+00,1.509921513521734759e+01
6.299259851970393953e+00,1.508681673578420757e+01
6.301260252050409960e+00,1.523564141571924502e+01
6.303260652130425967e+00,1.523057642669320622e+01
6.305261052210441974e+00,1.522498722979604757e+01
6.307261452290457981e+00,1.521895185994581823e+01
6.309261852370473989e+00,1.521254235555352530e+01
6.311262252450489996e+00,1.513599822087338076e+01
6.313262652530506003e+00,1.445265544365740773e+01
6.315263052610522010e+00,1.438273340196675854e+01
6.317263452690538017e+00,1.432648430416343466e+01
6.319263852770554024e+00,1.506834190014308206e+01
6.321264252850570031e+00,1.523335359162038927e+01
6.323264652930586038e+00,1.523237766308518992e+01
6.325265053010602045e+00,1.523020279225341866e+01
6.327265453090618053e+00,1.522700448001550733e+01
6.329265853170634060e+00,1.512297912392705612e+01
6.331266253250650067e+00,1.510114932146741928e+01
6.333266653330666074e+00,1.508273149881378039e+01
6.335267053410682081e+00,1.437795571968430686e+01
6.337267453490698088e+00,1.432164310766150628e+01
6.339267853570714095e+00,1.523842290385995923e+01
6.341268253650730102e+00,1.523601634203611610e+01
6.343268653730746109e+00,1.523266378599308268e+01
6.345269053810762117e+00,1.522850043801394726e+01
6.347269453890778124e+00,1.522364774960224842e+01
6.349269853970794131e+00,1.521821434408897744e+01
6.351270254050810138e+00,1.445821986277388049e+01
6.353270654130826145e+00,1.438915402504902552e+01
6.355271054210842152e+00,1.433361895802244845e+01
6.357271454290858159e+00,1.510119969713804267e+01
6.359271854370874166e+00,1.526168039308043411e+01
6.361272254450890173e+00,1.525884180075219909e+01
6.363272654530906181e+00,1.512067187860128215e+01
6.365273054610922188e+00,1.524690258387448694e+01
6.367273454690938195e+00,1.511777497313190821e+01
6.369273854770954202e+00,1.510005473897208716e+01
6.371274254850970209e+00,1.522520046117571546e+01
6.373274654930986216e+00,1.522016950413647862e+01
6.375275055011002223e+00,1.521461576126882242e+01
6.377275455091018230e+00,1.512218969014957892e+01
6.379275855171034237e+00,1.509723922348826797e+01
6.381276255251050245e+00,1.441515643865102803e+01
6.383276655331066252e+00,1.435123987129942158e+01
6.385277055411082259e+00,1.430008948701799021e+01
6.387277455491098266e+00,1.524378849670829084e+01
6.389277855571114273e+00,1.524215559899731787e+01
6.391278255651130280e+00,1.523943030574877788e+01
6.393278655731146287e+00,1.523576839143588124e+01
6.395279055811162294e+00,1.523130893186791468e+01
6.397279455891178301e+00,1.522617566277894596e+01
6.399279855971194308e+00,1.522047834554724233e+01
6.401280256051210316e+00,1.447416217021703311e+01
6.403280656131226323e+00,1.511988899179701740e+01
6.405281056211242330e+00,1.509844186227482865e+01
6.407281456291258337e+00,1.437900498108302294e+01
6.409281856371274344e+00,1.506954296006044736e+01
6.411282256451290351e+00,1.506066378963505414e+01
6.413282656531306358e+00,1.432002876863936081e+01
6.415283056611322365e+00,1.523630607644426682e+01
6.417283456691338372e+00,1.523432522712661630e+01
6.419283856771354380e+00,1.523133366194208449e+01
6.421284256851370387e+00,1.522747517714419985e+01
6.423284656931386394e+00,1.522287880692819861e+01
6.425285057011402401e+00,1.521765984092069957e+01
6.427285457091418408e+00,1.445828881195954807e+01
6.429285857171434415e+00,1.438926486937933369e+01
6.431286257251450422e+00,1.509841487479015498e+01
6.433286657331466429e+00,1.508584540760357307e+01
6.435287057411482436e+00,1.507525786169960114e+01
6.437287457491498444e+00,1.522200597586726900e+01
6.439287857571514451e+00,1.521905728661976731e+01
6.441288257651530458e+00,1.521527854857920659e+01
6.443288657731546465e+00,1.441257386901336623e+01
6.445289057811562472e+00,1.522114234169642799e+01
6.447289457891578479e+00,1.438339976068396986e+01
6.449289857971594486e+00,1.523718924730346025e+01
6.451290258051610493e+00,1.511017162714448148e+01
6.453290658131626500e+00,1.522688169102474909e+01
6.455291058211642508e+00,1.510856000171121316e+01
6.457291458291658515e+00,1.509069380189148113e+01
6.459291858371674522e+00,1.520653211692402174e+01
6.461292258451690529e+00,1.439634511451124865e+01
6.463292658531706536e+00,1.433753893683111968e+01
6.465293058611722543e+00,1.524517297106576486e+01
6.467293458691738550e+00,1.524240367754598324e+01
6.469293858771754557e+00,1.523870400084020105e+01
6.471294258851770564e+00,1.523421077759463138e+01
6.473294658931786572e+00,1.522904603914394883e+01
6.475295059011802579e+00,1.514017677259425554e+01
6.477295459091818586e+00,1.442513635685835993e+01
6.479295859171834593e+00,1.436183297686760696e+01
6.481296259251850600e+00,1.508800558315129514e+01
6.483296659331866607e+00,1.507866871748681170e+01
6.485297059411882614e+00,1.523421693268514687e+01
6.487297459491898621e+00,1.523113264948736223e+01
6.489297859571914628e+00,1.522720217715971991e+01
6.491298259651930636e+00,1.522255008567271517e+01
6.493298659731946643e+00,1.512413672484188965e+01
6.495299059811962650e+00,1.441301178353491785e+01
6.497299459891978657e+00,1.435139470475214907e+01
6.499299859971994664e+00,1.523588803810145542e+01
6.501300260052010671e+00,1.523440419554883718e+01
6.503300660132026678e+00,1.510926939452615514e+01
6.505301060212042685e+00,1.522316266325360878e+01
6.507301460292058692e+00,1.510703132049156849e+01
6.509301860372074700e+00,1.508877580990878009e+01
6.511302260452090707e+00,1.520176901132656333e+01
6.513302660532106714e+00,1.440114880997538727e+01
6.515303060612122721e+00,1.434111033750116526e+01
6.517303460692138728e+00,1.523724901538800935e+01
6.519303860772154735e+00,1.523499361680525155e+01
6.521304260852170742e+00,1.523174673127900292e+01
6.523304660932186749e+00,1.522765446412739365e+01
6.525305061012202756e+00,1.522284674876843624e+01
6.527305461092218763e+00,1.444684587705621936e+01
6.529305861172234771e+00,1.438036700692074454e+01
6.531306261252250778e+00,1.510470716098936528e+01
6.533306661332266785e+00,1.509213970801073934e+01
6.535307061412282792e+00,1.508154573136712351e+01
6.537307461492298799e+00,1.523363785015280847e+01
6.539307861572314806e+00,1.522991033222264612e+01
6.541308261652330813e+00,1.522544579363935924e+01
6.543308661732346820e+00,1.522035312291192177e+01
6.545309061812362827e+00,1.521473066376930028e+01
6.547309461892378835e+00,1.446446013562000310e+01
6.549309861972394842e+00,1.439397617220825865e+01
6.551310262052410849e+00,1.509489220684281108e+01
6.553310662132426856e+00,1.508217417782001490e+01
6.555311062212442863e+00,1.507147247562999404e+01
6.557311462292458870e+00,1.506246560691948844e+01
6.559311862372474877e+00,1.521583222510363420e+01
6.561312262452490884e+00,1.521188887473638829e+01
6.563312662532506891e+00,1.520733267866300231e+01
6.565313062612522899e+00,1.520225134308119053e+01
6.567313462692538906e+00,1.444095009690704323e+01
6.569313862772554913e+00,1.437333404130827219e+01
6.571314262852570920e+00,1.431903357499790097e+01
6.573314662932586927e+00,1.525200979930720457e+01
6.575315063012602934e+00,1.524990084170988069e+01
6.577315463092618941e+00,1.524673302776619543e+01
6.579315863172634948e+00,1.524266192921264462e+01
6.581316263252650955e+00,1.523782539032286110e+01
6.583316663332666963e+00,1.523234526100744546e+01
6.585317063412682970e+00,1.445965384581276858e+01
6.587317463492698977e+00,1.512913472423596239e+01
6.589317863572714984e+00,1.510789053275205340e+01
6.591318263652730991e+00,1.509000299191718142e+01
6.593318663732746998e+00,1.507495202344374441e+01
6.595319063812763005e+00,1.435477499384104583e+01
6.597319463892779012e+00,1.505623460162284566e+01
6.599319863972795019e+00,1.521827895834309707e+01
6.601320264052810138e+00,1.521575113695533332e+01
6.603320664132826145e+00,1.521236502579453820e+01
6.605321064212842153e+00,1.520824318615823856e+01
6.607321464292858160e+00,1.442513584364341561e+01
6.609321864372874167e+00,1.436117695258362836e+01
6.611322264452890174e+00,1.523333948787631797e+01
6.613322664532906181e+00,1.523171483095610412e+01
6.615323064612922188e+00,1.522898194619003576e+01
6.617323464692938195e+00,1.440482112964225792e+01
6.619323864772954202e+00,1.434673960628332168e+01
6.621324264852970209e+00,1.526917926101635459e+01
6.623324664932986217e+00,1.512416211572646141e+01
6.625325065013002224e+00,1.510957440155911158e+01
6.627325465093018231e+00,1.525532649034452248e+01
6.629325865173034238e+00,1.525042238027866404e+01
6.631326265253050245e+00,1.524487999788222581e+01
6.633326665333066252e+00,1.513385008693022016e+01
6.635327065413082259e+00,1.511106533887097747e+01
6.637327465493098266e+00,1.509182258742174909e+01
6.639327865573114273e+00,1.507557971199657487e+01
6.641328265653130281e+00,1.519758520418936598e+01
6.643328665733146288e+00,1.519282647071313441e+01
6.645329065813162295e+00,1.442711321072005148e+01
6.647329465893178302e+00,1.436121005040071452e+01
6.649329865973194309e+00,1.521250030682226750e+01
6.651330266053210316e+00,1.521141515826530544e+01
6.653330666133226323e+00,1.520922071080013716e+01
6.655331066213242330e+00,1.440339674154609106e+01
6.657331466293258337e+00,1.521846404248214313e+01
6.659331866373274345e+00,1.437636482486829692e+01
6.661332266453290352e+00,1.523703451303613754e+01
6.663332666533306359e+00,1.523522116971246909e+01
6.665333066613322366e+00,1.523229957754490371e+01
6.667333466693338373e+00,1.441884069228469478e+01
6.669333866773354380e+00,1.512085161412866263e+01
6.671334266853370387e+00,1.510373938661144955e+01
6.673334666933386394e+00,1.508931623495537444e+01
6.675335067013402401e+00,1.507716077776981756e+01
6.677335467093418409e+00,1.521822437601747424e+01
6.679335867173434416e+00,1.521463653900057267e+01
6.681336267253450423e+00,1.521034158556424387e+01
6.683336667333466430e+00,1.442279431074530649e+01
6.685337067413482437e+00,1.435940284539133138e+01
6.687337467493498444e+00,1.523643671948893186e+01
6.689337867573514451e+00,1.523448600798149677e+01
6.691338267653530458e+00,1.523147078838958457e+01
6.693338667733546465e+00,1.512481035346698910e+01
6.695339067813562473e+00,1.510340797971443649e+01
6.697339467893578480e+00,1.437987513847206245e+01
6.699339867973594487e+00,1.522086186560217058e+01
6.701340268053610494e+00,1.521913569049538673e+01
6.703340668133626501e+00,1.438827654020230362e+01
6.705341068213642508e+00,1.523346858921815539e+01
6.707341468293658515e+00,1.510887975753504797e+01
6.709341868373674522e+00,1.509267460693908802e+01
6.711342268453690529e+00,1.521733553082775359e+01
6.713342668533706536e+00,1.521390983323205504e+01
6.715343068613722544e+00,1.441069295605484868e+01
6.717343468693738551e+00,1.435001025447719414e+01
6.719343868773754558e+00,1.524724987716370173e+01
6.721344268853770565e+00,1.524480524522999758e+01
6.723344668933786572e+00,1.524134420841133952e+01
6.725345069013802579e+00,1.512924464844936168e+01
6.727345469093818586e+00,1.510813956732772567e+01
6.729345869173834593e+00,1.509032429505873019e+01
6.731346269253850600e+00,1.507529362999184031e+01
6.733346669333866608e+00,1.520177520850455899e+01
6.735347069413882615e+00,1.519757157750661314e+01
6.737347469493898622e+00,1.441883515694950901e+01
6.739347869573914629e+00,1.435490190247996622e+01
6.741348269653930636e+00,1.522283972548351372e+01
6.743348669733946643e+00,1.522126831182067441e+01
6.745349069813962650e+00,1.521863911832909544e+01
6.747349469893978657e+00,1.521510922036417313e+01
6.749349869973994664e+00,1.442822003536194586e+01
6.751350270054010672e+00,1.436458229622313176e+01
6.753350670134026679e+00,1.431366046254072444e+01
6.755351070214042686e+00,1.527921963928057636e+01
6.757351470294058693e+00,1.527589808419716633e+01
6.759351870374074700e+00,1.527161498615934043e+01
6.761352270454090707e+00,1.526651253932486085e+01
6.763352670534106714e+00,1.515308531754173238e+01
6.765353070614122721e+00,1.512948194592203421e+01
6.767353470694138728e+00,1.510954346578507135e+01
6.769353870774154736e+00,1.509270642988565569e+01
6.771354270854170743e+00,1.507849103821011383e+01
6.773354670934186750e+00,1.521255905584921031e+01
6.775355071014202757e+00,1.520786087407367404e+01
6.777355471094218764e+00,1.520265538005378048e+01
6.779355871174234771e+00,1.519701864528679103e+01
6.781356271254250778e+00,1.446609908282321832e+01
6.783356671334266785e+00,1.439375784070272246e+01
6.785357071414282792e+00,1.433544503598504782e+01
6.787357471494298800e+00,1.428905366252307729e+01
6.789357871574314807e+00,1.527154555709585182e+01
6.791358271654330814e+00,1.526921545987424089e+01
6.793358671734346821e+00,1.526579855109933526e+01
6.795359071814362828e+00,1.526145166953299537e+01
6.797359471894378835e+00,1.525631421787617370e+01
6.799359871974394842e+00,1.514913192072611814e+01
6.801360272054410849e+00,1.512478293519472139e+01
6.803360672134426856e+00,1.510421374370842429e+01
6.805361072214442864e+00,1.508684606269691209e+01
6.807361472294458871e+00,1.507218719696368936e+01
6.809361872374474878e+00,1.519926134122715666e+01
6.811362272454490885e+00,1.519511858833439177e+01
6.813362672534506892e+00,1.519041764527062632e+01
6.815363072614522899e+00,1.444724564733454208e+01
6.817363472694538906e+00,1.437785078796044402e+01
6.819363872774554913e+00,1.432203377507469000e+01
6.821364272854570920e+00,1.523325055567542741e+01
6.823364672934586928e+00,1.523267979017811236e+01
6.825365073014602935e+00,1.523084362733082742e+01
6.827365473094618942e+00,1.522792823041487509e+01
6.829365873174634949e+00,1.522409773068387651e+01
6.831366273254650956e+00,1.443627777119568023e+01
6.833366673334666963e+00,1.511452192363225322e+01
6.835367073414682970e+00,1.509672580894671512e+01
6.837367473494698977e+00,1.508172960570040466e+01
6.839367873574714984e+00,1.506909776992358907e+01
6.841368273654730991e+00,1.434495299227689991e+01
6.843368673734746999e+00,1.522698043385443256e+01
6.845369073814763006e+00,1.522421450608144688e+01
6.847369473894779013e+00,1.522060058281733319e+01
6.849369873974795020e+00,1.521626008632880378e+01
6.851370274054811027e+00,1.521130273148855849e+01
6.853370674134827034e+00,1.444536743018749547e+01
6.855371074214843041e+00,1.437798383019857162e+01
6.857371474294859048e+00,1.432387581485007644e+01
6.859371874374875055e+00,1.526134933740354072e+01
6.861372274454891063e+00,1.525916581660569804e+01
6.863372674534907070e+00,1.525588224219768740e+01
6.865373074614923077e+00,1.525166242769724434e+01
6.867373474694939084e+00,1.514604655153606494e+01
6.869373874774955091e+00,1.512221216141067615e+01
6.871374274854971098e+00,1.510209335471794923e+01
6.873374674934987105e+00,1.508512017399144689e+01
6.875375075015003112e+00,1.507080719243472089e+01
6.877375475095019119e+00,1.519792951355483268e+01
6.879375875175035127e+00,1.519412385346417693e+01
6.881376275255051134e+00,1.441741694609879332e+01
6.883376675335067141e+00,1.435364306718475369e+01
6.885377075415083148e+00,1.521986747372788606e+01
6.887377475495099155e+00,1.521857194576278616e+01
6.889377875575115162e+00,1.521618057703393667e+01
6.891378275655131169e+00,1.521285578579274755e+01
6.893378675735147176e+00,1.442794673987133258e+01
6.895379075815163183e+00,1.436428410772890274e+01
6.897379475895179191e+00,1.431333758656874089e+01
6.899379875975195198e+00,1.527684302308224673e+01
6.901380276055211205e+00,1.527372315996380969e+01
6.903380676135227212e+00,1.526961445163612474e+01
6.905381076215243219e+00,1.526466312271843684e+01
6.907381476295259226e+00,1.515157288663325375e+01
6.909381876375275233e+00,1.512813684143029924e+01
6.911382276455291240e+00,1.510833793995603358e+01
6.913382676535307247e+00,1.509161726048211349e+01
6.915383076615323255e+00,1.507749881290279959e+01
6.917383476695339262e+00,1.521148054198604349e+01
6.919383876775355269e+00,1.520678684219749321e+01
6.921384276855371276e+00,1.520158988456637239e+01
6.923384676935387283e+00,1.519596509258473027e+01
6.925385077015403290e+00,1.446674324623683106e+01
6.927385477095419297e+00,1.439420049768490095e+01
6.929385877175435304e+00,1.433571739275716794e+01
6.931386277255451311e+00,1.428918235987059049e+01
6.933386677335467319e+00,1.526977682486366383e+01
6.935387077415483326e+00,1.526758920209638859e+01
6.937387477495499333e+00,1.526429798790825210e+01
6.939387877575515340e+00,1.526006249815017846e+01
6.941388277655531347e+00,1.525502425005528728e+01
6.943388677735547354e+00,1.514794981863204981e+01
6.945389077815563361e+00,1.512375429939043947e+01
6.947389477895579368e+00,1.510331536083750947e+01
6.949389877975595375e+00,1.508605826219470281e+01
6.951390278055611383e+00,1.507149332267756670e+01
6.953390678135627390e+00,1.519872500510017055e+01
6.955391078215643397e+00,1.519455494219484493e+01
6.957391478295659404e+00,1.518983609418424230e+01
6.959391878375675411e+00,1.444757477952405011e+01
6.961392278455691418e+00,1.437804518265371634e+01
6.963392678535707425e+00,1.432211627780736229e+01
6.965393078615723432e+00,1.523238696755691812e+01
6.967393478695739439e+00,1.523186372799531441e+01
6.969393878775755446e+00,1.523007288162354911e+01
6.971394278855771454e+00,1.522720083150188941e+01
6.973394678935787461e+00,1.522341191116563230e+01
6.975395079015803468e+00,1.443605616812008741e+01
6.977395479095819475e+00,1.437190718552996849e+01
6.979395879175835482e+00,1.510760339907680105e+01
6.981396279255851489e+00,1.509544097600412016e+01
6.983396679335867496e+00,1.508517880676097889e+01
6.985397079415883503e+00,1.524160332576078503e+01
6.987397479495899510e+00,1.523746174552720944e+01
6.989397879575915518e+00,1.523262436001688513e+01
6.991398279655931525e+00,1.522719377702136789e+01
6.993398679735947532e+00,1.522126299846766706e+01
6.995399079815963539e+00,1.513853729466951670e+01
6.997399479895979546e+00,1.511064038762943973e+01
6.999399879975995553e+00,1.442462387725390194e+01
7.001400280056011560e+00,1.435954462822699362e+01
7.003400680136027567e+00,1.430741393998678745e+01
7.005401080216043574e+00,1.426627948661225886e+01
7.007401480296059582e+00,1.528865496820711378e+01
7.009401880376075589e+00,1.528470424473450073e+01
7.011402280456091596e+00,1.527991285252008424e+01
7.013402680536107603e+00,1.527439642774265316e+01
7.015403080616123610e+00,1.526826007796934270e+01
7.017403480696139617e+00,1.526159883556854524e+01
7.019403880776155624e+00,1.525449824859522252e+01
7.021404280856171631e+00,1.516326260183165431e+01
7.023404680936187638e+00,1.513419833492418753e+01
7.025405081016203646e+00,1.510965293626623307e+01
7.027405481096219653e+00,1.508893970010012708e+01
7.029405881176235660e+00,1.507147346209625027e+01
7.031406281256251667e+00,1.505675579245018803e+01
7.033406681336267674e+00,1.504436233780197441e+01
7.035407081416283681e+00,1.437005070754093161e+01
7.037407481496299688e+00,1.518595712189040192e+01
7.039407881576315695e+00,1.518401009165606297e+01
7.041408281656331702e+00,1.518124254189187994e+01
7.043408681736347710e+00,1.517776848157009439e+01
7.045409081816363717e+00,1.443363269098970392e+01
7.047409481896379724e+00,1.436564509577149096e+01
7.049409881976395731e+00,1.431103058039908227e+01
7.051410282056411738e+00,1.522799572063570572e+01
7.053410682136427745e+00,1.522744052389139391e+01
7.055411082216443752e+00,1.522567243208856524e+01
7.057411482296458871e+00,1.522286814917597120e+01
7.059411882376474878e+00,1.521918384767583454e+01
7.061412282456490885e+00,1.521475722716660428e+01
7.063412682536506892e+00,1.445199780092705666e+01
7.065413082616522900e+00,1.438389761720354620e+01
7.067413482696538907e+00,1.432920598094492526e+01
7.069413882776554914e+00,1.526353984234112460e+01
7.071414282856570921e+00,1.526201944172259317e+01
7.073414682936586928e+00,1.525927405806067938e+01
7.075415083016602935e+00,1.525548807281179187e+01
7.077415483096618942e+00,1.515697919402165716e+01
7.079415883176634949e+00,1.513146252907977996e+01
7.081416283256650956e+00,1.510993827178210758e+01
7.083416683336666964e+00,1.509179267249037615e+01
7.085417083416682971e+00,1.507650339291342867e+01
7.087417483496698978e+00,1.506362608432800165e+01
7.089417883576714985e+00,1.435427164596055327e+01
7.091418283656730992e+00,1.521491443356720374e+01
7.093418683736746999e+00,1.521247862893626390e+01
7.095419083816763006e+00,1.520918985218865771e+01
7.097419483896779013e+00,1.520516867871363509e+01
7.099419883976795020e+00,1.442296268461088538e+01
7.101420284056811028e+00,1.435919283250183121e+01
7.103420684136827035e+00,1.523076585902115454e+01
7.105421084216843042e+00,1.522918824640263580e+01
7.107421484296859049e+00,1.522651117490925543e+01
7.109421884376875056e+00,1.522290041352682444e+01
7.111422284456891063e+00,1.443383926393602756e+01
7.113422684536907070e+00,1.437002791902381027e+01
7.115423084616923077e+00,1.431896088408122658e+01
7.117423484696939084e+00,1.528597816772852447e+01
7.119423884776955092e+00,1.512805558520522986e+01
7.121424284856971099e+00,1.527800760212790188e+01
7.123424684936987106e+00,1.512790246329772437e+01
7.125425085017003113e+00,1.526602590610527344e+01
7.127425485097019120e+00,1.512486702386138582e+01
7.129425885177035127e+00,1.525119420246078228e+01
7.131426285257051134e+00,1.511983162406225745e+01
7.133426685337067141e+00,1.523438791691396688e+01
7.135427085417083148e+00,1.511344366008215268e+01
7.137427485497099156e+00,1.521627125174434703e+01
7.139427885577115163e+00,1.510617886222131112e+01
7.141428285657131170e+00,1.519735160914472694e+01
7.143428685737147177e+00,1.509838726976703249e+01
7.145429085817163184e+00,1.517801939812897061e+01
7.147429485897179191e+00,1.444995386653545744e+01
7.149429885977195198e+00,1.437932062363032237e+01
7.151430286057211205e+00,1.432246543172043651e+01
7.153430686137227212e+00,1.427731585393016722e+01
7.155431086217243219e+00,1.526107299781433468e+01
7.157431486297259227e+00,1.525900577206818731e+01
7.159431886377275234e+00,1.525587029715045517e+01
7.161432286457291241e+00,1.525181724674018113e+01
7.163432686537307248e+00,1.524698144690226975e+01
7.165433086617323255e+00,1.524148311657816990e+01
7.167433486697339262e+00,1.523542913000334664e+01
7.169433886777355269e+00,1.515357936507473369e+01
7.171434286857371276e+00,1.512435805183683613e+01
7.173434686937387283e+00,1.509970754983987185e+01
7.175435087017403291e+00,1.507893417197723984e+01
7.177435487097419298e+00,1.439736440123395589e+01
7.179435887177435305e+00,1.433654965286062399e+01
7.181436287257451312e+00,1.428804691526183213e+01
7.183436687337467319e+00,1.524210349775547435e+01
7.185437087417483326e+00,1.524129896774206117e+01
7.187437487497499333e+00,1.523927350665209346e+01
7.189437887577515340e+00,1.523620025849481685e+01
7.191438287657531347e+00,1.523223343661879348e+01
7.193438687737547355e+00,1.522750994650259138e+01
7.195439087817563362e+00,1.522215098982155901e+01
7.197439487897579369e+00,1.446641590799257848e+01
7.199439887977595376e+00,1.511977686384769370e+01
7.201440288057611383e+00,1.509908160964095813e+01
7.203440688137627390e+00,1.508165282069769475e+01
7.205441088217643397e+00,1.436694737698290503e+01
7.207441488297659404e+00,1.431337531094770910e+01
7.209441888377675411e+00,1.506306243167544423e+01
7.211442288457691419e+00,1.524579238688494520e+01
7.213442688537707426e+00,1.524270777743870120e+01
7.215443088617723433e+00,1.523877061650594023e+01
7.217443488697739440e+00,1.523410068584797550e+01
7.219443888777755447e+00,1.522880665034762870e+01
7.221444288857771454e+00,1.522298652266422536e+01
7.223444688937787461e+00,1.521672828159233859e+01
7.225445089017803468e+00,1.448243585616775952e+01
7.227445489097819475e+00,1.440893020362657673e+01
7.229445889177835483e+00,1.510036985268715881e+01
7.231446289257851490e+00,1.508586527067865823e+01
7.233446689337867497e+00,1.507366739050900684e+01
7.235447089417883504e+00,1.506341115102481609e+01
7.237447489497899511e+00,1.433091615118639695e+01
7.239447889577915518e+00,1.523271017981068098e+01
7.241448289657931525e+00,1.523015265102746696e+01
7.243448689737947532e+00,1.522669716135301954e+01
7.245449089817963539e+00,1.522247086721757370e+01
7.247449489897979547e+00,1.521758867510431479e+01
7.249449889977995554e+00,1.521215386551988402e+01
7.251450290058011561e+00,1.446441711795737994e+01
7.253450690138027568e+00,1.439376844459531490e+01
7.255451090218043575e+00,1.433689506891317400e+01
7.257451490298059582e+00,1.429172802797724628e+01
7.259451890378075589e+00,1.510687315265408159e+01
7.261452290458091596e+00,1.529823141024956357e+01
7.263452690538107603e+00,1.529267882571842918e+01
7.265453090618123611e+00,1.528649681418263384e+01
7.267453490698139618e+00,1.527977392922290534e+01
7.269453890778155625e+00,1.527259145013895214e+01
7.271454290858171632e+00,1.515618860862216444e+01
7.273454690938187639e+00,1.513172800080754676e+01
7.275455091018203646e+00,1.511103904129499220e+01
7.277455491098219653e+00,1.509354422822532626e+01
7.279455891178235660e+00,1.507875166312831716e+01
7.281456291258251667e+00,1.521278902746268535e+01
7.283456691338267674e+00,1.520710542685394451e+01
7.285457091418283682e+00,1.520107339555289094e+01
7.287457491498299689e+00,1.519474578354138217e+01
7.289457891578315696e+00,1.518817331256413006e+01
7.291458291658331703e+00,1.449776864294780054e+01
7.293458691738347710e+00,1.441900283276136996e+01
7.295459091818363717e+00,1.435524401308161302e+01
7.297459491898379724e+00,1.430424128077421919e+01
7.299459891978395731e+00,1.426407230547873439e+01
7.301460292058411738e+00,1.528335105180607911e+01
7.303460692138427746e+00,1.528126605775424274e+01
7.305461092218443753e+00,1.527801791510641216e+01
7.307461492298459760e+00,1.527377288871086947e+01
7.309461892378475767e+00,1.513903403194328412e+01
7.311462292458491774e+00,1.512046245755614216e+01
7.313462692538507781e+00,1.510473469263375357e+01
7.315463092618523788e+00,1.524424504989848828e+01
7.317463492698539795e+00,1.523858002582353244e+01
7.319463892778555802e+00,1.523242447250893683e+01
7.321464292858571810e+00,1.512679260868163844e+01
7.323464692938587817e+00,1.510336155550529291e+01
7.325465093018603824e+00,1.508356531211143015e+01
7.327465493098619831e+00,1.518814980308916951e+01
7.329465893178635838e+00,1.518367634556966017e+01
7.331466293258651845e+00,1.517871278881133890e+01
7.333466693338667852e+00,1.447746128511077579e+01
7.335467093418683859e+00,1.440186661313736671e+01
7.337467493498699866e+00,1.434079990213145805e+01
7.339467893578715874e+00,1.429208004961004619e+01
7.341468293658731881e+00,1.425384462313089529e+01
7.343468693738747888e+00,1.529160219462015746e+01
7.345469093818763895e+00,1.528804962551279800e+01
7.347469493898779902e+00,1.528358137520064730e+01
7.349469893978795909e+00,1.527832420080113351e+01
7.351470294058811916e+00,1.527239259123268411e+01
7.353470694138827923e+00,1.526588950620512541e+01
7.355471094218843930e+00,1.525890720458401084e+01
7.357471494298859938e+00,1.516271624310241961e+01
7.359471894378875945e+00,1.513460432855380056e+01
7.361472294458891952e+00,1.511085399324523593e+01
7.363472694538907959e+00,1.509080124046110427e+01
7.365473094618923966e+00,1.507388037699249317e+01
7.367473494698939973e+00,1.505960966368588139e+01
7.369473894778955980e+00,1.518087230060758586e+01
7.371474294858971987e+00,1.517740125074278623e+01
7.373474694938987994e+00,1.442753486190488132e+01
7.375475095019004002e+00,1.436083725755529628e+01
7.377475495099020009e+00,1.519575720919924855e+01
7.379475895179036016e+00,1.519607786993893406e+01
7.381476295259052023e+00,1.519510580148168088e+01
7.383476695339068030e+00,1.440508442183066151e+01
7.385477095419084037e+00,1.434466158956217186e+01
7.387477495499100044e+00,1.523100867379542755e+01
7.389477895579116051e+00,1.523035143588676554e+01
7.391478295659132058e+00,1.522843397703955048e+01
7.393478695739148066e+00,1.522544588473828497e+01
7.395479095819164073e+00,1.442422340628769817e+01
7.397479495899180080e+00,1.436254595895239383e+01
7.399479895979196087e+00,1.525652342452208465e+01
7.401480296059212094e+00,1.512590085620240821e+01
7.403480696139228101e+00,1.510972963407276204e+01
7.405481096219244108e+00,1.509607454511876767e+01
7.407481496299260115e+00,1.523742053329237756e+01
7.409481896379276122e+00,1.523348336955585935e+01
7.411482296459292129e+00,1.522880898715665055e+01
7.413482696539308137e+00,1.512363394199902444e+01
7.415483096619324144e+00,1.510125852195466045e+01
7.417483496699340151e+00,1.508237304968633552e+01
7.419483896779356158e+00,1.438362113939556508e+01
7.421484296859372165e+00,1.520390599430964151e+01
7.423484696939388172e+00,1.520188449895041849e+01
7.425485097019404179e+00,1.519894557384075284e+01
7.427485497099420186e+00,1.441903544366897272e+01
7.429485897179436193e+00,1.435580133289120752e+01
7.431486297259452201e+00,1.522662555219812042e+01
7.433486697339468208e+00,1.522566020176009793e+01
7.435487097419484215e+00,1.522350428410655354e+01
7.437487497499500222e+00,1.440096319656981194e+01
7.439487897579516229e+00,1.434330895875723932e+01
7.441488297659532236e+00,1.526522411514318733e+01
7.443488697739548243e+00,1.526236953192794843e+01
7.445489097819564250e+00,1.525849781757294288e+01
7.447489497899580257e+00,1.514542293683881269e+01
7.449489897979596265e+00,1.512310021587000008e+01
7.451490298059612272e+00,1.510424868648041397e+01
7.453490698139628279e+00,1.508833377360000227e+01
7.455491098219644286e+00,1.507490026800805261e+01
7.457491498299660293e+00,1.521092692960559134e+01
7.459491898379676300e+00,1.520628428493604822e+01
7.461492298459692307e+00,1.520114116685249606e+01
7.463492698539708314e+00,1.443511175012963932e+01
7.465493098619724321e+00,1.436854748137013082e+01
7.467493498699740329e+00,1.521875565291167121e+01
7.469493898779756336e+00,1.521757599017590223e+01
7.471494298859772343e+00,1.521526477002975852e+01
7.473494698939788350e+00,1.441090930713410678e+01
7.475495099019804357e+00,1.435080985617203453e+01
7.477495499099820364e+00,1.525073760067004613e+01
7.479495899179836371e+00,1.524884385535900222e+01
7.481496299259852378e+00,1.512549866495417206e+01
7.483496699339868385e+00,1.510742075832894038e+01
7.485497099419884393e+00,1.509215483481871090e+01
7.487497499499900400e+00,1.522329017209368907e+01
7.489497899579916407e+00,1.521927931570918346e+01
7.491498299659932414e+00,1.521459404758925160e+01
7.493498699739948421e+00,1.511842436165313686e+01
7.495499099819964428e+00,1.441849504553529826e+01
7.497499499899980435e+00,1.435526488816624813e+01
7.499499899979996442e+00,1.430469029858159757e+01
7.501500300060012449e+00,1.526227610524503930e+01
7.503500700140028457e+00,1.525950499887746048e+01
7.505501100220044464e+00,1.525575718656193303e+01
7.507501500300060471e+00,1.525117332550837901e+01
7.509501900380076478e+00,1.524587911543252972e+01
7.511502300460091597e+00,1.514273213605160606e+01
7.513502700540107604e+00,1.511823683939971552e+01
7.515503100620123611e+00,1.509755169064010971e+01
7.517503500700139618e+00,1.508009529745479860e+01
7.519503900780155625e+00,1.519270280285034147e+01
7.521504300860171632e+00,1.518916474203831513e+01
7.523504700940187639e+00,1.443337410826618594e+01
7.525505101020203647e+00,1.436666794321069673e+01
7.527505501100219654e+00,1.431314183447947919e+01
7.529505901180235661e+00,1.524229969354664682e+01
7.531506301260251668e+00,1.524104657896238990e+01
7.533506701340267675e+00,1.523862490731350228e+01
7.535507101420283682e+00,1.523520478258163813e+01
7.537507501500299689e+00,1.523093689572011833e+01
7.539507901580315696e+00,1.522595440435273417e+01
7.541508301660331703e+00,1.514810989815705966e+01
7.543508701740347711e+00,1.443772647646711427e+01
7.545509101820363718e+00,1.437219122349880784e+01
7.547509501900379725e+00,1.508863110787002881e+01
7.549509901980395732e+00,1.507824403994730567e+01
7.551510302060411739e+00,1.506950245230951779e+01
7.553510702140427746e+00,1.506213936505698925e+01
7.555511102220443753e+00,1.522474535976457055e+01
7.557511502300459760e+00,1.522042876156376146e+01
7.559511902380475767e+00,1.521553807144906934e+01
7.561512302460491775e+00,1.521015351088201584e+01
7.563512702540507782e+00,1.520434996886529966e+01
7.565513102620523789e+00,1.445735448835245052e+01
7.567513502700539796e+00,1.438700282435834410e+01
7.569513902780555803e+00,1.433037898920233744e+01
7.571514302860571810e+00,1.524379088385257752e+01
7.573514702940587817e+00,1.524272508506588508e+01
7.575515103020603824e+00,1.524043258075197116e+01
7.577515503100619831e+00,1.523709607867798432e+01
7.579515903180635839e+00,1.523287620008891174e+01
7.581516303260651846e+00,1.514975212722660913e+01
7.583516703340667853e+00,1.512206290123783070e+01
7.585517103420683860e+00,1.440973910697068483e+01
7.587517503500699867e+00,1.508133980461989587e+01
7.589517903580715874e+00,1.434350061446126112e+01
7.591518303660731881e+00,1.506672962676289096e+01
7.593518703740747888e+00,1.506129924061851000e+01
7.595519103820763895e+00,1.523154580866250285e+01
7.597519503900779902e+00,1.522794751599402296e+01
7.599519903980795910e+00,1.522363349490168005e+01
7.601520304060811917e+00,1.521870398792097312e+01
7.603520704140827924e+00,1.521325102170454358e+01
7.605521104220843931e+00,1.444385743706026659e+01
7.607521504300859938e+00,1.437676801476814958e+01
7.609521904380875945e+00,1.432290435244298799e+01
7.611522304460891952e+00,1.526387233936609533e+01
7.613522704540907959e+00,1.526115562101020728e+01
7.615523104620923966e+00,1.525742432148728689e+01
7.617523504700939974e+00,1.525282898386421060e+01
7.619523904780955981e+00,1.514437741459733644e+01
7.621524304860971988e+00,1.512100740840860169e+01
7.623524704940987995e+00,1.510127239461970561e+01
7.625525105021004002e+00,1.508461496333353224e+01
7.627525505101020009e+00,1.520411648339123012e+01
7.629525905181036016e+00,1.520036905602608357e+01
7.631526305261052023e+00,1.442201620632266312e+01
7.633526705341068030e+00,1.435819907152474428e+01
7.635527105421084038e+00,1.522554301110341868e+01
7.637527505501100045e+00,1.522428846382101675e+01
7.639527905581116052e+00,1.522189126516220448e+01
7.641528305661132059e+00,1.521852266011327082e+01
7.643528705741148066e+00,1.443431495943674925e+01
7.645529105821164073e+00,1.510874392683052214e+01
7.647529505901180080e+00,1.509175780222573593e+01
7.649529905981196087e+00,1.507744732699800139e+01
7.651530306061212094e+00,1.434857714727898070e+01
7.653530706141228102e+00,1.522602490128352670e+01
7.655531106221244109e+00,1.522418100302820143e+01
7.657531506301260116e+00,1.522131850642687567e+01
7.659531906381276123e+00,1.521758621178921977e+01
7.661532306461292130e+00,1.442240706840593667e+01
7.663532706541308137e+00,1.436004036440799680e+01
7.665533106621324144e+00,1.524647337977603989e+01
7.667533506701340151e+00,1.511001288799646503e+01
7.669533906781356158e+00,1.523833885484981288e+01
7.671534306861372166e+00,1.510995795051760382e+01
7.673534706941388173e+00,1.522650957959350038e+01
7.675535107021404180e+00,1.510715817613032463e+01
7.677535507101420187e+00,1.521210638681134064e+01
7.679535907181436194e+00,1.520777672374146228e+01
7.681536307261452201e+00,1.443860939571226965e+01
7.683536707341468208e+00,1.437239967792063844e+01
7.685537107421484215e+00,1.431929120558969082e+01
7.687537507501500222e+00,1.508891938951942002e+01
7.689537907581516230e+00,1.526495979507559930e+01
7.691538307661532237e+00,1.526088215459354913e+01
7.693538707741548244e+00,1.525603410213294175e+01
7.695539107821564251e+00,1.525052655141398894e+01
7.697539507901580258e+00,1.524445979963938846e+01
7.699539907981596265e+00,1.514396923058587774e+01
7.701540308061612272e+00,1.511852535345300375e+01
7.703540708141628279e+00,1.509704239166259754e+01
7.705541108221644286e+00,1.507891667936596569e+01
7.707541508301660294e+00,1.506363381973497440e+01
7.709541908381676301e+00,1.518280593418827351e+01
7.711542308461692308e+00,1.440312929852017554e+01
7.713542708541708315e+00,1.434085551928908231e+01
7.715543108621724322e+00,1.521276074115194454e+01
7.717543508701740329e+00,1.521125559098852342e+01
7.719543908781756336e+00,1.520874657399838448e+01
7.721544308861772343e+00,1.520537831708150023e+01
7.723544708941788350e+00,1.520128021261548135e+01
7.725545109021804357e+00,1.444375247952335783e+01
7.727545509101820365e+00,1.437602004053783311e+01
7.729545909181836372e+00,1.432162787535180115e+01
7.731546309261852379e+00,1.525133798857824985e+01
7.733546709341868386e+00,1.525001592985939070e+01
7.735547109421884393e+00,1.524749470947442020e+01
7.737547509501900400e+00,1.524395267028330991e+01
7.739547909581916407e+00,1.523954659200950879e+01
7.741548309661932414e+00,1.443462317302187614e+01
7.743548709741948421e+00,1.513158404330122941e+01
7.745549109821964429e+00,1.511217146714135495e+01
7.747549509901980436e+00,1.509580831170848647e+01
7.749549909981996443e+00,1.508201894650793484e+01
7.751550310062012450e+00,1.507039894780431233e+01
7.753550710142028457e+00,1.521144934166445850e+01
7.755551110222044464e+00,1.520765041150525043e+01
7.757551510302060471e+00,1.520321383932152060e+01
7.759551910382076478e+00,1.442600702764802634e+01
7.761552310462092485e+00,1.436142428249755909e+01
7.763552710542108493e+00,1.522639285378562946e+01
7.765553110622124500e+00,1.522488787579411529e+01
7.767553510702140507e+00,1.522228655340045655e+01
7.769553910782156514e+00,1.440445493831689738e+01
7.771554310862172521e+00,1.523233846216620790e+01
7.773554710942188528e+00,1.437821795028434657e+01
7.775555111022204535e+00,1.525130959278780551e+01
7.777555511102220542e+00,1.512469986512899034e+01
7.779555911182236549e+00,1.510756018950673862e+01
7.781556311262252557e+00,1.509308760586848308e+01
7.783556711342268564e+00,1.522883737643076962e+01
7.785557111422284571e+00,1.522480528671598243e+01
7.787557511502300578e+00,1.522008697941299005e+01
7.789557911582316585e+00,1.511987434528019136e+01
7.791558311662332592e+00,1.441152497165694513e+01
7.793558711742348599e+00,1.435001094504525021e+01
7.795559111822364606e+00,1.523434568659028621e+01
7.797559511902380613e+00,1.523268391193352223e+01
7.799559911982396621e+00,1.522992242603695523e+01
7.801560312062412628e+00,1.511958210137103897e+01
7.803560712142428635e+00,1.509941971957958629e+01
7.805561112222444642e+00,1.508240254472501896e+01
7.807561512302460649e+00,1.519797655518276613e+01
7.809561912382476656e+00,1.439839433423643023e+01
7.811562312462492663e+00,1.433862786312212734e+01
7.813562712542508670e+00,1.523432371991143341e+01
7.815563112622524677e+00,1.523215632381592499e+01
7.817563512702540685e+00,1.522900130531668950e+01
7.819563912782556692e+00,1.522500315268099236e+01
7.821564312862572699e+00,1.522029061516839477e+01
7.823564712942588706e+00,1.444396860643384706e+01
7.825565113022604713e+00,1.437783929401831351e+01
7.827565513102620720e+00,1.432479880928676153e+01
7.829565913182636727e+00,1.527434180043545631e+01
7.831566313262652734e+00,1.512102030767896998e+01
7.833566713342668741e+00,1.526711156868200803e+01
7.835567113422684749e+00,1.512148569009691634e+01
7.837567513502700756e+00,1.525573629405462661e+01
7.839567913582716763e+00,1.511893041001772353e+01
7.841568313662732770e+00,1.524142378632035388e+01
7.843568713742748777e+00,1.523579771573075448e+01
7.845569113822764784e+00,1.512616353592263074e+01
7.847569513902780791e+00,1.510378687021324673e+01
7.849569913982796798e+00,1.508488677098791442e+01
7.851570314062812805e+00,1.519506135702681782e+01
7.853570714142828812e+00,1.519046264576599548e+01
7.855571114222844820e+00,1.443909563401915008e+01
7.857571514302860827e+00,1.437120089684368196e+01
7.859571914382876834e+00,1.520489586672566062e+01
7.861572314462892841e+00,1.520478338844355370e+01
7.863572714542908848e+00,1.438256446738431649e+01
7.865573114622924855e+00,1.522085641519548638e+01
7.867573514702940862e+00,1.521981644831692648e+01
7.869573914782956869e+00,1.439247739980323004e+01
7.871574314862972876e+00,1.523421495304555862e+01
7.873574714942988884e+00,1.511674396557402567e+01
7.875575115023004891e+00,1.509922722582924948e+01
7.877575515103020898e+00,1.508445045348631908e+01
7.879575915183036905e+00,1.521162051033063278e+01
7.881576315263052912e+00,1.520856208539465015e+01
7.883576715343068919e+00,1.440787194689900907e+01
7.885577115423084926e+00,1.434739137439683354e+01
7.887577515503100933e+00,1.524269864525485119e+01
7.889577915583116940e+00,1.524048607518346543e+01
7.891578315663132948e+00,1.523723955885077253e+01
7.893578715743148955e+00,1.523311360243520163e+01
7.895579115823164962e+00,1.513664250373455822e+01
7.897579515903180969e+00,1.511220329828315201e+01
7.899579915983196976e+00,1.509158680413165499e+01
7.901580316063212983e+00,1.438601340705549347e+01
7.903580716143228990e+00,1.432854386785044731e+01
7.905581116223244997e+00,1.523335865884847884e+01
7.907581516303261004e+00,1.523201076131033638e+01
7.909581916383277012e+00,1.522953948482442144e+01
7.911582316463293019e+00,1.522610808417134365e+01
7.913582716543309026e+00,1.522186160163360924e+01
7.915583116623325033e+00,1.443835932104016173e+01
7.917583516703341040e+00,1.511057645728133458e+01
7.919583916783357047e+00,1.509320302929872248e+01
7.921584316863373054e+00,1.435632217028618207e+01
7.923584716943389061e+00,1.507358519773430139e+01
7.925585117023405068e+00,1.523151684735731948e+01
7.927585517103421076e+00,1.522850190214598953e+01
7.929585917183437083e+00,1.522464723119502850e+01
7.931586317263453090e+00,1.522007551376272261e+01
7.933586717343469097e+00,1.521489707534139590e+01
7.935587117423485104e+00,1.445582608687349868e+01
7.937587517503501111e+00,1.438702917961937899e+01
7.939587917583517118e+00,1.433172714251162105e+01
7.941588317663533125e+00,1.509786170465564048e+01
7.943588717743549132e+00,1.508999648929341575e+01
7.945589117823565140e+00,1.526242106865588255e+01
7.947589517903581147e+00,1.525787611183697479e+01
7.949589917983597154e+00,1.525264502332034589e+01
7.951590318063613161e+00,1.524682661872017952e+01
7.953590718143629168e+00,1.524051090287418297e+01
7.955591118223645175e+00,1.514282446434234153e+01
7.957591518303661182e+00,1.511689822277314477e+01
7.959591918383677189e+00,1.509501172592357676e+01
7.961592318463693196e+00,1.507654989347989982e+01
7.963592718543709204e+00,1.438406252247438211e+01
7.965593118623725211e+00,1.519566170130060812e+01
7.967593518703740330e+00,1.519424023337220042e+01
7.969593918783756337e+00,1.438908329531231090e+01
7.971594318863772344e+00,1.520603669451832651e+01
7.973594718943788351e+00,1.520473068797638128e+01
7.975595119023804358e+00,1.439506188288759070e+01
7.977595519103820365e+00,1.433705704441531381e+01
7.979595919183836372e+00,1.524632329764680883e+01
7.981596319263852379e+00,1.524439207063667823e+01
7.983596719343868386e+00,1.524137103669993820e+01
7.985597119423884394e+00,1.523742317851335493e+01
7.987597519503900401e+00,1.523269222440163873e+01
7.989597919583916408e+00,1.514964730097273282e+01
7.991598319663932415e+00,1.442735975495170742e+01
7.993598719743948422e+00,1.510162348373673424e+01
7.995599119823964429e+00,1.508577648195914378e+01
7.997599519903980436e+00,1.507243860150440184e+01
7.999599919983996443e+00,1.434522180061865981e+01
8.001600320064012450e+00,1.429585507272282463e+01
8.003600720144028458e+00,1.526238774021174471e+01
8.005601120224044465e+00,1.525880759443061230e+01
8.007601520304060472e+00,1.525441421999914837e+01
8.009601920384076479e+00,1.524931974022317682e+01
8.011602320464092486e+00,1.524362643427328834e+01
8.013602720544108493e+00,1.523742701321404347e+01
8.015603120624124500e+00,1.523080507672133521e+01
8.017603520704140507e+00,1.515172160969011017e+01
8.019603920784156514e+00,1.512197812777174200e+01
8.021604320864172522e+00,1.509688950760623882e+01
8.023604720944188529e+00,1.441482715340774767e+01
8.025605121024204536e+00,1.435120879721343634e+01
8.027605521104220543e+00,1.430032378545100968e+01
8.029605921184236550e+00,1.426025037954137531e+01
8.031606321264252557e+00,1.528569964794635538e+01
8.033606721344268564e+00,1.528200616598052441e+01
8.035607121424284571e+00,1.527744688171676835e+01
8.037607521504300578e+00,1.527213977965686986e+01
8.039607921584316585e+00,1.526619224914880668e+01
8.041608321664332593e+00,1.525970148819684802e+01
8.043608721744348600e+00,1.525275506420224403e+01
8.045609121824364607e+00,1.515812049828611840e+01
8.047609521904380614e+00,1.513021548487388657e+01
8.049609921984396621e+00,1.510664042883114178e+01
8.051610322064412628e+00,1.508673736471080673e+01
8.053610722144428635e+00,1.506994554759242178e+01
8.055611122224444642e+00,1.505578729782595993e+01
8.057611522304460649e+00,1.517592408293789141e+01
8.059611922384476657e+00,1.517234276843645802e+01
8.061612322464492664e+00,1.443189117158643242e+01
8.063612722544508671e+00,1.436388357479564881e+01
8.065613122624524678e+00,1.430925610836189144e+01
8.067613522704540685e+00,1.522142669219329569e+01
8.069613922784556692e+00,1.522102018652178046e+01
8.071614322864572699e+00,1.521939902942705736e+01
8.073614722944588706e+00,1.521673776964717817e+01
8.075615123024604713e+00,1.521319140573939954e+01
8.077615523104620721e+00,1.520889715543876441e+01
8.079615923184636728e+00,1.445140209984890234e+01
8.081616323264652735e+00,1.438308637961541159e+01
8.083616723344668742e+00,1.432819892889157742e+01
8.085617123424684749e+00,1.525641923148434032e+01
8.087617523504700756e+00,1.525524018924031289e+01
8.089617923584716763e+00,1.525280078479174328e+01
8.091618323664732770e+00,1.524929031973509908e+01
8.093618723744748777e+00,1.515082434321006488e+01
8.095619123824764785e+00,1.512600673904423942e+01
8.097619523904780792e+00,1.510506825585906121e+01
8.099619923984796799e+00,1.508741330403256065e+01
8.101620324064812806e+00,1.507253484470267679e+01
8.103620724144828813e+00,1.436020895508813666e+01
8.105621124224844820e+00,1.521318379016926592e+01
8.107621524304860827e+00,1.521147802576452612e+01
8.109621924384876834e+00,1.520877998941038101e+01
8.111622324464892841e+00,1.520523375086532880e+01
8.113622724544908849e+00,1.443133266514330337e+01
8.115623124624924856e+00,1.436644984473039521e+01
8.117623524704940863e+00,1.431446360561347930e+01
8.119623924784956870e+00,1.526477480703882073e+01
8.121624324864972877e+00,1.526227474409625273e+01
8.123624724944988884e+00,1.525872872618537102e+01
8.125625125025004891e+00,1.525429046458657822e+01
8.127625525105020898e+00,1.524909620794891651e+01
8.129625925185036905e+00,1.515398397125335705e+01
8.131626325265052913e+00,1.512746614797027256e+01
8.133626725345068920e+00,1.510508119100303226e+01
8.135627125425084927e+00,1.508619860827993264e+01
8.137627525505100934e+00,1.507028122351675137e+01
8.139627925585116941e+00,1.505687157534496023e+01
8.141628325665132948e+00,1.436677514034141723e+01
8.143628725745148955e+00,1.519851982613113250e+01
8.145629125825164962e+00,1.519651755110402291e+01
8.147629525905180969e+00,1.519365165687359642e+01
8.149629925985196977e+00,1.440225981833786584e+01
8.151630326065212984e+00,1.434134989191409915e+01
8.153630726145228991e+00,1.522754107863034356e+01
8.155631126225244998e+00,1.522572651827506363e+01
8.157631526305261005e+00,1.522289502442174225e+01
8.159631926385277012e+00,1.521919653123458893e+01
8.161632326465293019e+00,1.521476414452886772e+01
8.163632726545309026e+00,1.444509836418172810e+01
8.165633126625325033e+00,1.437827395829727450e+01
8.167633526705341040e+00,1.432465495822320101e+01
8.169633926785357048e+00,1.526757807509820886e+01
8.171634326865373055e+00,1.526537721507692602e+01
8.173634726945389062e+00,1.526205823849186061e+01
8.175635127025405069e+00,1.525778843091894110e+01
8.177635527105421076e+00,1.515426858647156116e+01
8.179635927185437083e+00,1.512960158159068946e+01
8.181636327265453090e+00,1.510878103466364841e+01
8.183636727345469097e+00,1.509121590522917522e+01
8.185637127425485104e+00,1.507640303253660541e+01
8.187637527505501112e+00,1.506391427278884976e+01
8.189637927585517119e+00,1.519827995146572697e+01
8.191638327665533126e+00,1.519411956150266185e+01
8.193638727745549133e+00,1.441084630163411084e+01
8.195639127825565140e+00,1.519764493848430753e+01
8.197639527905581147e+00,1.437938075314794517e+01
8.199639927985597154e+00,1.521241697623328726e+01
8.201640328065613161e+00,1.521083973569276537e+01
8.203640728145629168e+00,1.520823143840367031e+01
8.205641128225645176e+00,1.441748736244948326e+01
8.207641528305661183e+00,1.435547275217983731e+01
8.209641928385677190e+00,1.523929579410642887e+01
8.211642328465693197e+00,1.523797449273796190e+01
8.213642728545709204e+00,1.523547406992372188e+01
8.215643128625725211e+00,1.440138190642208116e+01
8.217643528705741218e+00,1.524789135140181529e+01
8.219643928785757225e+00,1.513314910039036576e+01
8.221644328865773232e+00,1.511339722224401605e+01
8.223644728945789240e+00,1.509673264348284860e+01
8.225645129025805247e+00,1.508267622893893822e+01
8.227645529105821254e+00,1.521440149108467210e+01
8.229645929185837261e+00,1.521084542892148583e+01
8.231646329265853268e+00,1.520658276077926452e+01
8.233646729345869275e+00,1.443442368382759611e+01
8.235647129425885282e+00,1.436885210043686989e+01
8.237647529505901289e+00,1.431628726271255481e+01
8.239647929585917296e+00,1.526319902825465746e+01
8.241648329665933304e+00,1.526058391804907011e+01
8.243648729745949311e+00,1.525694965960155791e+01
8.245649129825965318e+00,1.525244539274637212e+01
8.247649529905981325e+00,1.514044159613025720e+01
8.249649929985997332e+00,1.511807672126333202e+01
8.251650330066013339e+00,1.509918203835244732e+01
8.253650730146029346e+00,1.508322537013360432e+01
8.255651130226045353e+00,1.520717618676420813e+01
8.257651530306061360e+00,1.520291251148541178e+01
8.259651930386077368e+00,1.519807981558415300e+01
8.261652330466093375e+00,1.444812535542043896e+01
8.263652730546109382e+00,1.437928711420411254e+01
8.265653130626125389e+00,1.432394784481910577e+01
8.267653530706141396e+00,1.524279583957736861e+01
8.269653930786157403e+00,1.524173669086562732e+01
8.271654330866173410e+00,1.523945806642942813e+01
8.273654730946189417e+00,1.523613979578122724e+01
8.275655131026205424e+00,1.513247768265004112e+01
8.277655531106221432e+00,1.510999714207759581e+01
8.279655931186237439e+00,1.509102424986399704e+01
8.281656331266253446e+00,1.507502197142410694e+01
8.283656731346269453e+00,1.436750003213535898e+01
8.285657131426285460e+00,1.521082545807103159e+01
8.287657531506301467e+00,1.520876431942719442e+01
8.289657931586317474e+00,1.520578043127251711e+01
8.291658331666333481e+00,1.440528941128516216e+01
8.293658731746349488e+00,1.521336011009028155e+01
8.295659131826365495e+00,1.437681792447840579e+01
8.297659531906381503e+00,1.523084174659030232e+01
8.299659931986397510e+00,1.522889924222229396e+01
8.301660332066413517e+00,1.522590282916470272e+01
8.303660732146429524e+00,1.441740780468770211e+01
8.305661132226445531e+00,1.435692555418583538e+01
8.307661532306461538e+00,1.525999223228352086e+01
8.309661932386477545e+00,1.512426994961262494e+01
8.311662332466493552e+00,1.510882794318243683e+01
8.313662732546509559e+00,1.509578148689918287e+01
8.315663132626525567e+00,1.524246173872177756e+01
8.317663532706541574e+00,1.523775131255364457e+01
8.319663932786557581e+00,1.523242877257734129e+01
8.321664332866573588e+00,1.522658616093812078e+01
8.323664732946589595e+00,1.513356681051161168e+01
8.325665133026605602e+00,1.510790561541405630e+01
8.327665533106621609e+00,1.441054137649416411e+01
8.329665933186637616e+00,1.434849509434833692e+01
8.331666333266653623e+00,1.522101269931707890e+01
8.333666733346669631e+00,1.522041504421283342e+01
8.335667133426685638e+00,1.521858754584303419e+01
8.337667533506701645e+00,1.511007692957000792e+01
8.339667933586717652e+00,1.438455681586134638e+01
8.341668333666733659e+00,1.522091664138758027e+01
8.343668733746749666e+00,1.521936268637954548e+01
8.345669133826765673e+00,1.439303716508949904e+01
8.347669533906781680e+00,1.509815507831286752e+01
8.349669933986797687e+00,1.508564989285075875e+01
8.351670334066813695e+00,1.522640069566674903e+01
8.353670734146829702e+00,1.522302195356951948e+01
8.355671134226845709e+00,1.521886169926691501e+01
8.357671534306861716e+00,1.521403768398297984e+01
8.359671934386877723e+00,1.444850519155808399e+01
8.361672334466893730e+00,1.438104516966409996e+01
8.363672734546909737e+00,1.509330771209494237e+01
8.365673134626925744e+00,1.508204979366408338e+01
8.367673534706941751e+00,1.522550988444744213e+01
8.369673934786957759e+00,1.522299201009824721e+01
8.371674334866973766e+00,1.521955158514575146e+01
8.373674734946989773e+00,1.441166800270928050e+01
8.375675135027005780e+00,1.509816517231920407e+01
8.377675535107021787e+00,1.522081983374392600e+01
8.379675935187037794e+00,1.509895437002847096e+01
8.381676335267053801e+00,1.436756455980920855e+01
8.383676735347069808e+00,1.523090186474746943e+01
8.385677135427085815e+00,1.522818336054279165e+01
8.387677535507101823e+00,1.522455946547399108e+01
8.389677935587117830e+00,1.522016585244790043e+01
8.391678335667133837e+00,1.443747587932914556e+01
8.393678735747149844e+00,1.437259013761315174e+01
8.395679135827165851e+00,1.510071546610588378e+01
8.397679535907181858e+00,1.508936872711495880e+01
8.399679935987197865e+00,1.523806261594945965e+01
8.401680336067213872e+00,1.523476938976718742e+01
8.403680736147229879e+00,1.523064147691955306e+01
8.405681136227245887e+00,1.511999033774740830e+01
8.407681536307261894e+00,1.509915332495951112e+01
8.409681936387277901e+00,1.520260988984242445e+01
8.411682336467293908e+00,1.441205075969050498e+01
8.413682736547309915e+00,1.435023067374186212e+01
8.415683136627325922e+00,1.523315090015485929e+01
8.417683536707341929e+00,1.523131632818824066e+01
8.419683936787357936e+00,1.522842088518931014e+01
8.421684336867373943e+00,1.522462249076005136e+01
8.423684736947389951e+00,1.442575368763641208e+01
8.425685137027405958e+00,1.511074033528316107e+01
8.427685537107421965e+00,1.509428960319010216e+01
8.429685937187437972e+00,1.508041818155665226e+01
8.431686337267453979e+00,1.521071640323887131e+01
8.433686737347469986e+00,1.520764221806947880e+01
8.435687137427485993e+00,1.440429518305724343e+01
8.437687537507502000e+00,1.434433082243429070e+01
8.439687937587518007e+00,1.524309019288347500e+01
8.441688337667534014e+00,1.524067361238614637e+01
8.443688737747550022e+00,1.523726313441545166e+01
8.445689137827566029e+00,1.523300659841245341e+01
8.447689537907582036e+00,1.513361533106376733e+01
8.449689937987598043e+00,1.510986599224088067e+01
8.451690338067614050e+00,1.439283191893760261e+01
8.453690738147630057e+00,1.433500009256234264e+01
8.455691138227646064e+00,1.524304626470870438e+01
8.457691538307662071e+00,1.524116002814943194e+01
8.459691938387678078e+00,1.523819063941223462e+01
8.461692338467694086e+00,1.523429799315682409e+01
8.463692738547710093e+00,1.513292864272252025e+01
8.465693138627726100e+00,1.510973636485544525e+01
8.467693538707742107e+00,1.509016369056595508e+01
8.469693938787758114e+00,1.507365748953821161e+01
8.471694338867774121e+00,1.437304627012048996e+01
8.473694738947790128e+00,1.431724779746229714e+01
8.475695139027806135e+00,1.523676728267362535e+01
8.477695539107822142e+00,1.523398209902151024e+01
8.479695939187838150e+00,1.523033957621733059e+01
8.481696339267854157e+00,1.522595931486779719e+01
8.483696739347870164e+00,1.522094992498473509e+01
8.485697139427886171e+00,1.521540944658945449e+01
8.487697539507902178e+00,1.520942593591480829e+01
8.489697939587918185e+00,1.448095010102795754e+01
8.491698339667934192e+00,1.440709142008234522e+01
8.493698739747950199e+00,1.434750754456388400e+01
8.495699139827966206e+00,1.430005540664445896e+01
8.497699539907982214e+00,1.510149693925324144e+01
8.499699939987998221e+00,1.528091036316554430e+01
8.501700340068014228e+00,1.527741868072617670e+01
8.503700740148030235e+00,1.527299573690775603e+01
8.505701140228046242e+00,1.526777667247392856e+01
8.507701540308062249e+00,1.514643594690826056e+01
8.509701940388078256e+00,1.512471951685220972e+01
8.511702340468094263e+00,1.510635428296583882e+01
8.513702740548110270e+00,1.509082378829859827e+01
8.515703140628126278e+00,1.522367413509257972e+01
8.517703540708142285e+00,1.521839917916178564e+01
8.519703940788158292e+00,1.521265799499469296e+01
8.521704340868174299e+00,1.520652240002309874e+01
8.523704740948190306e+00,1.512593873833807301e+01
8.525705141028206313e+00,1.509866310574072124e+01
8.527705541108222320e+00,1.443262147103729554e+01
8.529705941188238327e+00,1.436490966527478363e+01
8.531706341268254334e+00,1.431054603523297430e+01
8.533706741348270342e+00,1.426751894577142288e+01
8.535707141428286349e+00,1.526335507154824356e+01
8.537707541508302356e+00,1.526112941102328691e+01
8.539707941588318363e+00,1.525786558189064657e+01
8.541708341668334370e+00,1.525370774544775010e+01
8.543708741748350377e+00,1.524878557764856346e+01
8.545709141828366384e+00,1.524321522945263929e+01
8.547709541908382391e+00,1.523710036647218047e+01
8.549709941988398398e+00,1.523053323190348252e+01
8.551710342068414406e+00,1.516019560201664262e+01
8.553710742148430413e+00,1.512845456868303273e+01
8.555711142228446420e+00,1.510168668485091814e+01
8.557711542308462427e+00,1.442134131488713500e+01
8.559711942388478434e+00,1.435670645272628576e+01
8.561712342468494441e+00,1.430496085819533647e+01
8.563712742548510448e+00,1.505638386671016704e+01
8.565713142628526455e+00,1.505480464558734965e+01
8.567713542708542462e+00,1.524071517241090312e+01
8.569713942788558469e+00,1.523765925871275861e+01
8.571714342868574477e+00,1.523377016257170702e+01
8.573714742948590484e+00,1.522916339302477162e+01
8.575715143028606491e+00,1.522394431811835780e+01
8.577715543108622498e+00,1.521820840771028749e+01
8.579715943188638505e+00,1.521204167868385504e+01
8.581716343268654512e+00,1.447922717370641976e+01
8.583716743348670519e+00,1.440595667502682886e+01
8.585717143428686526e+00,1.434685676823224476e+01
8.587717543508702533e+00,1.509282737481864700e+01
8.589717943588718541e+00,1.508408539394978476e+01
8.591718343668734548e+00,1.524111452910618603e+01
8.593718743748750555e+00,1.523885577021381899e+01
8.595719143828766562e+00,1.523557494596695783e+01
8.597719543908782569e+00,1.511921316746260935e+01
8.599719943988798576e+00,1.509985272019313562e+01
8.601720344068814583e+00,1.521106144250797776e+01
8.603720744148830590e+00,1.520702100645534394e+01
8.605721144228846597e+00,1.511026224504639792e+01
8.607721544308862605e+00,1.441662176036382625e+01
8.609721944388878612e+00,1.435337424508584014e+01
8.611722344468894619e+00,1.430278537389496663e+01
8.613722744548910626e+00,1.525643594194622210e+01
8.615723144628926633e+00,1.525397574879904816e+01
8.617723544708942640e+00,1.525051143087942407e+01
8.619723944788958647e+00,1.524618701193753623e+01
8.621724344868974654e+00,1.524113125077538555e+01
8.623724744948990661e+00,1.523545886011873662e+01
8.625725145029006669e+00,1.514843328354947971e+01
8.627725545109022676e+00,1.512080696886122766e+01
8.629725945189038683e+00,1.509749587377340418e+01
8.631726345269054690e+00,1.440050238467715893e+01
8.633726745349070697e+00,1.434022609156695083e+01
8.635727145429086704e+00,1.429216772530131330e+01
8.637727545509102711e+00,1.525846627390462551e+01
8.639727945589118718e+00,1.525637864490935591e+01
8.641728345669134725e+00,1.525321790251715548e+01
8.643728745749150733e+00,1.524913696067260815e+01
8.645729145829166740e+00,1.524427241892220408e+01
8.647729545909182747e+00,1.523874588973125199e+01
8.649729945989196978e+00,1.514858874423098278e+01
8.651730346069212985e+00,1.512152635842933890e+01
8.653730746149228992e+00,1.509868127900133317e+01
8.655731146229244999e+00,1.507941259174912219e+01
8.657731546309261006e+00,1.506317402364791214e+01
8.659731946389277013e+00,1.438107134894317696e+01
8.661732346469293020e+00,1.432284689393036103e+01
8.663732746549309027e+00,1.521436628668295477e+01
8.665733146629325034e+00,1.521341523504393756e+01
8.667733546709341041e+00,1.521137060177763622e+01
8.669733946789357049e+00,1.520838687085384855e+01
8.671734346869373056e+00,1.520460257239859558e+01
8.673734746949389063e+00,1.443008096778680738e+01
8.675735147029405070e+00,1.436523058626769611e+01
8.677735547109421077e+00,1.522767955796255634e+01
8.679735947189437084e+00,1.522668746637875614e+01
8.681736347269453091e+00,1.522449416794060717e+01
8.683736747349469098e+00,1.440932437525770560e+01
8.685737147429485105e+00,1.435040323704515153e+01
8.687737547509501113e+00,1.526308481519289018e+01
8.689737947589517120e+00,1.526069356067857719e+01
8.691738347669533127e+00,1.513769377026415519e+01
8.693738747749549134e+00,1.511850315708571024e+01
8.695739147829565141e+00,1.510229240807497675e+01
8.697739547909581148e+00,1.508859804596748511e+01
8.699739947989597155e+00,1.522813787351958936e+01
8.701740348069613162e+00,1.522348659369044022e+01
8.703740748149629169e+00,1.521826340292774482e+01
8.705741148229645177e+00,1.521255454656462014e+01
8.707741548309661184e+00,1.445352961771409639e+01
8.709741948389677191e+00,1.438484637655438547e+01
8.711742348469693198e+00,1.508883951454353145e+01
8.713742748549709205e+00,1.507772792732262168e+01
8.715743148629725212e+00,1.522019408488228009e+01
8.717743548709741219e+00,1.521756857073308744e+01
8.719743948789757226e+00,1.521405906150998533e+01
8.721744348869773233e+00,1.520979758746152122e+01
8.723744748949789241e+00,1.444548164848363392e+01
8.725745149029805248e+00,1.437840329187654831e+01
8.727745549109821255e+00,1.432456070513008228e+01
8.729745949189837262e+00,1.509426298755797369e+01
8.731746349269853269e+00,1.526269981541349274e+01
8.733746749349869276e+00,1.525936873121476189e+01
8.735747149429885283e+00,1.525513542008446066e+01
8.737747549509901290e+00,1.525013195735138183e+01
8.739747949589917297e+00,1.513917328812386032e+01
8.741748349669933305e+00,1.511647633272287905e+01
8.743748749749949312e+00,1.509730038038147271e+01
8.745749149829965319e+00,1.508110582732592597e+01
8.747749549909981326e+00,1.520329025018249069e+01
8.749749949989997333e+00,1.519885089314788651e+01
8.751750350070013340e+00,1.519388537363447789e+01
8.753750750150029347e+00,1.445175665427548850e+01
8.755751150230045354e+00,1.438189870042753249e+01
8.757751550310061361e+00,1.432569453031489282e+01
8.759751950390077369e+00,1.523497426848056513e+01
8.761752350470093376e+00,1.523444090691375941e+01
8.763752750550109383e+00,1.523262580274833944e+01
8.765753150630125390e+00,1.522971817560777019e+01
8.767753550710141397e+00,1.522588461329707421e+01
8.769753950790157404e+00,1.514141487620326032e+01
8.771754350870173411e+00,1.511489712861593127e+01
8.773754750950189418e+00,1.440872023679380298e+01
8.775755151030205425e+00,1.434774983069449128e+01
8.777755551110221433e+00,1.507202784701229348e+01
8.779755951190237440e+00,1.506558295004004577e+01
8.781756351270253447e+00,1.522832536917698576e+01
8.783756751350269454e+00,1.522567493312849862e+01
8.785757151430285461e+00,1.522214259000485370e+01
8.787757551510301468e+00,1.521785548268825927e+01
8.789757951590317475e+00,1.521292812199248878e+01
8.791758351670333482e+00,1.444994476921661608e+01
8.793758751750349489e+00,1.438210927442650444e+01
8.795759151830365496e+00,1.432761956659650160e+01
8.797759551910381504e+00,1.509540789277362371e+01
8.799759951990397511e+00,1.526270801197111915e+01
8.801760352070413518e+00,1.525928981079605329e+01
8.803760752150429525e+00,1.525498251655172943e+01
8.805761152230445532e+00,1.524991680603997679e+01
8.807761552310461539e+00,1.513968829117611925e+01
8.809761952390477546e+00,1.511681193931770828e+01
8.811762352470493553e+00,1.509748609735763836e+01
8.813762752550509560e+00,1.508116675883940516e+01
8.815763152630525568e+00,1.520249943906090806e+01
8.817763552710541575e+00,1.519810582183195180e+01
8.819763952790557582e+00,1.519318122828092221e+01
8.821764352870573589e+00,1.445304767093715448e+01
8.823764752950589596e+00,1.438289830737222807e+01
8.825765153030605603e+00,1.432644964696495293e+01
8.827765553110621610e+00,1.523350152168162985e+01
8.829765953190637617e+00,1.523313927697826209e+01
8.831766353270653624e+00,1.523147176542199333e+01
8.833766753350669632e+00,1.522869181336837840e+01
8.835767153430685639e+00,1.440949799652598529e+01
8.837767553510701646e+00,1.511293528764696426e+01
8.839767953590717653e+00,1.509756144522548027e+01
8.841768353670733660e+00,1.508458658627154669e+01
8.843768753750749667e+00,1.522313773231732625e+01
8.845769153830765674e+00,1.521946618029856069e+01
8.847769553910781681e+00,1.521507431646482189e+01
8.849769953990797688e+00,1.521007089510600174e+01
8.851770354070813696e+00,1.445294673385257944e+01
8.853770754150829703e+00,1.438432794905470224e+01
8.855771154230845710e+00,1.432917819614558752e+01
8.857771554310861717e+00,1.509172715700081291e+01
8.859771954390877724e+00,1.525713188613780069e+01
8.861772354470893731e+00,1.525414482436082508e+01
8.863772754550909738e+00,1.525021455776208334e+01
8.865773154630925745e+00,1.524547969645179180e+01
8.867773554710941752e+00,1.513760480020258292e+01
8.869773954790957760e+00,1.511468138684050366e+01
8.871774354870973767e+00,1.509532169759442510e+01
8.873774754950989774e+00,1.507897986818616864e+01
8.875775155031005781e+00,1.519824166278877975e+01
8.877775555111021788e+00,1.519415483734694305e+01
8.879775955191037795e+00,1.442589493032849823e+01
8.881776355271053802e+00,1.436074216672863457e+01
8.883776755351069809e+00,1.521602809881197338e+01
8.885777155431085816e+00,1.521510925797647396e+01
8.887777555511101824e+00,1.521303289291386918e+01
8.889777955591117831e+00,1.440413885017897400e+01
8.891778355671133838e+00,1.434513999761092329e+01
8.893778755751149845e+00,1.525140065894721886e+01
8.895779155831165852e+00,1.524925643724403201e+01
8.897779555911181859e+00,1.524602644891675851e+01
8.899779955991197866e+00,1.513478943453667647e+01
8.901780356071213873e+00,1.511346313990612167e+01
8.903780756151229880e+00,1.509545703659917315e+01
8.905781156231245888e+00,1.508026027148168779e+01
8.907781556311261895e+00,1.520561195020082934e+01
8.909781956391277902e+00,1.520169620353117779e+01
8.911782356471293909e+00,1.441578715042100889e+01
8.913782756551309916e+00,1.435306102703487241e+01
8.915783156631325923e+00,1.522972959657992043e+01
8.917783556711341930e+00,1.522788450110463110e+01
8.919783956791357937e+00,1.522499597032693330e+01
8.921784356871373944e+00,1.522121946814886861e+01
8.923784756951389951e+00,1.442730466837125469e+01
8.925785157031405959e+00,1.436450409510930903e+01
8.927785557111421966e+00,1.524884550139767470e+01
8.929785957191437973e+00,1.511783733265444241e+01
8.931786357271453980e+00,1.510242297842047776e+01
8.933786757351469987e+00,1.523448407825667594e+01
8.935787157431485994e+00,1.523101817354249121e+01
8.937787557511502001e+00,1.511676068951000573e+01
8.939787957591518008e+00,1.509716020376897738e+01
8.941788357671534015e+00,1.520594499833671698e+01
8.943788757751550023e+00,1.520190653285425952e+01
8.945789157831566030e+00,1.443447582417273800e+01
8.947789557911582037e+00,1.436862896222774744e+01
8.949789957991598044e+00,1.431583048674656133e+01
8.951790358071614051e+00,1.525743419142053980e+01
8.953790758151630058e+00,1.525522257846352936e+01
8.955791158231646065e+00,1.525194166493081660e+01
8.957791558311662072e+00,1.524774793280282026e+01
8.959791958391678079e+00,1.513681640835661923e+01
8.961792358471694087e+00,1.511476607772185865e+01
8.963792758551710094e+00,1.509613894955924707e+01
8.965793158631726101e+00,1.508041013319156853e+01
8.967793558711742108e+00,1.520386151736544456e+01
8.969793958791758115e+00,1.519965917573306768e+01
8.971794358871774122e+00,1.519489128539306932e+01
8.973794758951790129e+00,1.444934209403533387e+01
8.975795159031806136e+00,1.438003710308313110e+01
8.977795559111822143e+00,1.432430504731026311e+01
8.979795959191838151e+00,1.523825054654992606e+01
8.981796359271854158e+00,1.523750774504431149e+01
8.983796759351870165e+00,1.523551031564974956e+01
8.985797159431886172e+00,1.523244328742543274e+01
8.987797559511902179e+00,1.522846967007320629e+01
8.989797959591918186e+00,1.514254519129413090e+01
8.991798359671934193e+00,1.511612995177074126e+01
8.993798759751950200e+00,1.440691456065515119e+01
8.995799159831966207e+00,1.434643474015077835e+01
8.997799559911982215e+00,1.507446717977795458e+01
8.999799959991998222e+00,1.506790727926968820e+01
9.001800360072014229e+00,1.523197978461471713e+01
9.003800760152030236e+00,1.522899921972783588e+01
9.005801160232046243e+00,1.522518106620112377e+01
9.007801560312062250e+00,1.522064575459451063e+01
9.009801960392078257e+00,1.521550208066233445e+01
9.011802360472094264e+00,1.444786744827960234e+01
9.013802760552110271e+00,1.438056429520103485e+01
9.015803160632126279e+00,1.432652310552743735e+01
9.017803560712142286e+00,1.509797811579455207e+01
9.019803960792158293e+00,1.526654336083249852e+01
9.021804360872174300e+00,1.526270195251014705e+01
9.023804760952190307e+00,1.525803016993237016e+01
9.025805161032206314e+00,1.525264984277046132e+01
9.027805561112222321e+00,1.514081185843307154e+01
9.029805961192238328e+00,1.511795341611654209e+01
9.031806361272254335e+00,1.509863756405443169e+01
9.033806761352270343e+00,1.508232144515394424e+01
9.035807161432286350e+00,1.520488496300173686e+01
9.037807561512302357e+00,1.520024527402439851e+01
9.039807961592318364e+00,1.519510659815321674e+01
9.041808361672334371e+00,1.445111959628676956e+01
9.043808761752350378e+00,1.438144469973707906e+01
9.045809161832366385e+00,1.432539339744680618e+01
9.047809561912382392e+00,1.523652124663169438e+01
9.049809961992398399e+00,1.523577312529381267e+01
9.051810362072414406e+00,1.523377364036583437e+01
9.053810762152430414e+00,1.523070756377928525e+01
9.055811162232446421e+00,1.522673768058115407e+01
9.057811562312462428e+00,1.514172363740339478e+01
9.059811962392478435e+00,1.511521691621702246e+01
9.061812362472494442e+00,1.440809958576677374e+01
9.063812762552510449e+00,1.434729203384143759e+01
9.065813162632526456e+00,1.507264143630404796e+01
9.067813562712542463e+00,1.506615015617921927e+01
9.069813962792558470e+00,1.522920272496040184e+01
9.071814362872574478e+00,1.522641285427659241e+01
9.073814762952590485e+00,1.522276100119117359e+01
9.075815163032606492e+00,1.521837137593794687e+01
9.077815563112622499e+00,1.521335598722891191e+01
9.079815963192638506e+00,1.444932175760662041e+01
9.081816363272654513e+00,1.438163391402718716e+01
9.083816763352670520e+00,1.432726742809587783e+01
9.085817163432686527e+00,1.509580288925042169e+01
9.087817563512702534e+00,1.526334040897861932e+01
9.089817963592718542e+00,1.525980501274270829e+01
9.091818363672734549e+00,1.525539769605551577e+01
9.093818763752750556e+00,1.525024659204159860e+01
9.095819163832766563e+00,1.513971850495391891e+01
9.097819563912782570e+00,1.511686482953059674e+01
9.099819963992798577e+00,1.509755607130715482e+01
9.101820364072814584e+00,1.508124908660634844e+01
9.103820764152830591e+00,1.520275584127190882e+01
9.105821164232846598e+00,1.519829245689145836e+01
9.107821564312862606e+00,1.519330853796088832e+01
9.109821964392878613e+00,1.445267809045002316e+01
9.111822364472894620e+00,1.438261358162780112e+01
9.113822764552910627e+00,1.432623540251037575e+01
9.115823164632926634e+00,1.523372565168343939e+01
9.117823564712942641e+00,1.523329456668636084e+01
9.119823964792958648e+00,1.523156879148134912e+01
9.121824364872974655e+00,1.522873958534310646e+01
9.123824764952990662e+00,1.522497525041128341e+01
9.125825165033006670e+00,1.514104868355128453e+01
9.127825565113022677e+00,1.442305513616945944e+01
9.129825965193038684e+00,1.509500775148806717e+01
9.131826365273054691e+00,1.508027673528919266e+01
9.133826765353070698e+00,1.434756232475737292e+01
9.135827165433086705e+00,1.506439252726435640e+01
9.137827565513102712e+00,1.522678318458496349e+01
9.139827965593118719e+00,1.522430086174891173e+01
9.141828365673134726e+00,1.522091481222153497e+01
9.143828765753150734e+00,1.521675538231468217e+01
9.145829165833166741e+00,1.442003439806400067e+01
9.147829565913182748e+00,1.435790094087611735e+01
9.149829965993198755e+00,1.524590770562468478e+01
9.151830366073214762e+00,1.524348885350543625e+01
9.153830766153230769e+00,1.524004562767880699e+01
9.155831166233246776e+00,1.513320985849499678e+01
9.157831566313262783e+00,1.511120821404665193e+01
9.159831966393278790e+00,1.509263613925662106e+01
9.161832366473294798e+00,1.507696746480693406e+01
9.163832766553310805e+00,1.436384947848166860e+01
9.165833166633326812e+00,1.521761949947934589e+01
9.167833566713342819e+00,1.521491558461795535e+01
9.169833966793358826e+00,1.521137816724187353e+01
9.171834366873374833e+00,1.520712821775193646e+01
9.173834766953390840e+00,1.443105557098058789e+01
9.175835167033406847e+00,1.436609672161096363e+01
9.177835567113422854e+00,1.522955594577857852e+01
9.179835967193438861e+00,1.522827382174411603e+01
9.181836367273454869e+00,1.522583501422401753e+01
9.183836767353470876e+00,1.440965920709390247e+01
9.185837167433486883e+00,1.435074272003069140e+01
9.187837567513502890e+00,1.526413245618562442e+01
9.189837967593518897e+00,1.512488041287879881e+01
9.191838367673534904e+00,1.510991105563908832e+01
9.193838767753550911e+00,1.525001696086590997e+01
9.195839167833566918e+00,1.524577504323491262e+01
9.197839567913582925e+00,1.512314434473422153e+01
9.199839967993598933e+00,1.510401976076662933e+01
9.201840368073614940e+00,1.522086511180805424e+01
9.203840768153630947e+00,1.521601273349099159e+01
9.205841168233646954e+00,1.511318076304572067e+01
9.207841568313662961e+00,1.509127289823655893e+01
9.209841968393678968e+00,1.439921130718682463e+01
9.211842368473694975e+00,1.519598710366789085e+01
9.213842768553710982e+00,1.437038350086311311e+01
9.215843168633726989e+00,1.521341771843167479e+01
9.217843568713742997e+00,1.521198950608583189e+01
9.219843968793759004e+00,1.520950083751738013e+01
9.221844368873775011e+00,1.441069608225138055e+01
9.223844768953791018e+00,1.435012076504141909e+01
9.225845169033807025e+00,1.524375742637059972e+01
9.227845569113823032e+00,1.524198382448022571e+01
9.229845969193839039e+00,1.523909011749470643e+01
9.231846369273855046e+00,1.523524545926755458e+01
9.233846769353871053e+00,1.514409758296251240e+01
9.235847169433887061e+00,1.511850748283285562e+01
9.237847569513903068e+00,1.509692522850223817e+01
9.239847969593919075e+00,1.438745051415217091e+01
9.241848369673935082e+00,1.433014244955265681e+01
9.243848769753951089e+00,1.506650060230913901e+01
9.245849169833967096e+00,1.523714685716681849e+01
9.247849569913983103e+00,1.523453419358195937e+01
9.249849969993999110e+00,1.523100955498140863e+01
9.251850370074015117e+00,1.522670338537546542e+01
9.253850770154031125e+00,1.522173310102162880e+01
9.255851170234047132e+00,1.521620389759788416e+01
9.257851570314063139e+00,1.446701683560137930e+01
9.259851970394079146e+00,1.439643538337517725e+01
9.261852370474095153e+00,1.509927559280125209e+01
9.263852770554111160e+00,1.508607551682849213e+01
9.265853170634127167e+00,1.507496167826776912e+01
9.267853570714143174e+00,1.506560213275810156e+01
9.269853970794159181e+00,1.521524522020126646e+01
9.271854370874175189e+00,1.521170202740030675e+01
9.273854770954191196e+00,1.520747443324593107e+01
9.275855171034207203e+00,1.441329839422143166e+01
9.277855571114223210e+00,1.521193752764140328e+01
9.279855971194239217e+00,1.438266562987023178e+01
9.281856371274255224e+00,1.522718751933874515e+01
9.283856771354271231e+00,1.522508264538936018e+01
9.285857171434287238e+00,1.439022762626926522e+01
9.287857571514303245e+00,1.523937187825024964e+01
9.289857971594319253e+00,1.523680399222139847e+01
9.291858371674335260e+00,1.439775805172604173e+01
9.293858771754351267e+00,1.511867621908724679e+01
9.295859171834367274e+00,1.510368738274023492e+01
9.297859571914383281e+00,1.523855269973678972e+01
9.299859971994399288e+00,1.523505945657377403e+01
9.301860372074415295e+00,1.511823357928206946e+01
9.303860772154431302e+00,1.509896149929722675e+01
9.305861172234447309e+00,1.521062260262022114e+01
9.307861572314463317e+00,1.520642747771514358e+01
9.309861972394479324e+00,1.442999110906653648e+01
9.311862372474495331e+00,1.436526945345024231e+01
9.313862772554511338e+00,1.522908407774736972e+01
9.315863172634527345e+00,1.522780675747373103e+01
9.317863572714543352e+00,1.511139867910199541e+01
9.319863972794559359e+00,1.509377136446432033e+01
9.321864372874575366e+00,1.520851902408024436e+01
9.323864772954591373e+00,1.439159885548082762e+01
9.325865173034607380e+00,1.522050037909932207e+01
9.327865573114623388e+00,1.436606005029244315e+01
9.329865973194639395e+00,1.524112152614438820e+01
9.331866373274655402e+00,1.523856959579673465e+01
9.333866773354671409e+00,1.523503235810076006e+01
9.335867173434687416e+00,1.513132956813049468e+01
9.337867573514703423e+00,1.510892229329241587e+01
9.339867973594719430e+00,1.509001215416583008e+01
9.341868373674735437e+00,1.437510704509424997e+01
9.343868773754751444e+00,1.432001777280971488e+01
9.345869173834767452e+00,1.524724039543024645e+01
9.347869573914783459e+00,1.524436003232750103e+01
9.349869973994799466e+00,1.524058074701861365e+01
9.351870374074815473e+00,1.523603089756973183e+01
9.353870774154831480e+00,1.523082601817065829e+01
9.355871174234847487e+00,1.522506963433486682e+01
9.357871574314863494e+00,1.514391419599679978e+01
9.359871974394879501e+00,1.443767876445950549e+01
9.361872374474895508e+00,1.437185977668318948e+01
9.363872774554911516e+00,1.508435540852084955e+01
9.365873174634927523e+00,1.507459620309155035e+01
9.367873574714943530e+00,1.506637461633554942e+01
9.369873974794959537e+00,1.522230563822665061e+01
9.371874374874975544e+00,1.521882856841606113e+01
9.373874774954991551e+00,1.521463071368082254e+01
9.375875175035007558e+00,1.520981609202935836e+01
9.377875575115023565e+00,1.520447942777155248e+01
9.379875975195039572e+00,1.446191346648245712e+01
9.381876375275055580e+00,1.439111775487400635e+01
9.383876775355071587e+00,1.433412540124676582e+01
9.385877175435087594e+00,1.428886271923757256e+01
9.387877575515103601e+00,1.528657910631101480e+01
9.389877975595119608e+00,1.528318394620353793e+01
9.391878375675135615e+00,1.527883288730750344e+01
9.393878775755151622e+00,1.527366379620398895e+01
9.395879175835167629e+00,1.526779969051631092e+01
9.397879575915183636e+00,1.515876294656516166e+01
9.399879975995199644e+00,1.513384520989888848e+01
9.401880376075215651e+00,1.511278492938562401e+01
9.403880776155231658e+00,1.509499085347312253e+01
9.405881176235247665e+00,1.507995942763123054e+01
9.407881576315263672e+00,1.506726200332707144e+01
9.409881976395279679e+00,1.520497900332443919e+01
9.411882376475295686e+00,1.519975370830809425e+01
9.413882776555311693e+00,1.519415348845768676e+01
9.415883176635327700e+00,1.518823241574648897e+01
9.417883576715343708e+00,1.446508434669714305e+01
9.419883976795359715e+00,1.439212642028113009e+01
9.421884376875375722e+00,1.433328923578584835e+01
9.423884776955391729e+00,1.521795531877573460e+01
9.425885177035407736e+00,1.521855521259347377e+01
9.427885577115423743e+00,1.521773831144627387e+01
9.429885977195439750e+00,1.521571482796394292e+01
9.431886377275455757e+00,1.441666899805353452e+01
9.433886777355471764e+00,1.435588793201478808e+01
9.435887177435487772e+00,1.524959868861864898e+01
9.437887577515503779e+00,1.524818192490018554e+01
9.439887977595519786e+00,1.513143384040487227e+01
9.441888377675535793e+00,1.511226889816121499e+01
9.443888777755551800e+00,1.509608971976882152e+01
9.445889177835567807e+00,1.508243275289844121e+01
9.447889577915583814e+00,1.521659435805238481e+01
9.449889977995599821e+00,1.521272388279864352e+01
9.451890378075615828e+00,1.520818948247600311e+01
9.453890778155631835e+00,1.443105756044078447e+01
9.455891178235647843e+00,1.436621108478018094e+01
9.457891578315663850e+00,1.523023709699911699e+01
9.459891978395679857e+00,1.522874847903905859e+01
9.461892378475695864e+00,1.522612996529056417e+01
9.463892778555711871e+00,1.512600229472050373e+01
9.465893178635727878e+00,1.510392636116000808e+01
9.467893578715743885e+00,1.438572057640263679e+01
9.469893978795759892e+00,1.432923708053521672e+01
9.471894378875775899e+00,1.524413586728608472e+01
9.473894778955791907e+00,1.524237201233600203e+01
9.475895179035807914e+00,1.523950508223846612e+01
9.477895579115823921e+00,1.523569698246229365e+01
9.479895979195839928e+00,1.513159385275437785e+01
9.481896379275855935e+00,1.510911081582804272e+01
9.483896779355871942e+00,1.509012865306113760e+01
9.485897179435887949e+00,1.507411211926973493e+01
9.487897579515903956e+00,1.437010968862748861e+01
9.489897979595919963e+00,1.520915279512597884e+01
9.491898379675935971e+00,1.520684385740972111e+01
9.493898779755951978e+00,1.520366424104010328e+01
9.495899179835967985e+00,1.440638574441689279e+01
9.497899579915983992e+00,1.521059389918779559e+01
9.499899979995999999e+00,1.437733677012555056e+01
9.501900380076016006e+00,1.522766214048359146e+01
9.503900780156032013e+00,1.522577080321338983e+01
9.505901180236048020e+00,1.522283200858437979e+01
9.507901580316064027e+00,1.441725653448682820e+01
9.509901980396080035e+00,1.435658154993719648e+01
9.511902380476096042e+00,1.525660104075789114e+01
9.513902780556112049e+00,1.525440011593770429e+01
9.515903180636128056e+00,1.513480438997055444e+01
9.517903580716144063e+00,1.511544489198571384e+01
9.519903980796160070e+00,1.509909784815683942e+01
9.521904380876176077e+00,1.508529546139591027e+01
9.523904780956192084e+00,1.522153672575233330e+01
9.525905181036208091e+00,1.521716769623825805e+01
9.527905581116224099e+00,1.521220618849057082e+01
9.529905981196240106e+00,1.520674141864125417e+01
9.531906381276256113e+00,1.445845045135532558e+01
9.533906781356272120e+00,1.438846869902155667e+01
9.535907181436288127e+00,1.433216286199188438e+01
9.537907581516304134e+00,1.508559183900692702e+01
9.539907981596320141e+00,1.524915953786610601e+01
9.541908381676336148e+00,1.524660385807605145e+01
9.543908781756352155e+00,1.524306270097961047e+01
9.545909181836368163e+00,1.523868072646697414e+01
9.547909581916384170e+00,1.513326222530198351e+01
9.549909981996400177e+00,1.511054377577642072e+01
9.551910382076416184e+00,1.509136231257191163e+01
9.553910782156432191e+00,1.507517650516494001e+01
9.555911182236448198e+00,1.519255165099497518e+01
9.557911582316464205e+00,1.439977938327059448e+01
9.559911982396478436e+00,1.519959972537305326e+01
9.561912382476494443e+00,1.437055175573188848e+01
9.563912782556510450e+00,1.521694227306345759e+01
9.565913182636526457e+00,1.521515914543420855e+01
9.567913582716542464e+00,1.521236689840975842e+01
9.569913982796558471e+00,1.440982121882816536e+01
9.571914382876574479e+00,1.434950238275654577e+01
9.573914782956590486e+00,1.524720667700079524e+01
9.575915183036606493e+00,1.524507034339499256e+01
9.577915583116622500e+00,1.524186762016469920e+01
9.579915983196638507e+00,1.523775968725810870e+01
9.581916383276654514e+00,1.523288840086414808e+01
9.583916783356670521e+00,1.515739233610881165e+01
9.585917183436686528e+00,1.512772970983643184e+01
9.587917583516702535e+00,1.442030313476825931e+01
9.589917983596718543e+00,1.435759480585157277e+01
9.591918383676734550e+00,1.507831709015458799e+01
9.593918783756750557e+00,1.507024581743148950e+01
9.595919183836766564e+00,1.506345846443318415e+01
9.597919583916782571e+00,1.505774143992101877e+01
9.599919983996798578e+00,1.522748850149589828e+01
9.601920384076814585e+00,1.522276371416528562e+01
9.603920784156830592e+00,1.521754277953001022e+01
9.605921184236846599e+00,1.521189168666423264e+01
9.607921584316862607e+00,1.520587368669627537e+01
9.609921984396878614e+00,1.444851117800176432e+01
9.611922384476894621e+00,1.437979858539100420e+01
9.613922784556910628e+00,1.432456159642979365e+01
9.615923184636926635e+00,1.525085547812344977e+01
9.617923584716942642e+00,1.524870199178688424e+01
9.619923984796958649e+00,1.524549619171438408e+01
9.621924384876974656e+00,1.524139361485132760e+01
9.623924784956990663e+00,1.523653191148626718e+01
9.625925185037006671e+00,1.523103263289543108e+01
9.627925585117022678e+00,1.446433964494712932e+01
9.629925985197038685e+00,1.513103995501185750e+01
9.631926385277054692e+00,1.510935236811148563e+01
9.633926785357070699e+00,1.509108856846992630e+01
9.635927185437086706e+00,1.507571833341292766e+01
9.637927585517102713e+00,1.435772194898693144e+01
9.639927985597118720e+00,1.430586364360500440e+01
9.641928385677134727e+00,1.524620791735590863e+01
9.643928785757150735e+00,1.524443496599336179e+01
9.645929185837166742e+00,1.524158208557853023e+01
9.647929585917182749e+00,1.523780266280869533e+01
9.649929985997198756e+00,1.523323392040331470e+01
9.651930386077214763e+00,1.513158061005427157e+01
9.653930786157230770e+00,1.510833742339385033e+01
9.655931186237246777e+00,1.508870894209378655e+01
9.657931586317262784e+00,1.438370398820169882e+01
9.659931986397278791e+00,1.520640063737679704e+01
9.661932386477294799e+00,1.520474390895908634e+01
9.663932786557310806e+00,1.438965176275022273e+01
9.665933186637326813e+00,1.521745054752580728e+01
9.667933586717342820e+00,1.521569625941912385e+01
9.669933986797358827e+00,1.439617222856529466e+01
9.671934386877374834e+00,1.433893734268377962e+01
9.673934786957390841e+00,1.525863040036918150e+01
9.675935187037406848e+00,1.525598796102672061e+01
9.677935587117422855e+00,1.525232400967069957e+01
9.679935987197438862e+00,1.513635809372698837e+01
9.681936387277454870e+00,1.511554193215409647e+01
9.683936787357470877e+00,1.509795324948130357e+01
9.685937187437486884e+00,1.521749541647322879e+01
9.687937587517502891e+00,1.521346806365952986e+01
9.689937987597518898e+00,1.510973111059143648e+01
9.691938387677534905e+00,1.440475524288338427e+01
9.693938787757550912e+00,1.520595879923835092e+01
9.695939187837566919e+00,1.437630093691675803e+01
9.697939587917582926e+00,1.522312147347675371e+01
9.699939987997598934e+00,1.522154672132203324e+01
9.701940388077614941e+00,1.521888181351832792e+01
9.703940788157630948e+00,1.441753521305580144e+01
9.705941188237646955e+00,1.510493427993055526e+01
9.707941588317662962e+00,1.508982472953164589e+01
9.709941988397678969e+00,1.507708171575824885e+01
9.711942388477694976e+00,1.521141244137160342e+01
9.713942788557710983e+00,1.520826681803931635e+01
9.715943188637726990e+00,1.439988375407175170e+01
9.717943588717742998e+00,1.521720582528547894e+01
9.719943988797759005e+00,1.437215768750940192e+01
9.721944388877775012e+00,1.523568248146293769e+01
9.723944788957791019e+00,1.523320128576959043e+01
9.725945189037807026e+00,1.522974479516324919e+01
9.727945589117823033e+00,1.441243812019375881e+01
9.729945989197839040e+00,1.511251488074286620e+01
9.731946389277855047e+00,1.509709642511328909e+01
9.733946789357871054e+00,1.522544026581396359e+01
9.735947189437887062e+00,1.522225742385753300e+01
9.737947589517903069e+00,1.521824810524748273e+01
9.739947989597919076e+00,1.443102873558448884e+01
9.741948389677935083e+00,1.510421818782532455e+01
9.743948789757951090e+00,1.508817259294317026e+01
9.745949189837967097e+00,1.435232665356764770e+01
9.747949589917983104e+00,1.523128335218940244e+01
9.749949989997999111e+00,1.522919669288616618e+01
9.751950390078015118e+00,1.522610595705592118e+01
9.753950790158031126e+00,1.522215919849280752e+01
9.755951190238047133e+00,1.442604051963977163e+01
9.757951590318063140e+00,1.510711130975070127e+01
9.759951990398079147e+00,1.509117141632004611e+01
9.761952390478095154e+00,1.507772717381375394e+01
9.763952790558111161e+00,1.520925995783431084e+01
9.765953190638127168e+00,1.520590190958864163e+01
9.767953590718143175e+00,1.440477821249009160e+01
9.769953990798159182e+00,1.434449934727128095e+01
9.771954390878175190e+00,1.524053313628374084e+01
9.773954790958191197e+00,1.523804839109370413e+01
9.775955191038207204e+00,1.523459817696732621e+01
9.777955591118223211e+00,1.523032552673248219e+01
9.779955991198239218e+00,1.522535755426455850e+01
9.781956391278255225e+00,1.444902513633152097e+01
9.783956791358271232e+00,1.438252367652542851e+01
9.785957191438287239e+00,1.510969851491559268e+01
9.787957591518303246e+00,1.509656593876820629e+01
9.789957991598319254e+00,1.508549106241434856e+01
9.791958391678335261e+00,1.523417646396832303e+01
9.793958791758351268e+00,1.523061337611008881e+01
9.795959191838367275e+00,1.522627968687013933e+01
9.797959591918383282e+00,1.522128959035689810e+01
9.799959991998399289e+00,1.512813862566644474e+01
9.801960392078415296e+00,1.510350894602472849e+01
9.803960792158431303e+00,1.440792251115328604e+01
9.805961192238447310e+00,1.434623000115887770e+01
9.807961592318463317e+00,1.429697128063429012e+01
9.809961992398479325e+00,1.525915264361876922e+01
9.811962392478495332e+00,1.525649216089434468e+01
9.813962792558511339e+00,1.525286093107356677e+01
9.815963192638527346e+00,1.524839658020989397e+01
9.817963592718543353e+00,1.524322264952457040e+01
9.819963992798559360e+00,1.523744959839739010e+01
9.821964392878575367e+00,1.514695548304112016e+01
9.823964792958591374e+00,1.512005200974641639e+01
9.825965193038607381e+00,1.509734382468219493e+01
9.827965593118623389e+00,1.507819318484489557e+01
9.829965993198639396e+00,1.438823141198143496e+01
9.831966393278655403e+00,1.432941047980782479e+01
9.833966793358671410e+00,1.521726937327846052e+01
9.835967193438687417e+00,1.521665470813088561e+01
9.837967593518703424e+00,1.521485838104034727e+01
9.839967993598719431e+00,1.521205090371716118e+01
9.841968393678735438e+00,1.520838385483329525e+01
9.843968793758751445e+00,1.443902771654548722e+01
9.845969193838767453e+00,1.437318741138655298e+01
9.847969593918783460e+00,1.432039179544299579e+01
9.849969993998799467e+00,1.526425776985714933e+01
9.851970394078815474e+00,1.526221159227630508e+01
9.853970794158831481e+00,1.525902942968534681e+01
9.855971194238847488e+00,1.513704104892884139e+01
9.857971594318863495e+00,1.511741602636746329e+01
9.859971994398879502e+00,1.510082668404113626e+01
9.861972394478895509e+00,1.522779159255305181e+01
9.863972794558911517e+00,1.522350875872125364e+01
9.865973194638927524e+00,1.511292423458028544e+01
9.867973594718943531e+00,1.520577204831682749e+01
9.869973994798959538e+00,1.510587035856944738e+01
9.871974394878975545e+00,1.441157944853686068e+01
9.873974794958991552e+00,1.434920289744618316e+01
9.875975195039007559e+00,1.522016395795801458e+01
9.877975595119023566e+00,1.521920962165020264e+01
9.879975995199039573e+00,1.521709492596722768e+01
9.881976395279055581e+00,1.521399133554083427e+01
9.883976795359071588e+00,1.442602104988085010e+01
9.885977195439087595e+00,1.436315714575318303e+01
9.887977595519103602e+00,1.509594637952922902e+01
9.889977995599119609e+00,1.524015033777101991e+01
9.891978395679135616e+00,1.523787386239536445e+01
9.893978795759151623e+00,1.523456974586854606e+01
9.895979195839167630e+00,1.512860431214558865e+01
9.897979595919183637e+00,1.510694307917232670e+01
9.899979995999199645e+00,1.508865877753786577e+01
9.901980396079215652e+00,1.507323329248387189e+01
9.903980796159231659e+00,1.436639935573958482e+01
9.905981196239247666e+00,1.521232241175628452e+01
9.907981596319263673e+00,1.520973557000382570e+01
9.909981996399279680e+00,1.520631813009721611e+01
9.911982396479295687e+00,1.520219000298160417e+01
9.913982796559311694e+00,1.443273845444931780e+01
9.915983196639327701e+00,1.436712112688438303e+01
9.917983596719343709e+00,1.431451564973104595e+01
9.919983996799359716e+00,1.525911449306276602e+01
9.921984396879375723e+00,1.525662003176100079e+01
9.923984796959391730e+00,1.525310883672463014e+01
9.925985197039407737e+00,1.524873000778918453e+01
9.927985597119423744e+00,1.524361586827985349e+01
9.929985997199439751e+00,1.523788356756133133e+01
9.931986397279455758e+00,1.515877063962162197e+01
9.933986797359471765e+00,1.512916772486046568e+01
9.935987197439487772e+00,1.510420234313645693e+01
9.937987597519503780e+00,1.440612363761399983e+01
9.939987997599519787e+00,1.434511844632407040e+01
9.941988397679535794e+00,1.429645584626514321e+01
9.943988797759551801e+00,1.507225527400158072e+01
9.945989197839567808e+00,1.525944780376297238e+01
9.947989597919583815e+00,1.525635901943509332e+01
9.949989997999599822e+00,1.525236989393695453e+01
9.951990398079615829e+00,1.524760668122593543e+01
9.953990798159631836e+00,1.524218353960583805e+01
9.955991198239647844e+00,1.523620317154608195e+01
9.957991598319663851e+00,1.514565344795127899e+01
9.959991998399679858e+00,1.511876952348269221e+01
9.961992398479695865e+00,1.509607209329551303e+01
9.963992798559711872e+00,1.507692536443074971e+01
9.965993198639727879e+00,1.439025188879665507e+01
9.967993598719743886e+00,1.433091764480890973e+01
9.969993998799759893e+00,1.521454689389716997e+01
9.971994398879775900e+00,1.521397091625568798e+01
9.973994798959791908e+00,1.521221643017020675e+01
9.975995199039807915e+00,1.520945320677976120e+01
9.977995599119823922e+00,1.520583230041715517e+01
9.979995999199839929e+00,1.444012652034690802e+01
9.981996399279855936e+00,1.437390208437207662e+01
9.983996799359871943e+00,1.432077894697079401e+01
9.985997199439887950e+00,1.526045537419835085e+01
9.987997599519903957e+00,1.525867493318939516e+01
9.989997999599919964e+00,1.525572736358234494e+01
9.991998399679935972e+00,1.525178631590412870e+01
9.993998799759951979e+00,1.514726912744880494e+01
9.995999199839967986e+00,1.512363408424559452e+01
9.997999599919983993e+00,1.510367423663397268e+01
1.000000000000000000e+01,1.508682573803374893e+01
