t,f
0.000000000000000000e+00,3.995305635963464663e+00
2.000400080016003206e-03,3.995305635963464663e+00
4.000800160032006413e-03,2.560731470376088392e+00
6.001200240048009185e-03,1.823501336861838462e+00
8.001600320064012825e-03,1.321986379492211761e+00
1.000200040008001647e-02,9.510390291610991698e-01
1.200240048009601837e-02,6.708718545214433782e-01
1.400280056011202201e-02,4.580481774548441631e-01
1.600320064012802565e-02,2.959952764984988827e-01
1.800360072014402929e-02,1.723817734475874830e-01
2.000400080016003293e-02,7.791278882242361203e-02
2.200440088017603657e-02,5.558279078259203976e-03
2.400480096019203674e-02,-5.000428964314856950e-02
2.600520104020804038e-02,-9.280637258077861773e-02
2.800560112022404402e-02,-1.259023913553394269e-01
3.000600120024004766e-02,-1.516071761735342249e-01
3.200640128025605130e-02,-1.716756217755404657e-01
3.400680136027205147e-02,-1.874386500368700470e-01
3.600720144028805858e-02,-1.999061142851126238e-01
3.800760152030405875e-02,-2.098446880289268901e-01
4.000800160032006586e-02,-2.178368235128710917e-01
4.200840168033606603e-02,-2.243253848695108688e-01
4.400880176035207314e-02,-2.296474401425611100e-01
4.600920184036807331e-02,-2.340598485362682113e-01
4.800960192038407348e-02,-2.377586376717665539e-01
5.001000200040008059e-02,-2.408936802339540217e-01
5.201040208041608076e-02,-2.435798121677410222e-01
5.401080216043208787e-02,-2.459052567677142698e-01
5.601120224044808804e-02,-2.479380088188819220e-01
5.801160232046409515e-02,-2.497306739187928892e-01
6.001200240048009532e-02,-2.513241377865295112e-01
6.201240248049610243e-02,-2.527503493028657733e-01
6.401280256051210260e-02,-2.540344321204133782e-01
6.601320264052810971e-02,-2.551962875215410542e-01
6.801360272054410294e-02,-2.562518117235306203e-01
7.001400280056011005e-02,-2.572138209411831133e-01
7.201440288057611716e-02,-2.580927548884607292e-01
7.401480296059212427e-02,-2.588972122654698560e-01
7.601520304060811750e-02,-2.596343588019252024e-01
7.801560312062412461e-02,-2.603102386009028546e-01
8.001600320064013172e-02,-2.609300120820020052e-01
8.201640328065612495e-02,-2.614981381858413334e-01
8.401680336067213206e-02,-2.620185142281412638e-01
8.601720344068813917e-02,-2.624945835566705465e-01
8.801760352070414628e-02,-2.629294187106537284e-01
9.001800360072013951e-02,-2.633257859229528597e-01
9.201840368073614662e-02,-2.636861953981687878e-01
9.401880376075215373e-02,-2.640129407302153619e-01
9.601920384076814696e-02,-2.643081300136521650e-01
9.801960392078415407e-02,-2.645737105911693532e-01
1.000200040008001612e-01,-2.648114889094492219e-01
1.020204040808161683e-01,-2.650231466084653209e-01
1.040208041608321615e-01,-2.652102536961594703e-01
1.060212042408481686e-01,-2.653742794601014476e-01
1.080216043208641757e-01,-2.655166016126407902e-01
1.100220044008801829e-01,-2.656385140487064200e-01
1.120224044808961761e-01,-2.657412335065795772e-01
1.140228045609121832e-01,-2.658259053541095485e-01
1.160232046409281903e-01,-2.658936086719494440e-01
1.180236047209441835e-01,-2.659453607654674312e-01
1.200240048009601906e-01,-2.659821212080501485e-01
1.220244048809761978e-01,-2.660047954947787341e-01
1.240248049609922049e-01,-2.660142383692748469e-01
1.260252050410081981e-01,-2.660112568717880599e-01
1.280256051210242052e-01,-2.659966131484510776e-01
1.300260052010402123e-01,-2.659710270516008057e-01
1.320264052810562194e-01,-2.659351785564897930e-01
1.340268053610722265e-01,-2.658897100150356962e-01
1.360272054410882059e-01,-2.658352282627518548e-01
1.380276055211042130e-01,-2.657723065933935702e-01
1.400280056011202201e-01,-2.657014866123387220e-01
1.420284056811362272e-01,-2.656232799795015254e-01
1.440288057611522343e-01,-2.655381700495422770e-01
1.460292058411682414e-01,-2.654466134181418524e-01
1.480296059211842485e-01,-2.653490413791980140e-01
1.500300060012002279e-01,-2.652458613007709909e-01
1.520304060812162350e-01,-2.651374579237824047e-01
1.540308061612322421e-01,-2.650241945886925299e-01
1.560312062412482492e-01,-2.649064143947206240e-01
1.580316063212642563e-01,-2.647844412954812876e-01
1.600320064012802634e-01,-2.646585811346840456e-01
1.620324064812962706e-01,-2.645291226257848183e-01
1.640328065613122499e-01,-2.643963382778139470e-01
1.660332066413282570e-01,-2.642604852716753383e-01
1.680336067213442641e-01,-2.641218062887418783e-01
1.700340068013602712e-01,-2.639805302950453125e-01
1.720344068813762783e-01,-2.638368732824758478e-01
1.740348069613922855e-01,-2.636910389706897950e-01
1.760352070414082926e-01,-2.635432194713206999e-01
1.780356071214242719e-01,-2.633935959158580364e-01
1.800360072014402790e-01,-2.632423390501429372e-01
1.820364072814562861e-01,-2.630896097968766778e-01
1.840368073614722932e-01,-2.629355597880060902e-01
1.860372074414883004e-01,-2.627803318682767064e-01
1.880376075215043075e-01,-2.626240605719338816e-01
1.900380076015203146e-01,-2.624668725737737129e-01
1.920384076815362939e-01,-2.623088871159329205e-01
1.940388077615523010e-01,-2.621502164118557077e-01
1.960392078415683081e-01,-2.619909660285357211e-01
1.980396079215843153e-01,-2.618312352482187744e-01
2.000400080016003224e-01,-2.616711174109471738e-01
2.020404080816163295e-01,-2.615107002379478129e-01
2.040408081616323366e-01,-2.613500661388218904e-01
2.060412082416483437e-01,-2.611892925013377109e-01
2.080416083216643230e-01,-2.610284519659253344e-01
2.100420084016803302e-01,-2.608676126855073441e-01
2.120424084816963373e-01,-2.607068385715345382e-01
2.140428085617123444e-01,-2.605461895262119465e-01
2.160432086417283515e-01,-2.603857216631182969e-01
2.180436087217443586e-01,-2.602254875151303048e-01
2.200440088017603657e-01,-2.600655362317703112e-01
2.220444088817763451e-01,-2.599059137656015150e-01
2.240448089617923522e-01,-2.597466630489211337e-01
2.260452090418083593e-01,-2.595878241604854253e-01
2.280456091218243664e-01,-2.594294344837935196e-01
2.300460092018403735e-01,-2.592715288565174414e-01
2.320464092818563806e-01,-2.591141397118456591e-01
2.340468093618723877e-01,-2.589572972127675010e-01
2.360472094418883671e-01,-2.588010293781634052e-01
2.380476095219043742e-01,-2.586453622030856492e-01
2.400480096019203813e-01,-2.584903197718725343e-01
2.420484096819363884e-01,-2.583359243656457305e-01
2.440488097619523955e-01,-2.581821965636254546e-01
2.460492098419684026e-01,-2.580291553388955328e-01
2.480496099219844097e-01,-2.578768181500077916e-01
2.500500100020003891e-01,-2.577252010260319137e-01
2.520504100820163962e-01,-2.575743186482644664e-01
2.540508101620324033e-01,-2.574241844270899748e-01
2.560512102420484104e-01,-2.572748105747071912e-01
2.580516103220644175e-01,-2.571262081737490934e-01
2.600520104020804246e-01,-2.569783872425836502e-01
2.620524104820964317e-01,-2.568313567967193678e-01
2.640528105621124388e-01,-2.566851249070276619e-01
2.660532106421284460e-01,-2.565396987547697849e-01
2.680536107221444531e-01,-2.563950846837492192e-01
2.700540108021604602e-01,-2.562512882493853672e-01
2.720544108821764118e-01,-2.561083142654635436e-01
2.740548109621924189e-01,-2.559661668479950025e-01
2.760552110422084260e-01,-2.558248494568274300e-01
2.780556111222244331e-01,-2.556843649352788517e-01
2.800560112022404402e-01,-2.555447155468124065e-01
2.820564112822564473e-01,-2.554059030107732609e-01
2.840568113622724544e-01,-2.552679285353553484e-01
2.860572114422884615e-01,-2.551307928490372801e-01
2.880576115223044686e-01,-2.549944962302863050e-01
2.900580116023204758e-01,-2.548590385357617505e-01
2.920584116823364829e-01,-2.547244192267276164e-01
2.940588117623524900e-01,-2.545906373942211087e-01
2.960592118423684971e-01,-2.544576917826588125e-01
2.980596119223845042e-01,-2.543255808123139339e-01
3.000600120024004558e-01,-2.541943026003734563e-01
3.020604120824164629e-01,-2.540638549811212177e-01
3.040608121624324700e-01,-2.539342355245177152e-01
3.060612122424484771e-01,-2.538054415543410380e-01
3.080616123224644842e-01,-2.536774701647793728e-01
3.100620124024804913e-01,-2.535503182364313157e-01
3.120624124824964984e-01,-2.534239824514658568e-01
3.140628125625125056e-01,-2.532984593074906199e-01
3.160632126425285127e-01,-2.531737451312187637e-01
3.180636127225445198e-01,-2.530498360909037014e-01
3.200640128025605269e-01,-2.529267282084941559e-01
3.220644128825765340e-01,-2.528044173705199515e-01
3.240648129625925411e-01,-2.526828993389537148e-01
3.260652130426085482e-01,-2.525621697614505168e-01
3.280656131226244998e-01,-2.524422241801433930e-01
3.300660132026405069e-01,-2.523230580411135460e-01
3.320664132826565140e-01,-2.522046667027201816e-01
3.340668133626725211e-01,-2.520870454431522467e-01
3.360672134426885282e-01,-2.519701894681700138e-01
3.380676135227045354e-01,-2.518540939183018801e-01
3.400680136027205425e-01,-2.517387538749283338e-01
3.420684136827365496e-01,-2.516241643671072725e-01
3.440688137627525567e-01,-2.515103203769777918e-01
3.460692138427685638e-01,-2.513972168455719802e-01
3.480696139227845709e-01,-2.512848486778500035e-01
3.500700140028005780e-01,-2.511732107478162335e-01
3.520704140828165851e-01,-2.510622979027202772e-01
3.540708141628325922e-01,-2.509521049678243854e-01
3.560712142428485438e-01,-2.508426267501790430e-01
3.580716143228645509e-01,-2.507338580425610419e-01
3.600720144028805580e-01,-2.506257936269514208e-01
3.620724144828965652e-01,-2.505184282780129612e-01
3.640728145629125723e-01,-2.504117567662339505e-01
3.660732146429285794e-01,-2.503057738608545635e-01
3.680736147229445865e-01,-2.502004743326625702e-01
3.700740148029605936e-01,-2.500958529565388555e-01
3.720744148829766007e-01,-2.499919045138261353e-01
3.740748149629926078e-01,-2.498886237949707323e-01
3.760752150430086149e-01,-2.497860056011451113e-01
3.780756151230246220e-01,-2.496840447467020274e-01
3.800760152030406291e-01,-2.495827360606818479e-01
3.820764152830566363e-01,-2.494820743885929892e-01
3.840768153630725879e-01,-2.493820545942650457e-01
3.860772154430885950e-01,-2.492826715612092570e-01
3.880776155231046021e-01,-2.491839201938562121e-01
3.900780156031206092e-01,-2.490857954191089685e-01
3.920784156831366163e-01,-2.489882921874872479e-01
3.940788157631526234e-01,-2.488914054740090642e-01
3.960792158431686305e-01,-2.487951302797155595e-01
3.980796159231846376e-01,-2.486994616320489515e-01
4.000800160032006447e-01,-2.486043945861021454e-01
4.020804160832166518e-01,-2.485099242254912022e-01
4.040808161632326589e-01,-2.484160456626719471e-01
4.060812162432486661e-01,-2.483227540401696798e-01
4.080816163232646732e-01,-2.482300445307409897e-01
4.100820164032806803e-01,-2.481379123382676799e-01
4.120824164832966874e-01,-2.480463526980057898e-01
4.140828165633126390e-01,-2.479553608774306972e-01
4.160832166433286461e-01,-2.478649321760751367e-01
4.180836167233446532e-01,-2.477750619264976473e-01
4.200840168033606603e-01,-2.476857454942970049e-01
4.220844168833766674e-01,-2.475969782784965545e-01
4.240848169633926745e-01,-2.475087557117646997e-01
4.260852170434086816e-01,-2.474210732607307062e-01
4.280856171234246887e-01,-2.473339264260221160e-01
4.300860172034406959e-01,-2.472473107426039485e-01
4.320864172834567030e-01,-2.471612217798312694e-01
4.340868173634727101e-01,-2.470756551414498015e-01
4.360872174434887172e-01,-2.469906064660105094e-01
4.380876175235047243e-01,-2.469060714266007872e-01
4.400880176035207314e-01,-2.468220457308825111e-01
4.420884176835366830e-01,-2.467385251214540831e-01
4.440888177635526901e-01,-2.466555053754177496e-01
4.460892178435686972e-01,-2.465729823046417801e-01
4.480896179235847043e-01,-2.464909517558224739e-01
4.500900180036007114e-01,-2.464094096100230280e-01
4.520904180836167185e-01,-2.463283517827694058e-01
4.540908181636327257e-01,-2.462477742243361356e-01
4.560912182436487328e-01,-2.461676729191371593e-01
4.580916183236647399e-01,-2.460880438858922548e-01
4.600920184036807470e-01,-2.460088831774956408e-01
4.620924184836967541e-01,-2.459301868807979297e-01
4.640928185637127612e-01,-2.458519511165012938e-01
4.660932186437287683e-01,-2.457741720390566598e-01
4.680936187237447754e-01,-2.456968458365071939e-01
4.700940188037607270e-01,-2.456199687303222412e-01
4.720944188837767341e-01,-2.455435369750140762e-01
4.740948189637927412e-01,-2.454675468583259468e-01
4.760952190438087483e-01,-2.453919947008194880e-01
4.780956191238247555e-01,-2.453168768558270929e-01
4.800960192038407626e-01,-2.452421897089159253e-01
4.820964192838567697e-01,-2.451679296782409978e-01
4.840968193638727768e-01,-2.450940932138023776e-01
4.860972194438887839e-01,-2.450206767975369460e-01
4.880976195239047910e-01,-2.449476769431846168e-01
4.900980196039207981e-01,-2.448750901957093551e-01
4.920984196839368052e-01,-2.448029131314662099e-01
4.940988197639528123e-01,-2.447311423577049061e-01
4.960992198439688194e-01,-2.446597745126360413e-01
4.980996199239847710e-01,-2.445888062647095795e-01
5.001000200040007782e-01,-2.445182343131301339e-01
5.021004200840167853e-01,-2.444480553868201567e-01
5.041008201640327924e-01,-2.443782662447344933e-01
5.061012202440487995e-01,-2.443088636756048371e-01
5.081016203240648066e-01,-2.442398444973381266e-01
5.101020204040808137e-01,-2.441712055571833295e-01
5.121024204840968208e-01,-2.441029437311254546e-01
5.141028205641128279e-01,-2.440350559242138173e-01
5.161032206441288350e-01,-2.439675390695685009e-01
5.181036207241448421e-01,-2.439003901288956111e-01
5.201040208041608492e-01,-2.438336060915941017e-01
5.221044208841768564e-01,-2.437671839751431035e-01
5.241048209641928635e-01,-2.437011208243443638e-01
5.261052210442088706e-01,-2.436354137113302953e-01
5.281056211242248777e-01,-2.435700597353721297e-01
5.301060212042408848e-01,-2.435050560224733540e-01
5.321064212842568919e-01,-2.434403997253298257e-01
5.341068213642728990e-01,-2.433760880230381174e-01
5.361072214442889061e-01,-2.433121181207339723e-01
5.381076215243049132e-01,-2.432484872494481976e-01
5.401080216043209203e-01,-2.431851926659667207e-01
5.421084216843368164e-01,-2.431222316525293858e-01
5.441088217643528235e-01,-2.430596015165359947e-01
5.461092218443688306e-01,-2.429972995904454702e-01
5.481096219243848378e-01,-2.429353232314373778e-01
5.501100220044008449e-01,-2.428736698212487499e-01
5.521104220844168520e-01,-2.428123367660088294e-01
5.541108221644328591e-01,-2.427513214958346432e-01
5.561112222444488662e-01,-2.426906214648152649e-01
5.581116223244648733e-01,-2.426302341506360316e-01
5.601120224044808804e-01,-2.425701570545107655e-01
5.621124224844968875e-01,-2.425103877008125686e-01
5.641128225645128946e-01,-2.424509236369766230e-01
5.661132226445289017e-01,-2.423917624331674570e-01
5.681136227245449088e-01,-2.423329016823267401e-01
5.701140228045609160e-01,-2.422743389995339613e-01
5.721144228845769231e-01,-2.422160720221759878e-01
5.741148229645929302e-01,-2.421580984095699496e-01
5.761152230446089373e-01,-2.421004158428304021e-01
5.781156231246249444e-01,-2.420430220245645414e-01
5.801160232046409515e-01,-2.419859146788536919e-01
5.821164232846569586e-01,-2.419290915507747441e-01
5.841168233646729657e-01,-2.418725504064432319e-01
5.861172234446889728e-01,-2.418162890327243963e-01
5.881176235247049799e-01,-2.417603052370262129e-01
5.901180236047209871e-01,-2.417045968471370210e-01
5.921184236847369942e-01,-2.416491617110133883e-01
5.941188237647530013e-01,-2.415939976965885139e-01
5.961192238447690084e-01,-2.415391026916293149e-01
5.981196239247849045e-01,-2.414844746033656120e-01
6.001200240048009116e-01,-2.414301113585871905e-01
6.021204240848169187e-01,-2.413760109032973833e-01
6.041208241648329258e-01,-2.413221712024163912e-01
6.061212242448489329e-01,-2.412685902399854532e-01
6.081216243248649400e-01,-2.412152660184287978e-01
6.101220244048809471e-01,-2.411621965589244299e-01
6.121224244848969542e-01,-2.411093799007902883e-01
6.141228245649129613e-01,-2.410568141016259380e-01
6.161232246449289685e-01,-2.410044972369874694e-01
6.181236247249449756e-01,-2.409524274002285138e-01
6.201240248049609827e-01,-2.409006027022370378e-01
6.221244248849769898e-01,-2.408490212716448975e-01
6.241248249649929969e-01,-2.407976812540137124e-01
6.261252250450090040e-01,-2.407465808123459561e-01
6.281256251250250111e-01,-2.406957181263967571e-01
6.301260252050410182e-01,-2.406450913929376600e-01
6.321264252850570253e-01,-2.405946988251947694e-01
6.341268253650730324e-01,-2.405445386529437013e-01
6.361272254450890395e-01,-2.404946091223147675e-01
6.381276255251050467e-01,-2.404449084956679916e-01
6.401280256051210538e-01,-2.403954350511543492e-01
6.421284256851370609e-01,-2.403461870830138347e-01
6.441288257651530680e-01,-2.402971629010255405e-01
6.461292258451690751e-01,-2.402483608306560381e-01
6.481296259251850822e-01,-2.401997792126989717e-01
6.501300260052010893e-01,-2.401514164031850196e-01
6.521304260852170964e-01,-2.401032707733134486e-01
6.541308261652331035e-01,-2.400553407092890223e-01
6.561312262452489996e-01,-2.400076246119226542e-01
6.581316263252650067e-01,-2.399601208968850374e-01
6.601320264052810138e-01,-2.399128279943267827e-01
6.621324264852970209e-01,-2.398657443487744734e-01
6.641328265653130281e-01,-2.398188684191268072e-01
6.661332266453290352e-01,-2.397721986781545522e-01
6.681336267253450423e-01,-2.397257336128614247e-01
6.701340268053610494e-01,-2.396794717238670824e-01
6.721344268853770565e-01,-2.396334115257882091e-01
6.741348269653930636e-01,-2.395875515464354344e-01
6.761352270454090707e-01,-2.395418903274961764e-01
6.781356271254250778e-01,-2.394964264235718565e-01
6.801360272054410849e-01,-2.394511584026720041e-01
6.821364272854570920e-01,-2.394060848458920698e-01
6.841368273654730991e-01,-2.393612043471866346e-01
6.861372274454891063e-01,-2.393165155132870314e-01
6.881376275255051134e-01,-2.392720169636058936e-01
6.901380276055211205e-01,-2.392277073302450652e-01
6.921384276855371276e-01,-2.391835852576826016e-01
6.941388277655531347e-01,-2.391396494025800623e-01
6.961392278455691418e-01,-2.390958984340368076e-01
6.981396279255851489e-01,-2.390523310330811280e-01
7.001400280056011560e-01,-2.390089458927305288e-01
7.021404280856171631e-01,-2.389657417178358834e-01
7.041408281656331702e-01,-2.389227172250422138e-01
7.061412282456491774e-01,-2.388798711425870747e-01
7.081416283256651845e-01,-2.388372022102050463e-01
7.101420284056811916e-01,-2.387947091790930398e-01
7.121424284856970877e-01,-2.387523908116468141e-01
7.141428285657130948e-01,-2.387102458815540951e-01
7.161432286457291019e-01,-2.386682731733616447e-01
7.181436287257451090e-01,-2.386264714828313371e-01
7.201440288057611161e-01,-2.385848396164366170e-01
7.221444288857771232e-01,-2.385433763914671101e-01
7.241448289657931303e-01,-2.385020806358729706e-01
7.261452290458091374e-01,-2.384609511880223520e-01
7.281456291258251445e-01,-2.384199868968843727e-01
7.301460292058411516e-01,-2.383791866217861710e-01
7.321464292858571588e-01,-2.383385492320219123e-01
7.341468293658731659e-01,-2.382980736074890027e-01
7.361472294458891730e-01,-2.382577586376861123e-01
7.381476295259051801e-01,-2.382176032223500828e-01
7.401480296059211872e-01,-2.381776062708807762e-01
7.421484296859371943e-01,-2.381377667027482492e-01
7.441488297659532014e-01,-2.380980834466545071e-01
7.461492298459692085e-01,-2.380585554411758786e-01
7.481496299259852156e-01,-2.380191816343184275e-01
7.501500300060012227e-01,-2.379799609834181706e-01
7.521504300860172298e-01,-2.379408924551521531e-01
7.541508301660332370e-01,-2.379019750253505150e-01
7.561512302460492441e-01,-2.378632076790974381e-01
7.581516303260652512e-01,-2.378245894102810620e-01
7.601520304060812583e-01,-2.377861192219976050e-01
7.621524304860972654e-01,-2.377477961259710504e-01
7.641528305661132725e-01,-2.377096191428773597e-01
7.661532306461292796e-01,-2.376715873019558389e-01
7.681536307261451757e-01,-2.376336996411062275e-01
7.701540308061611828e-01,-2.375959552067791747e-01
7.721544308861771899e-01,-2.375583530537430932e-01
7.741548309661931970e-01,-2.375208922453552196e-01
7.761552310462092041e-01,-2.374835718529549611e-01
7.781556311262252112e-01,-2.374463909563736541e-01
7.801560312062412184e-01,-2.374093486433074829e-01
7.821564312862572255e-01,-2.373724440096311172e-01
7.841568313662732326e-01,-2.373356761592184672e-01
7.861572314462892397e-01,-2.372990442037004044e-01
7.881576315263052468e-01,-2.372625472626417042e-01
7.901580316063212539e-01,-2.372261844633105909e-01
7.921584316863372610e-01,-2.371899549405767915e-01
7.941588317663532681e-01,-2.371538578369416506e-01
7.961592318463692752e-01,-2.371178923025096807e-01
7.981596319263852823e-01,-2.370820574946681247e-01
8.001600320064012895e-01,-2.370463525782732783e-01
8.021604320864172966e-01,-2.370107767254627240e-01
8.041608321664333037e-01,-2.369753291156136699e-01
8.061612322464493108e-01,-2.369400089352168837e-01
8.081616323264653179e-01,-2.369048153779501620e-01
8.101620324064813250e-01,-2.368697476445232042e-01
8.121624324864973321e-01,-2.368348049423924240e-01
8.141628325665133392e-01,-2.367999864861700110e-01
8.161632326465293463e-01,-2.367652914971398737e-01
8.181636327265453534e-01,-2.367307192033937246e-01
8.201640328065613605e-01,-2.366962688397463155e-01
8.221644328865773677e-01,-2.366619396475466430e-01
8.241648329665933748e-01,-2.366277308748027386e-01
8.261652330466092709e-01,-2.365936417760866051e-01
8.281656331266252780e-01,-2.365596716121430299e-01
8.301660332066412851e-01,-2.365258196504091692e-01
8.321664332866572922e-01,-2.364920851644772559e-01
8.341668333666732993e-01,-2.364584674342558590e-01
8.361672334466893064e-01,-2.364249657458192821e-01
8.381676335267053135e-01,-2.363915793913209107e-01
8.401680336067213206e-01,-2.363583076691732898e-01
8.421684336867373277e-01,-2.363251498836518028e-01
8.441688337667533348e-01,-2.362921053450790232e-01
8.461692338467693419e-01,-2.362591733695666996e-01
8.481696339267853491e-01,-2.362263532793024146e-01
8.501700340068013562e-01,-2.361936444020158732e-01
8.521704340868173633e-01,-2.361610460714152759e-01
8.541708341668333704e-01,-2.361285576267162234e-01
8.561712342468493775e-01,-2.360961784127863783e-01
8.581716343268653846e-01,-2.360639077801795493e-01
8.601720344068813917e-01,-2.360317450848572474e-01
8.621724344868973988e-01,-2.359996896883784778e-01
8.641728345669134059e-01,-2.359677409576504126e-01
8.661732346469294130e-01,-2.359358982648443737e-01
8.681736347269454201e-01,-2.359041609876931511e-01
8.701740348069614273e-01,-2.358725285088096590e-01
8.721744348869774344e-01,-2.358410002166126396e-01
8.741748349669934415e-01,-2.358095755040843233e-01
8.761752350470094486e-01,-2.357782537697073189e-01
8.781756351270254557e-01,-2.357470344167983123e-01
8.801760352070414628e-01,-2.357159168539500194e-01
8.821764352870573589e-01,-2.356849004944938375e-01
8.841768353670733660e-01,-2.356539847567983570e-01
8.861772354470893731e-01,-2.356231690641281129e-01
8.881776355271053802e-01,-2.355924528444764132e-01
8.901780356071213873e-01,-2.355618355307587120e-01
8.921784356871373944e-01,-2.355313165605113224e-01
8.941788357671534015e-01,-2.355008953760736601e-01
8.961792358471694087e-01,-2.354705714243130465e-01
8.981796359271854158e-01,-2.354403441568649336e-01
9.001800360072014229e-01,-2.354102130297421880e-01
9.021804360872174300e-01,-2.353801775036573063e-01
9.041808361672334371e-01,-2.353502370436665880e-01
9.061812362472494442e-01,-2.353203911193677556e-01
9.081816363272654513e-01,-2.352906392046559825e-01
9.101820364072814584e-01,-2.352609807778218709e-01
9.121824364872974655e-01,-2.352314153215029902e-01
9.141828365673134726e-01,-2.352019423224918637e-01
9.161832366473294798e-01,-2.351725612719891556e-01
9.181836367273454869e-01,-2.351432716652047950e-01
9.201840368073614940e-01,-2.351140730016670621e-01
9.221844368873775011e-01,-2.350849647848386459e-01
9.241848369673935082e-01,-2.350559465224112965e-01
9.261852370474095153e-01,-2.350270177259292659e-01
9.281856371274255224e-01,-2.349981779112494951e-01
9.301860372074415295e-01,-2.349694265977242125e-01
9.321864372874575366e-01,-2.349407633090932201e-01
9.341868373674735437e-01,-2.349121875726747632e-01
9.361872374474895508e-01,-2.348836989197334579e-01
9.381876375275055580e-01,-2.348552968853900580e-01
9.401880376075214540e-01,-2.348269810084941678e-01
9.421884376875374612e-01,-2.347987508315340643e-01
9.441888377675534683e-01,-2.347706059008732582e-01
9.461892378475694754e-01,-2.347425457665298643e-01
9.481896379275854825e-01,-2.347145699820065712e-01
9.501900380076014896e-01,-2.346866781044227857e-01
9.521904380876174967e-01,-2.346588696947491670e-01
9.541908381676335038e-01,-2.346311443171182620e-01
9.561912382476495109e-01,-2.346035015394355994e-01
9.581916383276655180e-01,-2.345759409328916634e-01
9.601920384076815251e-01,-2.345484620721407232e-01
9.621924384876975322e-01,-2.345210645353583423e-01
9.641928385677135394e-01,-2.344937479040441475e-01
9.661932386477295465e-01,-2.344665117628366158e-01
9.681936387277455536e-01,-2.344393557000455097e-01
9.701940388077615607e-01,-2.344122793070113342e-01
9.721944388877775678e-01,-2.343852821783219964e-01
9.741948389677935749e-01,-2.343583639118667905e-01
9.761952390478095820e-01,-2.343315241085991152e-01
9.781956391278255891e-01,-2.343047623728796991e-01
9.801960392078415962e-01,-2.342780783118925403e-01
9.821964392878576033e-01,-2.342514715361289357e-01
9.841968393678736104e-01,-2.342249416590654609e-01
9.861972394478896176e-01,-2.341984882971560322e-01
9.881976395279056247e-01,-2.341721110700178132e-01
9.901980396079216318e-01,-2.341458096002521361e-01
9.921984396879376389e-01,-2.341195835130495395e-01
9.941988397679536460e-01,-2.340934324371146680e-01
9.961992398479695421e-01,-2.340673560035724243e-01
9.981996399279855492e-01,-2.340413538466744880e-01
1.000200040008001556e+00,-2.340154256034385483e-01
1.002200440088017563e+00,-2.339895709136303736e-01
1.004200840168033571e+00,-2.339637894200491675e-01
1.006201240248049578e+00,-2.339380807679023178e-01
1.008201640328065585e+00,-2.339124446054837991e-01
1.010202040408081592e+00,-2.338868805836188669e-01
1.012202440488097599e+00,-2.338613883558189055e-01
1.014202840568113606e+00,-2.338359675783253100e-01
1.016203240648129613e+00,-2.338106179100989390e-01
1.018203640728145620e+00,-2.337853390125014807e-01
1.020204040808161627e+00,-2.337601305495953519e-01
1.022204440888177635e+00,-2.337349921881023695e-01
1.024204840968193642e+00,-2.337099235971953071e-01
1.026205241048209649e+00,-2.336849244485680044e-01
1.028205641128225656e+00,-2.336599944163895437e-01
1.030206041208241663e+00,-2.336351331774195739e-01
1.032206441288257670e+00,-2.336103404107745252e-01
1.034206841368273677e+00,-2.335856157980277514e-01
1.036207241448289684e+00,-2.335609590230720289e-01
1.038207641528305691e+00,-2.335363697723767118e-01
1.040208041608321698e+00,-2.335118477345996812e-01
1.042208441688337706e+00,-2.334873926008336764e-01
1.044208841768353713e+00,-2.334630040644168070e-01
1.046209241848369720e+00,-2.334386818210966996e-01
1.048209641928385727e+00,-2.334144255688198333e-01
1.050210042008401734e+00,-2.333902350076932919e-01
1.052210442088417741e+00,-2.333661098402890766e-01
1.054210842168433748e+00,-2.333420497712747343e-01
1.056211242248449755e+00,-2.333180545073882672e-01
1.058211642328465762e+00,-2.332941237578688987e-01
1.060212042408481770e+00,-2.332702572337637947e-01
1.062212442488497777e+00,-2.332464546483675460e-01
1.064212842568513784e+00,-2.332227157172171439e-01
1.066213242648529791e+00,-2.331990401578225014e-01
1.068213642728545798e+00,-2.331754276897877731e-01
1.070214042808561805e+00,-2.331518780347670017e-01
1.072214442888577812e+00,-2.331283909164935664e-01
1.074214842968593819e+00,-2.331049660606684393e-01
1.076215243048609826e+00,-2.330816031950716793e-01
1.078215643128625834e+00,-2.330583020494235713e-01
1.080216043208641841e+00,-2.330350623553466838e-01
1.082216443288657626e+00,-2.330118838465276843e-01
1.084216843368673633e+00,-2.329887662584585739e-01
1.086217243448689640e+00,-2.329657093286745251e-01
1.088217643528705647e+00,-2.329427127965099653e-01
1.090218043608721654e+00,-2.329197764032643614e-01
1.092218443688737661e+00,-2.328968998919778988e-01
1.094218843768753668e+00,-2.328740830076184987e-01
1.096219243848769676e+00,-2.328513254969231117e-01
1.098219643928785683e+00,-2.328286271085708847e-01
1.100220044008801690e+00,-2.328059875929180955e-01
1.102220444088817697e+00,-2.327834067020223274e-01
1.104220844168833704e+00,-2.327608841899030945e-01
1.106221244248849711e+00,9.591689116109654023e+00
1.108221644328865718e+00,1.070458691158774656e+01
1.110222044408881725e+00,1.160746899886505545e+01
1.112222444488897732e+00,1.233830105975858871e+01
1.114222844568913739e+00,1.292810607851617100e+01
1.116223244648929747e+00,1.340229425432667654e+01
1.118223644728945754e+00,1.378171769812536773e+01
1.120224044808961761e+00,1.408351281118515352e+01
1.122224444888977768e+00,1.432177740259966114e+01
1.124224844968993775e+00,1.450811800669265317e+01
1.126225245049009782e+00,1.465209437784548463e+01
1.128225645129025789e+00,1.476158190421065264e+01
1.130226045209041796e+00,1.484306805644298244e+01
1.132226445289057803e+00,1.490189552053429267e+01
1.134226845369073811e+00,1.494246203199023526e+01
1.136227245449089818e+00,1.496838490791754239e+01
1.138227645529105825e+00,1.498263670311046525e+01
1.140228045609121832e+00,1.498765718419494064e+01
1.142228445689137839e+00,1.498544583903937344e+01
1.144228845769153846e+00,1.497763835954099498e+01
1.146229245849169853e+00,1.496556990930821662e+01
1.148229645929185860e+00,1.495032748144776136e+01
1.150230046009201867e+00,1.493279324067167835e+01
1.152230446089217875e+00,1.491368040918443327e+01
1.154230846169233882e+00,1.489356298171537496e+01
1.156231246249249889e+00,1.487290033090602748e+01
1.158231646329265896e+00,1.485205757987325903e+01
1.160232046409281903e+00,1.483132246700388457e+01
1.162232446489297910e+00,1.481091930318053151e+01
1.164232846569313917e+00,1.479102051844119714e+01
1.166233246649329924e+00,1.477175620986110793e+01
1.168233646729345931e+00,1.475322203204065374e+01
1.170234046809361939e+00,1.473548571329217260e+01
1.172234446889377946e+00,1.471859243227637393e+01
1.174234846969393953e+00,1.470256924998869152e+01
1.176235247049409960e+00,1.468742875867861208e+01
1.178235647129425967e+00,1.467317208193797740e+01
1.180236047209441974e+00,1.465979133730893835e+01
1.182236447289457981e+00,1.464727165383470364e+01
1.184236847369473988e+00,1.463559282129682693e+01
1.186237247449489995e+00,1.462473063481642477e+01
1.188237647529506003e+00,1.461465798766363910e+01
1.190238047609522010e+00,1.460534575617271180e+01
1.192238447689538017e+00,1.459676351305637354e+01
1.194238847769554024e+00,1.458888009940112696e+01
1.196239247849569809e+00,1.458166408026520067e+01
1.198239647929585816e+00,1.457508410471260341e+01
1.200240048009601823e+00,1.456910918738425487e+01
1.202240448089617830e+00,1.456370892584225984e+01
1.204240848169633837e+00,1.455885366553025584e+01
1.206241248249649844e+00,1.455451462199343382e+01
1.208241648329665852e+00,1.455066396847595200e+01
1.210242048409681859e+00,1.454727489547025598e+01
1.212242448489697866e+00,1.454432164776875780e+01
1.214242848569713873e+00,1.454177954347071733e+01
1.216243248649729880e+00,1.453962497866705128e+01
1.218243648729745887e+00,1.453783542087494141e+01
1.220244048809761894e+00,1.453638939368911309e+01
1.222244448889777901e+00,1.453526645472022949e+01
1.224244848969793908e+00,1.453444716843733175e+01
1.226245249049809916e+00,1.453391307533639498e+01
1.228245649129825923e+00,1.453364665845673898e+01
1.230246049209841930e+00,1.453363130820279459e+01
1.232246449289857937e+00,1.453385128612889865e+01
1.234246849369873944e+00,1.453429168828803064e+01
1.236247249449889951e+00,1.453493840852434182e+01
1.238247649529905958e+00,1.453577810219890409e+01
1.240248049609921965e+00,1.453679815045202517e+01
1.242248449689937972e+00,1.453798662533430530e+01
1.244248849769953980e+00,1.453933225590127876e+01
1.246249249849969987e+00,1.454082439540807670e+01
1.248249649929985994e+00,1.454245298966406885e+01
1.250250050010002001e+00,1.454420854661470131e+01
1.252250450090018008e+00,1.454608210714569871e+01
1.254250850170034015e+00,1.454806521714524692e+01
1.256251250250050022e+00,1.455014990083809323e+01
1.258251650330066029e+00,1.455232863530290643e+01
1.260252050410082036e+00,1.455459432625711891e+01
1.262252450490098044e+00,1.455694028493584469e+01
1.264252850570114051e+00,1.455936020621385474e+01
1.266253250650130058e+00,1.456184814772351288e+01
1.268253650730146065e+00,1.456439851008930653e+01
1.270254050810162072e+00,1.456700601821442653e+01
1.272254450890178079e+00,1.456966570347468704e+01
1.274254850970194086e+00,1.457237288686267540e+01
1.276255251050210093e+00,1.457512316305787081e+01
1.278255651130226100e+00,1.457791238531699562e+01
1.280256051210242108e+00,1.458073665118145001e+01
1.282256451290258115e+00,1.458359228894435233e+01
1.284256851370274122e+00,1.458647584486327986e+01
1.286257251450290129e+00,1.458938407105669377e+01
1.288257651530306136e+00,1.459231391405273293e+01
1.290258051610322143e+00,1.459526250397409264e+01
1.292258451690338150e+00,1.459822714431015100e+01
1.294258851770354157e+00,1.460120530224314273e+01
1.296259251850370164e+00,1.460419459951501686e+01
1.298259651930386172e+00,1.460719280377837670e+01
1.300260052010402179e+00,1.461019782045214122e+01
1.302260452090418186e+00,1.461320768497461486e+01
1.304260852170434193e+00,1.461622055554905053e+01
1.306261252250450200e+00,1.461923470622557275e+01
1.308261652330466207e+00,1.462224852043236822e+01
1.310262052410481992e+00,1.462526048478276763e+01
1.312262452490497999e+00,1.462826918329007775e+01
1.314262852570514006e+00,1.463127329187773107e+01
1.316263252650530013e+00,1.463427157319073935e+01
1.318263652730546021e+00,1.463726287168179496e+01
1.320264052810562028e+00,1.464024610903359225e+01
1.322264452890578035e+00,1.464322027970432138e+01
1.324264852970594042e+00,1.464618444688711030e+01
1.326265253050610049e+00,1.464913773853587209e+01
1.328265653130626056e+00,1.465207934371831300e+01
1.330266053210642063e+00,1.465500850913405451e+01
1.332266453290658070e+00,1.465792453579993015e+01
1.334266853370674077e+00,1.466082677597820627e+01
1.336267253450690085e+00,1.466371463020313648e+01
1.338267653530706092e+00,1.466658754454163116e+01
1.340268053610722099e+00,1.466944500796019213e+01
1.342268453690738106e+00,1.467228654984728209e+01
1.344268853770754113e+00,1.467511173768980015e+01
1.346269253850770120e+00,1.467792017485172629e+01
1.348269653930786127e+00,1.468071149850361934e+01
1.350270054010802134e+00,1.468348537764749118e+01
1.352270454090818141e+00,1.468624151124959276e+01
1.354270854170834149e+00,1.468897962650219391e+01
1.356271254250850156e+00,1.469169947715229085e+01
1.358271654330866163e+00,1.469440084193144358e+01
1.360272054410882170e+00,1.469708352308732380e+01
1.362272454490898177e+00,1.469974734499623636e+01
1.364272854570914184e+00,1.470239215279930178e+01
1.366273254650930191e+00,1.470501781122524498e+01
1.368273654730946198e+00,1.470762420334851939e+01
1.370274054810962205e+00,1.471021122952305760e+01
1.372274454890978213e+00,1.471277880630158563e+01
1.374274854970994220e+00,1.471532686547880964e+01
1.376275255051010227e+00,1.471785535312231730e+01
1.378275655131026234e+00,1.472036422872475825e+01
1.380276055211042241e+00,1.472285346433298869e+01
1.382276455291058248e+00,1.472532304379716628e+01
1.384276855371074255e+00,1.472777296200885644e+01
1.386277255451090262e+00,1.473020322418669359e+01
1.388277655531106269e+00,1.473261384526106532e+01
1.390278055611122277e+00,1.473500484920089448e+01
1.392278455691138284e+00,1.473737626844206972e+01
1.394278855771154291e+00,1.473972814334458192e+01
1.396279255851170298e+00,1.474206052166396930e+01
1.398279655931186305e+00,1.474437345802545352e+01
1.400280056011202312e+00,1.474666701350546738e+01
1.402280456091218319e+00,1.474894125514580878e+01
1.404280856171234326e+00,1.475119625558874148e+01
1.406281256251250333e+00,1.475343209262687871e+01
1.408281656331266340e+00,1.475564884887474726e+01
1.410282056411282348e+00,1.475784661141480747e+01
1.412282456491298355e+00,1.476002547145180444e+01
1.414282856571314362e+00,1.476218552402249884e+01
1.416283256651330369e+00,1.476432686769002522e+01
1.418283656731346376e+00,1.476644960427410425e+01
1.420284056811362383e+00,1.476855383860379867e+01
1.422284456891378390e+00,1.477063967823888113e+01
1.424284856971394175e+00,1.477270723327887225e+01
1.426285257051410182e+00,1.477475661612094626e+01
1.428285657131426190e+00,1.477678794126978623e+01
1.430286057211442197e+00,1.477880132513999811e+01
1.432286457291458204e+00,1.478079688587133944e+01
1.434286857371474211e+00,1.478277474316195139e+01
1.436287257451490218e+00,1.478473501810779389e+01
1.438287657531506225e+00,1.478667783305822958e+01
1.440288057611522232e+00,1.478860331146054108e+01
1.442288457691538239e+00,1.479051157773121794e+01
1.444288857771554246e+00,1.479240275715660680e+01
1.446289257851570254e+00,1.479427697572194411e+01
1.448289657931586261e+00,1.479613436004793670e+01
1.450290058011602268e+00,1.479797503726713792e+01
1.452290458091618275e+00,1.479979913492841170e+01
1.454290858171634282e+00,1.480160678089821502e+01
1.456291258251650289e+00,1.480339810331040518e+01
1.458291658331666296e+00,1.480517323041590672e+01
1.460292058411682303e+00,1.480693229057628990e+01
1.462292458491698310e+00,1.480867541216846917e+01
1.464292858571714318e+00,1.481040272349797426e+01
1.466293258651730325e+00,1.481211435277110589e+01
1.468293658731746332e+00,1.481381042800857273e+01
1.470294058811762339e+00,1.481549107700639745e+01
1.472294458891778346e+00,1.481715642728613069e+01
1.474294858971794353e+00,1.481880660605123268e+01
1.476295259051810360e+00,1.482044174010349202e+01
1.478295659131826367e+00,1.482206195587797204e+01
1.480296059211842374e+00,1.482366737932546741e+01
1.482296459291858381e+00,1.482525813592155295e+01
1.484296859371874389e+00,1.482683435063674615e+01
1.486297259451890396e+00,1.482839614788201033e+01
1.488297659531906403e+00,1.482994365148180727e+01
1.490298059611922410e+00,1.483147698467924336e+01
1.492298459691938417e+00,1.483299627006699772e+01
1.494298859771954424e+00,1.483450162960926022e+01
1.496299259851970431e+00,1.483599318458059280e+01
1.498299659931986438e+00,1.483747105557524115e+01
1.500300060012002445e+00,1.483893536247368061e+01
1.502300460092018453e+00,1.484038622443761213e+01
1.504300860172034460e+00,1.484182375988512703e+01
1.506301260252050467e+00,1.484324808649600413e+01
1.508301660332066474e+00,1.484465932116302156e+01
1.510302060412082481e+00,1.484605758002135545e+01
1.512302460492098488e+00,1.484744297841157312e+01
1.514302860572114495e+00,1.484881563089394874e+01
1.516303260652130502e+00,1.485017565121785310e+01
1.518303660732146509e+00,1.485152315232454789e+01
1.520304060812162517e+00,1.485285824633806939e+01
1.522304460892178524e+00,1.485418104457646749e+01
1.524304860972194531e+00,1.485549165750626166e+01
1.526305261052210538e+00,1.485679019479997010e+01
1.528305661132226545e+00,1.485807676527600840e+01
1.530306061212242552e+00,1.485935147691716196e+01
1.532306461292258559e+00,1.486061443689293782e+01
1.534306861372274566e+00,1.486186575150909839e+01
1.536307261452290351e+00,1.486310552624871306e+01
1.538307661532306359e+00,1.486433386575041915e+01
1.540308061612322366e+00,1.486555087382606288e+01
1.542308461692338373e+00,1.486675665342714936e+01
1.544308861772354380e+00,1.486795130668735965e+01
1.546309261852370387e+00,1.486913493490026639e+01
1.548309661932386394e+00,1.487030763851388748e+01
1.550310062012402401e+00,1.487146951717487298e+01
1.552310462092418408e+00,1.487262066965878837e+01
1.554310862172434415e+00,1.487376119393834095e+01
1.556311262252450422e+00,1.487489118715251024e+01
1.558311662332466430e+00,1.487601074563387016e+01
1.560312062412482437e+00,1.487711996486949140e+01
1.562312462492498444e+00,1.487821893956328978e+01
1.564312862572514451e+00,1.487930776358041207e+01
1.566313262652530458e+00,1.488038652998582911e+01
1.568313662732546465e+00,1.488145533106635376e+01
1.570314062812562472e+00,1.488251425825793639e+01
1.572314462892578479e+00,1.488356340224655661e+01
1.574314862972594486e+00,1.488460285291427354e+01
1.576315263052610494e+00,1.488563269934186373e+01
1.578315663132626501e+00,1.488665302985385175e+01
1.580316063212642508e+00,1.488766393197762916e+01
1.582316463292658515e+00,1.488866549247459758e+01
1.584316863372674522e+00,1.488965779734388128e+01
1.586317263452690529e+00,1.489064093182742354e+01
1.588317663532706536e+00,1.489161498038378006e+01
1.590318063612722543e+00,1.489258002675641457e+01
1.592318463692738550e+00,1.489353615391561370e+01
1.594318863772754558e+00,1.489448344409753844e+01
1.596319263852770565e+00,1.489542197880457230e+01
1.598319663932786572e+00,1.489635183881307157e+01
1.600320064012802579e+00,1.489727310416863126e+01
1.602320464092818586e+00,1.489818585418448826e+01
1.604320864172834593e+00,1.489909016748225845e+01
1.606321264252850600e+00,1.489998612196561467e+01
1.608321664332866607e+00,1.490087379482544883e+01
1.610322064412882614e+00,1.490175326257244137e+01
1.612322464492898622e+00,1.490262460100663056e+01
1.614322864572914629e+00,1.490348788524544332e+01
1.616323264652930636e+00,1.490434318974510575e+01
1.618323664732946643e+00,1.490519058824391863e+01
1.620324064812962650e+00,1.490603015385669572e+01
1.622324464892978657e+00,1.490686195899991162e+01
1.624324864972994664e+00,1.490768607544266011e+01
1.626325265053010671e+00,1.490850257429276304e+01
1.628325665133026678e+00,1.490931152601825893e+01
1.630326065213042686e+00,1.491011300044115373e+01
1.632326465293058693e+00,1.491090706674163791e+01
1.634326865373074700e+00,1.491169379346630564e+01
1.636327265453090707e+00,1.491247324854295542e+01
1.638327665533106714e+00,1.491324549927307430e+01
1.640328065613122721e+00,1.491401061232999048e+01
1.642328465693138728e+00,1.491476865378928629e+01
1.644328865773154735e+00,1.491551968912468062e+01
1.646329265853170742e+00,1.491626378319992519e+01
1.648329665933186750e+00,1.491700100027588149e+01
1.650330066013202535e+00,1.491773140403559772e+01
1.652330466093218542e+00,1.491845505757585677e+01
1.654330866173234549e+00,1.491917202340524362e+01
1.656331266253250556e+00,1.491988236346623431e+01
1.658331666333266563e+00,1.492058613912435483e+01
1.660332066413282570e+00,1.492128341118751855e+01
1.662332466493298577e+00,1.492197423989263960e+01
1.664332866573314584e+00,1.492265868492798120e+01
1.666333266653330591e+00,1.492333680544202856e+01
1.668333666733346599e+00,1.492400866001307058e+01
1.670334066813362606e+00,1.492467430670230755e+01
1.672334466893378613e+00,1.492533380302364776e+01
1.674334866973394620e+00,1.492598720596846817e+01
1.676335267053410627e+00,1.492663457199902766e+01
1.678335667133426634e+00,1.492727595703743759e+01
1.680336067213442641e+00,1.492791141652360132e+01
1.682336467293458648e+00,1.492854100536433393e+01
1.684336867373474655e+00,1.492916477796324415e+01
1.686337267453490663e+00,1.492978278822061000e+01
1.688337667533506670e+00,1.493039508953646255e+01
1.690338067613522677e+00,1.493100173482221749e+01
1.692338467693538684e+00,1.493160277650049750e+01
1.694338867773554691e+00,1.493219826650437376e+01
1.696339267853570698e+00,1.493278825628794593e+01
1.698339667933586705e+00,1.493337279683425045e+01
1.700340068013602712e+00,1.493395193864626869e+01
1.702340468093618719e+00,1.493452573176694820e+01
1.704340868173634727e+00,1.493509422577516688e+01
1.706341268253650734e+00,1.493565746978926256e+01
1.708341668333666741e+00,1.493621551246803669e+01
1.710342068413682748e+00,1.493676840203403522e+01
1.712342468493698755e+00,1.493731618624486046e+01
1.714342868573714762e+00,1.493785891243270747e+01
1.716343268653730769e+00,1.493839662748322361e+01
1.718343668733746776e+00,1.493892937785100195e+01
1.720344068813762783e+00,1.493945720956028644e+01
1.722344468893778791e+00,1.493998016819889685e+01
1.724344868973794798e+00,1.494049829894274239e+01
1.726345269053810805e+00,1.494101164655189606e+01
1.728345669133826812e+00,1.494152025537161066e+01
1.730346069213842819e+00,1.494202416932614597e+01
1.732346469293858826e+00,1.494252343193449306e+01
1.734346869373874833e+00,1.494301808633016471e+01
1.736347269453890840e+00,1.494350817522462016e+01
1.738347669533906847e+00,1.494399374094164479e+01
1.740348069613922855e+00,1.494447482541449723e+01
1.742348469693938862e+00,1.494495147019208936e+01
1.744348869773954869e+00,1.494542371643194656e+01
1.746349269853970876e+00,1.494589160490691704e+01
1.748349669933986883e+00,1.494635517602402430e+01
1.750350070014002890e+00,1.494681446980523631e+01
1.752350470094018897e+00,1.494726952590493951e+01
1.754350870174034904e+00,1.494772038360300037e+01
1.756351270254050911e+00,1.494816708183248721e+01
1.758351670334066918e+00,1.494860965915113660e+01
1.760352070414082926e+00,1.494904815376328067e+01
1.762352470494098933e+00,1.494948260352055591e+01
1.764352870574114718e+00,1.494991304591580139e+01
1.766353270654130725e+00,1.495033951810814798e+01
1.768353670734146732e+00,1.495076205690678073e+01
1.770354070814162739e+00,1.495118069876687628e+01
1.772354470894178746e+00,1.495159547982506787e+01
1.774354870974194753e+00,1.495200643587481082e+01
1.776355271054210760e+00,1.495241360236555472e+01
1.778355671134226768e+00,1.495281701444794464e+01
1.780356071214242775e+00,1.495321670691042826e+01
1.782356471294258782e+00,1.495361271424618543e+01
1.784356871374274789e+00,1.495400507062038997e+01
1.786357271454290796e+00,1.495439380987500755e+01
1.788357671534306803e+00,1.495477896554479713e+01
1.790358071614322810e+00,1.495516057085269246e+01
1.792358471694338817e+00,1.495553865871926291e+01
1.794358871774354824e+00,1.495591326174855240e+01
1.796359271854370832e+00,1.495628441224636873e+01
1.798359671934386839e+00,1.495665214221458150e+01
1.800360072014402846e+00,1.495701648337548306e+01
1.802360472094418853e+00,1.495737746714020666e+01
1.804360872174434860e+00,1.495773512463171251e+01
1.806361272254450867e+00,1.495808948668769922e+01
1.808361672334466874e+00,1.495844058385806719e+01
1.810362072414482881e+00,1.495878844640857430e+01
1.812362472494498888e+00,1.495913310432315058e+01
1.814362872574514896e+00,1.495947458732552171e+01
1.816363272654530903e+00,1.495981292482634473e+01
1.818363672734546910e+00,1.496014814600601639e+01
1.820364072814562917e+00,1.496048027973622752e+01
1.822364472894578924e+00,1.496080935465203687e+01
1.824364872974594931e+00,1.496113539909936385e+01
1.826365273054610938e+00,1.496145844118204948e+01
1.828365673134626945e+00,1.496177850872112636e+01
1.830366073214642952e+00,1.496209562929529113e+01
1.832366473294658960e+00,1.496240983022981652e+01
1.834366873374674967e+00,1.496272113858245945e+01
1.836367273454690974e+00,1.496302958116589998e+01
1.838367673534706981e+00,1.496333518455285372e+01
1.840368073614722988e+00,1.496363797505973281e+01
1.842368473694738995e+00,1.496393797875758302e+01
1.844368873774755002e+00,1.496423522149376062e+01
1.846369273854771009e+00,1.496452972884174848e+01
1.848369673934787016e+00,1.496482152617760697e+01
1.850370074014803023e+00,1.496511063860422297e+01
1.852370474094819031e+00,1.496539709102472138e+01
1.854370874174835038e+00,1.496568090809159735e+01
1.856371274254851045e+00,1.496596211422764000e+01
1.858371674334867052e+00,1.496624073364005447e+01
1.860372074414883059e+00,1.496651679031227644e+01
1.862372474494899066e+00,1.496679030799315413e+01
1.864372874574915073e+00,1.496706131021309005e+01
1.866373274654931080e+00,1.496732982030434300e+01
1.868373674734947087e+00,1.496759586135170750e+01
1.870374074814963095e+00,1.496785945625111580e+01
1.872374474894979102e+00,1.496812062767204132e+01
1.874374874974995109e+00,1.496837939808573736e+01
1.876375275055011116e+00,1.496863578973454523e+01
1.878375675135026901e+00,1.496888982467533857e+01
1.880376075215042908e+00,1.496914152475188686e+01
1.882376475295058915e+00,1.496939091160868252e+01
1.884376875375074922e+00,1.496963800669151823e+01
1.886377275455090929e+00,1.496988283123269348e+01
1.888377675535106937e+00,1.497012540627772736e+01
1.890378075615122944e+00,1.497036575268201020e+01
1.892378475695138951e+00,1.497060389109868161e+01
1.894378875775154958e+00,1.497083984199881002e+01
1.896379275855170965e+00,1.497107362565646405e+01
1.898379675935186972e+00,1.497130526215933344e+01
1.900380076015202979e+00,1.497153477139996092e+01
1.902380476095218986e+00,1.497176217310867230e+01
1.904380876175234993e+00,1.497198748680315994e+01
1.906381276255251001e+00,1.497221073185513873e+01
1.908381676335267008e+00,1.497243192742351070e+01
1.910382076415283015e+00,1.497265109251660498e+01
1.912382476495299022e+00,1.497286824593436094e+01
1.914382876575315029e+00,1.497308340634430301e+01
1.916383276655331036e+00,1.497329659219337472e+01
1.918383676735347043e+00,1.497350782179960405e+01
1.920384076815363050e+00,1.497371711329412136e+01
1.922384476895379057e+00,1.497392448463235048e+01
1.924384876975395064e+00,1.497412995361181842e+01
1.926385277055411072e+00,1.497433353787014099e+01
1.928385677135427079e+00,1.497453525486691284e+01
1.930386077215443086e+00,1.497473512190716072e+01
1.932386477295459093e+00,1.497493315614194209e+01
1.934386877375475100e+00,1.497512937455993765e+01
1.936387277455491107e+00,1.497532379397235047e+01
1.938387677535507114e+00,1.497551643107312991e+01
1.940388077615523121e+00,1.497570730236050984e+01
1.942388477695539128e+00,1.497589642421916523e+01
1.944388877775555136e+00,1.497608381285268209e+01
1.946389277855571143e+00,1.497626948431747351e+01
1.948389677935587150e+00,1.497645345453705623e+01
1.950390078015603157e+00,1.497663573927110647e+01
1.952390478095619164e+00,1.497681635414493861e+01
1.954390878175635171e+00,1.497699531462329503e+01
1.956391278255651178e+00,1.497717263605084703e+01
1.958391678335667185e+00,1.497734833360997087e+01
1.960392078415683192e+00,1.497752242235254627e+01
1.962392478495699200e+00,1.497769491717927082e+01
1.964392878575715207e+00,1.497786583287125239e+01
1.966393278655731214e+00,1.497803518405672563e+01
1.968393678735747221e+00,1.497820298523462768e+01
1.970394078815763228e+00,1.497836925077024794e+01
1.972394478895779235e+00,1.497853399488649018e+01
1.974394878975795242e+00,1.497869723169644907e+01
1.976395279055811249e+00,1.497885897514717612e+01
1.978395679135827256e+00,1.497901923909752675e+01
1.980396079215843264e+00,1.497917803724303631e+01
1.982396479295859271e+00,1.497933538317322721e+01
1.984396879375875278e+00,1.497949129034637927e+01
1.986397279455891285e+00,1.497964577208350612e+01
1.988397679535907292e+00,1.497979884160548458e+01
1.990398079615923299e+00,1.497995051199259109e+01
1.992398479695939084e+00,1.498010079621417034e+01
1.994398879775955091e+00,1.498024970711288795e+01
1.996399279855971098e+00,1.498039725740397721e+01
1.998399679935987105e+00,1.498054345970273005e+01
2.000400080016003113e+00,1.498068832650013960e+01
2.002400480096019120e+00,1.498083187017041240e+01
2.004400880176035127e+00,1.498097410297526189e+01
2.006401280256051134e+00,1.498111503704839897e+01
2.008401680336067141e+00,1.498125468444124486e+01
2.010402080416083148e+00,1.498139305705936586e+01
2.012402480496099155e+00,1.498153016672732285e+01
2.014402880576115162e+00,1.498166602513646595e+01
2.016403280656131169e+00,1.498180064388851029e+01
2.018403680736147177e+00,1.498193403446385119e+01
2.020404080816163184e+00,1.498206620824521984e+01
2.022404480896179191e+00,1.498219717650140126e+01
2.024404880976195198e+00,1.498232695040427309e+01
2.026405281056211205e+00,1.498245554102323673e+01
2.028405681136227212e+00,1.498258295931488249e+01
2.030406081216243219e+00,1.498270921614345852e+01
2.032406481296259226e+00,1.498283432226845413e+01
2.034406881376275233e+00,1.498295828835313692e+01
2.036407281456291241e+00,1.498308112495547917e+01
2.038407681536307248e+00,1.498320284254315737e+01
2.040408081616323255e+00,1.498332345148341105e+01
2.042408481696339262e+00,1.498344296204862758e+01
2.044408881776355269e+00,1.498356138440266783e+01
2.046409281856371276e+00,1.498367872864578665e+01
2.048409681936387283e+00,1.498379500474832504e+01
2.050410082016403290e+00,1.498391022261840888e+01
2.052410482096419297e+00,1.498402439205201020e+01
2.054410882176435305e+00,1.498413752275974531e+01
2.056411282256451312e+00,1.498424962436803654e+01
2.058411682336467319e+00,1.498436070642062390e+01
2.060412082416483326e+00,1.498447077834360641e+01
2.062412482496499333e+00,1.498457984950863953e+01
2.064412882576515340e+00,1.498468792917457115e+01
2.066413282656531347e+00,1.498479502653479578e+01
2.068413682736547354e+00,1.498490115068949358e+01
2.070414082816563361e+00,1.498500631063991229e+01
2.072414482896579369e+00,1.498511051533361993e+01
2.074414882976595376e+00,1.498521377361348783e+01
2.076415283056611383e+00,1.498531609425006828e+01
2.078415683136627390e+00,1.498541748591754441e+01
2.080416083216643397e+00,1.498551795722968016e+01
2.082416483296659404e+00,1.498561751670789910e+01
2.084416883376675411e+00,1.498571617280535762e+01
2.086417283456691418e+00,1.498581393387749827e+01
2.088417683536707425e+00,1.498591080822383503e+01
2.090418083616723433e+00,1.498600680405407815e+01
2.092418483696739440e+00,1.498610192950545006e+01
2.094418883776755447e+00,1.498619619264540148e+01
2.096419283856771454e+00,1.498628960144781352e+01
2.098419683936787461e+00,1.498638216383358213e+01
2.100420084016803468e+00,1.498647388764053545e+01
2.102420484096819475e+00,1.498656478064035724e+01
2.104420884176835482e+00,1.498665485052501545e+01
2.106421284256851489e+00,1.498674410491431530e+01
2.108421684336867497e+00,1.498683255136010573e+01
2.110422084416883504e+00,1.498692019735090319e+01
2.112422484496899511e+00,1.498700705029670566e+01
2.114422884576915518e+00,1.498709311753812123e+01
2.116423284656931525e+00,1.498717840636241405e+01
2.118423684736947532e+00,1.498726292397196325e+01
2.120424084816963539e+00,1.498734667750914618e+01
2.122424484896979546e+00,1.498742967404723991e+01
2.124424884976995553e+00,1.498751192059688186e+01
2.126425285057011560e+00,1.498759342411169015e+01
2.128425685137027568e+00,1.498767419146425794e+01
2.130426085217043575e+00,1.498775422947073288e+01
2.132426485297059582e+00,1.498783354488874409e+01
2.134426885377075589e+00,1.498791214440710640e+01
2.136427285457091596e+00,1.498799003466630708e+01
2.138427685537107603e+00,1.498806722222128407e+01
2.140428085617123610e+00,1.498814371357634734e+01
2.142428485697139617e+00,1.498821951518949014e+01
2.144428885777155624e+00,1.498829463344422663e+01
2.146429285857171632e+00,1.498836907466314372e+01
2.148429685937187639e+00,1.498844284511670999e+01
2.150430086017203646e+00,1.498851595101561962e+01
2.152430486097219653e+00,1.498858839852035452e+01
2.154430886177235660e+00,1.498866019371461000e+01
2.156431286257251667e+00,1.498873134265143037e+01
2.158431686337267674e+00,1.498880185130290776e+01
2.160432086417283681e+00,1.498887172559845737e+01
2.162432486497299244e+00,1.498894097142610704e+01
2.164432886577315251e+00,1.498900959458364390e+01
2.166433286657331259e+00,1.498907760085261387e+01
2.168433686737347266e+00,1.498914499593144534e+01
2.170434086817363273e+00,1.498921178548197375e+01
2.172434486897379280e+00,1.498927797511562687e+01
2.174434886977395287e+00,1.498934357038690024e+01
2.176435287057411294e+00,1.498940857679312799e+01
2.178435687137427301e+00,1.498947299978094883e+01
2.180436087217443308e+00,1.498953684476108350e+01
2.182436487297459315e+00,1.498960011707866080e+01
2.184436887377475323e+00,1.498966282203682177e+01
2.186437287457491330e+00,1.498972496489479944e+01
2.188437687537507337e+00,1.498978655084136768e+01
2.190438087617523344e+00,1.498984758503949166e+01
2.192438487697539351e+00,1.498990807260218716e+01
2.194438887777555358e+00,1.498996801857676964e+01
2.196439287857571365e+00,1.499002742798304766e+01
2.198439687937587372e+00,1.499008630578779133e+01
2.200440088017603379e+00,1.499014465691482556e+01
2.202440488097619387e+00,1.499020248623122775e+01
2.204440888177635394e+00,1.499025979857294821e+01
2.206441288257651401e+00,1.499031659872397881e+01
2.208441688337667408e+00,1.499037289142224871e+01
2.210442088417683415e+00,1.499042868136584872e+01
2.212442488497699422e+00,1.499048397320528103e+01
2.214442888577715429e+00,1.499053877155400905e+01
2.216443288657731436e+00,1.499059308097971943e+01
2.218443688737747443e+00,1.499064690600751426e+01
2.220444088817763451e+00,1.499070025111704396e+01
2.222444488897779458e+00,1.499075312074555555e+01
2.224444888977795465e+00,1.499080551930370753e+01
2.226445289057811472e+00,1.499085745114849644e+01
2.228445689137827479e+00,1.499090892059528990e+01
2.230446089217843486e+00,1.499095993192360510e+01
2.232446489297859493e+00,1.499101048936675618e+01
2.234446889377875500e+00,1.499106059714013739e+01
2.236447289457891507e+00,1.499111025938845998e+01
2.238447689537907515e+00,1.499115948024851441e+01
2.240448089617923522e+00,1.499120826379581750e+01
2.242448489697939529e+00,1.499125661407722632e+01
2.244448889777955536e+00,1.499130453510269056e+01
2.246449289857971543e+00,1.499135203084152224e+01
2.248449689937987550e+00,1.499139910523537544e+01
2.250450090018003557e+00,1.499144576217599578e+01
2.252450490098019564e+00,1.499149200552433925e+01
2.254450890178035571e+00,1.499153783911288507e+01
2.256451290258051579e+00,1.499158326672676189e+01
2.258451690338067586e+00,1.499162829212994374e+01
2.260452090418083593e+00,1.499167291903564347e+01
2.262452490498099600e+00,1.499171715113608983e+01
2.264452890578115607e+00,1.499176099207931934e+01
2.266453290658131614e+00,1.499180444548906266e+01
2.268453690738147621e+00,1.499184751493442747e+01
2.270454090818163628e+00,1.499189020398718064e+01
2.272454490898179635e+00,1.499193251616208222e+01
2.274454890978195643e+00,1.499197445492928615e+01
2.276455291058211650e+00,1.499201602376417419e+01
2.278455691138227657e+00,1.499205722607462121e+01
2.280456091218243664e+00,1.499209806525320232e+01
2.282456491298259671e+00,1.499213854466191442e+01
2.284456891378275678e+00,1.499217866762362839e+01
2.286457291458291685e+00,1.499221843743509552e+01
2.288457691538307692e+00,1.499225785737325012e+01
2.290458091618323699e+00,1.499229693066167002e+01
2.292458491698339706e+00,1.499233566051231392e+01
2.294458891778355714e+00,1.499237405009049695e+01
2.296459291858371721e+00,1.499241210255629397e+01
2.298459691938387728e+00,1.499244982102372425e+01
2.300460092018403735e+00,1.499248720857588779e+01
2.302460492098419742e+00,1.499252426828223328e+01
2.304460892178435749e+00,1.499256100316284446e+01
2.306461292258451756e+00,1.499259741623345654e+01
2.308461692338467763e+00,1.499263351045761716e+01
2.310462092418483770e+00,1.499266928878924965e+01
2.312462492498499778e+00,1.499270475415074166e+01
2.314462892578515785e+00,1.499273990943308732e+01
2.316463292658531792e+00,1.499277475750325017e+01
2.318463692738547799e+00,1.499280930119893718e+01
2.320464092818563806e+00,1.499284354334413649e+01
2.322464492898579813e+00,1.499287748671993370e+01
2.324464892978595820e+00,1.499291113407822884e+01
2.326465293058611827e+00,1.499294448817585668e+01
2.328465693138627834e+00,1.499297755170767488e+01
2.330466093218643842e+00,1.499301032736230432e+01
2.332466493298659849e+00,1.499304281780942816e+01
2.334466893378675856e+00,1.499307502567204864e+01
2.336467293458691863e+00,1.499310695357384304e+01
2.338467693538707870e+00,1.499313860409347399e+01
2.340468093618723877e+00,1.499316997980507438e+01
2.342468493698739884e+00,1.499320108323611400e+01
2.344468893778755891e+00,1.499323191691384949e+01
2.346469293858771898e+00,1.499326248332101130e+01
2.348469693938787906e+00,1.499329278493739537e+01
2.350470094018803913e+00,1.499332282420650841e+01
2.352470494098819920e+00,1.499335260355172572e+01
2.354470894178835927e+00,1.499338212537594472e+01
2.356471294258851934e+00,1.499341139205636964e+01
2.358471694338867941e+00,1.499344040594787408e+01
2.360472094418883948e+00,1.499346916939365215e+01
2.362472494498899955e+00,1.499349768470468369e+01
2.364472894578915962e+00,1.499352595417057898e+01
2.366473294658931970e+00,1.499355398006477991e+01
2.368473694738947977e+00,1.499358176463720227e+01
2.370474094818963984e+00,1.499360931011972475e+01
2.372474494898979991e+00,1.499363661872200026e+01
2.374474894978995998e+00,1.499366369263034748e+01
2.376475295059012005e+00,1.499369053400359242e+01
2.378475695139028012e+00,1.499371714500494690e+01
2.380476095219044019e+00,1.499374352775692820e+01
2.382476495299060026e+00,1.499376968436202873e+01
2.384476895379076034e+00,1.499379561690657781e+01
2.386477295459092041e+00,1.499382132747620844e+01
2.388477695539108048e+00,1.499384681810774289e+01
2.390478095619123611e+00,1.499387209084000183e+01
2.392478495699139618e+00,1.499389714768258308e+01
2.394478895779155625e+00,1.499392199061665565e+01
2.396479295859171632e+00,1.499394662163627601e+01
2.398479695939187639e+00,1.499397104268765091e+01
2.400480096019203646e+00,1.499399525571455349e+01
2.402480496099219653e+00,1.499401926263292317e+01
2.404480896179235661e+00,1.499404306535200426e+01
2.406481296259251668e+00,1.499406666575238489e+01
2.408481696339267675e+00,1.499409006569785241e+01
2.410482096419283682e+00,1.499411326705292069e+01
2.412482496499299689e+00,1.499413627163906604e+01
2.414482896579315696e+00,1.499415908127184416e+01
2.416483296659331703e+00,1.499418169775513121e+01
2.418483696739347710e+00,1.499420412286899484e+01
2.420484096819363717e+00,1.499422635838577733e+01
2.422484496899379725e+00,1.499424840605524700e+01
2.424484896979395732e+00,1.499427026760193371e+01
2.426485297059411739e+00,1.499429194475017724e+01
2.428485697139427746e+00,1.499431343919961179e+01
2.430486097219443753e+00,1.499433475264245885e+01
2.432486497299459760e+00,1.499435588673654429e+01
2.434486897379475767e+00,1.499437684315244645e+01
2.436487297459491774e+00,1.499439762351268079e+01
2.438487697539507781e+00,1.499441822945306413e+01
2.440488097619523788e+00,1.499443866258024372e+01
2.442488497699539796e+00,1.499445892449097784e+01
2.444488897779555803e+00,1.499447901675611483e+01
2.446489297859571810e+00,1.499449894094922797e+01
2.448489697939587817e+00,1.499451869862085474e+01
2.450490098019603824e+00,1.499453829130459503e+01
2.452490498099619831e+00,1.499455772051907054e+01
2.454490898179635838e+00,1.499457698777848513e+01
2.456491298259651845e+00,1.499459609456687126e+01
2.458491698339667852e+00,1.499461504237051912e+01
2.460492098419683860e+00,1.499463383265765870e+01
2.462492498499699867e+00,1.499465246688311382e+01
2.464492898579715874e+00,1.499467094647234511e+01
2.466493298659731881e+00,1.499468927287008313e+01
2.468493698739747888e+00,1.499470744746883000e+01
2.470494098819763895e+00,1.499472547168879011e+01
2.472494498899779902e+00,1.499474334689834798e+01
2.474494898979795909e+00,1.499476107447867612e+01
2.476495299059811916e+00,1.499477865579140001e+01
2.478495699139827924e+00,1.499479609218734844e+01
2.480496099219843931e+00,1.499481338499203531e+01
2.482496499299859938e+00,1.499483053554082090e+01
2.484496899379875945e+00,1.499484754513976448e+01
2.486497299459891952e+00,1.499486441508849133e+01
2.488497699539907959e+00,1.499488114667087402e+01
2.490498099619923966e+00,1.499489774116415930e+01
2.492498499699939973e+00,1.499491419983796980e+01
2.494498899779955980e+00,1.499493052393097692e+01
2.496499299859971988e+00,1.499494671469170370e+01
2.498499699939987995e+00,1.499496277334985805e+01
2.500500100020004002e+00,1.499497870111257392e+01
2.502500500100020009e+00,1.499499449919442284e+01
2.504500900180036016e+00,1.499501016879302462e+01
2.506501300260052023e+00,1.499502571108292948e+01
2.508501700340068030e+00,1.499504112723770888e+01
2.510502100420084037e+00,1.499505641843025039e+01
2.512502500500100044e+00,1.499507158579615940e+01
2.514502900580116052e+00,1.499508663048446522e+01
2.516503300660132059e+00,1.499510155361940988e+01
2.518503700740148066e+00,1.499511635632624795e+01
2.520504100820164073e+00,1.499513103971490224e+01
2.522504500900180080e+00,1.499514560487097903e+01
2.524504900980196087e+00,1.499516005289840415e+01
2.526505301060212094e+00,1.499517438486709686e+01
2.528505701140228101e+00,1.499518860184612201e+01
2.530506101220244108e+00,1.499520270490023499e+01
2.532506501300260116e+00,1.499521669506567001e+01
2.534506901380276123e+00,1.499523057339095367e+01
2.536507301460292130e+00,1.499524434090433722e+01
2.538507701540308137e+00,1.499525799861933528e+01
2.540508101620324144e+00,1.499527154755878833e+01
2.542508501700340151e+00,1.499528498870836124e+01
2.544508901780356158e+00,1.499529832307331034e+01
2.546509301860372165e+00,1.499531155162110707e+01
2.548509701940388172e+00,1.499532467533900970e+01
2.550510102020404180e+00,1.499533769518100357e+01
2.552510502100420187e+00,1.499535061211436116e+01
2.554510902180436194e+00,1.499536342707501468e+01
2.556511302260452201e+00,1.499537614100591654e+01
2.558511702340468208e+00,1.499538875482639888e+01
2.560512102420484215e+00,1.499540126947101193e+01
2.562512502500500222e+00,1.499541368584534240e+01
2.564512902580516229e+00,1.499542600485442456e+01
2.566513302660532236e+00,1.499543822738266385e+01
2.568513702740548243e+00,1.499545035433867568e+01
2.570514102820564251e+00,1.499546238658344954e+01
2.572514502900580258e+00,1.499547432498597566e+01
2.574514902980596265e+00,1.499548617041707743e+01
2.576515303060612272e+00,1.499549792373022328e+01
2.578515703140628279e+00,1.499550958577060911e+01
2.580516103220644286e+00,1.499552115737627211e+01
2.582516503300660293e+00,1.499553263937362146e+01
2.584516903380676300e+00,1.499554403259301516e+01
2.586517303460692307e+00,1.499555533785029837e+01
2.588517703540708315e+00,1.499556655595373300e+01
2.590518103620724322e+00,1.499557768769289723e+01
2.592518503700740329e+00,1.499558873386954794e+01
2.594518903780756336e+00,1.499559969527440551e+01
2.596519303860772343e+00,1.499561057267235142e+01
2.598519703940788350e+00,1.499562136684535396e+01
2.600520104020804357e+00,1.499563207855337943e+01
2.602520504100820364e+00,1.499564270855455028e+01
2.604520904180836371e+00,1.499565325760033474e+01
2.606521304260852379e+00,1.499566372642785694e+01
2.608521704340868386e+00,1.499567411577093523e+01
2.610522104420884393e+00,1.499568442637058396e+01
2.612522504500900400e+00,1.499569465895236142e+01
2.614522904580916407e+00,1.499570481421244850e+01
2.616523304660932414e+00,1.499571489287594694e+01
2.618523704740947977e+00,1.499572489563255928e+01
2.620524104820963984e+00,1.499573482319436302e+01
2.622524504900979991e+00,1.499574467624206342e+01
2.624524904980995998e+00,1.499575445545571917e+01
2.626525305061012006e+00,1.499576416151796288e+01
2.628525705141028013e+00,1.499577379509918273e+01
2.630526105221044020e+00,1.499578335686408082e+01
2.632526505301060027e+00,1.499579284746387309e+01
2.634526905381076034e+00,1.499580226755644574e+01
2.636527305461092041e+00,1.499581161779561533e+01
2.638527705541108048e+00,1.499582089880885505e+01
2.640528105621124055e+00,1.499583011123638343e+01
2.642528505701140062e+00,1.499583925570137488e+01
2.644528905781156070e+00,1.499584833283034158e+01
2.646529305861172077e+00,1.499585734324959319e+01
2.648529705941188084e+00,1.499586628754799023e+01
2.650530106021204091e+00,1.499587516635117623e+01
2.652530506101220098e+00,1.499588398025120206e+01
2.654530906181236105e+00,1.499589272983824983e+01
2.656531306261252112e+00,1.499590141570830681e+01
2.658531706341268119e+00,1.499591003844245307e+01
2.660532106421284126e+00,1.499591859861185128e+01
2.662532506501300134e+00,1.499592709680312730e+01
2.664532906581316141e+00,1.499593553356615772e+01
2.666533306661332148e+00,1.499594390947828515e+01
2.668533706741348155e+00,1.499595222508582459e+01
2.670534106821364162e+00,1.499596048095163958e+01
2.672534506901380169e+00,1.499596867760748253e+01
2.674534906981396176e+00,1.499597681560574003e+01
2.676535307061412183e+00,1.499598489547700098e+01
2.678535707141428190e+00,1.499599291775215981e+01
2.680536107221444198e+00,1.499600088296195288e+01
2.682536507301460205e+00,1.499600879163574518e+01
2.684536907381476212e+00,1.499601664427046188e+01
2.686537307461492219e+00,1.499602444139529211e+01
2.688537707541508226e+00,1.499603218350398315e+01
2.690538107621524233e+00,1.499603987110857695e+01
2.692538507701540240e+00,1.499604750470929737e+01
2.694538907781556247e+00,1.499605508478327387e+01
2.696539307861572254e+00,1.499606261184030487e+01
2.698539707941588262e+00,1.499607008635219252e+01
2.700540108021604269e+00,1.499607750880528556e+01
2.702540508101620276e+00,1.499608487966228765e+01
2.704540908181636283e+00,1.499609219940849236e+01
2.706541308261652290e+00,1.499609946850230102e+01
2.708541708341668297e+00,1.499610668740783481e+01
2.710542108421684304e+00,1.499611385658489127e+01
2.712542508501700311e+00,1.499612097648414277e+01
2.714542908581716318e+00,1.499612804755278894e+01
2.716543308661732326e+00,1.499613507024009174e+01
2.718543708741748333e+00,1.499614204499162540e+01
2.720544108821764340e+00,1.499614897223726828e+01
2.722544508901780347e+00,1.499615585240873195e+01
2.724544908981796354e+00,1.499616268594023616e+01
2.726545309061812361e+00,1.499616947325854888e+01
2.728545709141828368e+00,1.499617621477599805e+01
2.730546109221844375e+00,1.499618291092330225e+01
2.732546509301860382e+00,1.499618956210326104e+01
2.734546909381876389e+00,1.499619616872111472e+01
2.736547309461892397e+00,1.499620273119181846e+01
2.738547709541908404e+00,1.499620924991844362e+01
2.740548109621924411e+00,1.499621572529418856e+01
2.742548509701940418e+00,1.499622215771307765e+01
2.744548909781956425e+00,1.499622854757082635e+01
2.746549309861972432e+00,1.499623489524376119e+01
2.748549709941988439e+00,1.499624120112882508e+01
2.750550110022004446e+00,1.499624746559995536e+01
2.752550510102020453e+00,1.499625368903685541e+01
2.754550910182036461e+00,1.499625987181034681e+01
2.756551310262052468e+00,1.499626601428375139e+01
2.758551710342068475e+00,1.499627211683196215e+01
2.760552110422084482e+00,1.499627817982352695e+01
2.762552510502100489e+00,1.499628420360234493e+01
2.764552910582116496e+00,1.499629018852565743e+01
2.766553310662132503e+00,1.499629613496685110e+01
2.768553710742148510e+00,1.499630204325009686e+01
2.770554110822164517e+00,1.499630791373887995e+01
2.772554510902180525e+00,1.499631374677274920e+01
2.774554910982196532e+00,1.499631954268398992e+01
2.776555311062212539e+00,1.499632530181185430e+01
2.778555711142228546e+00,1.499633102450271771e+01
2.780556111222244553e+00,1.499633671107299016e+01
2.782556511302260560e+00,1.499634236185179148e+01
2.784556911382276567e+00,1.499634797717357593e+01
2.786557311462292574e+00,1.499635355734367614e+01
2.788557711542308581e+00,1.499635910269577721e+01
2.790558111622324589e+00,1.499636461353499861e+01
2.792558511702340596e+00,1.499637009018289824e+01
2.794558911782356603e+00,1.499637553293988113e+01
2.796559311862372610e+00,1.499638094212270190e+01
2.798559711942388617e+00,1.499638631802949895e+01
2.800560112022404624e+00,1.499639166095580478e+01
2.802560512102420631e+00,1.499639697120949045e+01
2.804560912182436638e+00,1.499640224908939246e+01
2.806561312262452645e+00,1.499640749487421587e+01
2.808561712342468653e+00,1.499641270886915478e+01
2.810562112422484660e+00,1.499641789135385395e+01
2.812562512502500667e+00,1.499642304260885339e+01
2.814562912582516674e+00,1.499642816292787906e+01
2.816563312662532681e+00,1.499643325258101356e+01
2.818563712742548688e+00,1.499643831184686960e+01
2.820564112822564695e+00,1.499644334100556797e+01
2.822564512902580702e+00,1.499644834031991536e+01
2.824564912982596709e+00,1.499645331007198124e+01
2.826565313062612717e+00,1.499645825051951853e+01
2.828565713142628724e+00,1.499646316192739093e+01
2.830566113222644731e+00,1.499646804456063798e+01
2.832566513302660738e+00,1.499647289867533573e+01
2.834566913382676745e+00,1.499647772452889427e+01
2.836567313462692752e+00,1.499648252237910206e+01
2.838567713542708759e+00,1.499648729247764578e+01
2.840568113622724766e+00,1.499649203507219219e+01
2.842568513702740773e+00,1.499649675041538721e+01
2.844568913782756781e+00,1.499650143875009256e+01
2.846569313862772344e+00,1.499650610031781994e+01
2.848569713942788351e+00,1.499651073535710566e+01
2.850570114022804358e+00,1.499651534411300169e+01
2.852570514102820365e+00,1.499651992682037793e+01
2.854570914182836372e+00,1.499652448371433877e+01
2.856571314262852379e+00,1.499652901502086344e+01
2.858571714342868386e+00,1.499653352097580594e+01
2.860572114422884393e+00,1.499653800180742458e+01
2.862572514502900400e+00,1.499654245773064964e+01
2.864572914582916408e+00,1.499654688898889887e+01
2.866573314662932415e+00,1.499655129578867729e+01
2.868573714742948422e+00,1.499655567835564440e+01
2.870574114822964429e+00,1.499656003690393469e+01
2.872574514902980436e+00,1.499656437164550660e+01
2.874574914982996443e+00,1.499656868280612088e+01
2.876575315063012450e+00,1.499657297058440264e+01
2.878575715143028457e+00,1.499657723520536656e+01
2.880576115223044464e+00,1.499658147685532050e+01
2.882576515303060471e+00,1.499658569575715994e+01
2.884576915383076479e+00,1.499658989211198801e+01
2.886577315463092486e+00,1.499659406611525725e+01
2.888577715543108493e+00,1.499659821797039960e+01
2.890578115623124500e+00,1.499660234787439528e+01
2.892578515703140507e+00,1.499660645602661546e+01
2.894578915783156514e+00,1.499661054262061555e+01
2.896579315863172521e+00,1.499661460785341482e+01
2.898579715943188528e+00,1.499661865190614307e+01
2.900580116023204535e+00,1.499662267497457080e+01
2.902580516103220543e+00,1.499662667724888010e+01
2.904580916183236550e+00,1.499663065890094593e+01
2.906581316263252557e+00,1.499663462012566839e+01
2.908581716343268564e+00,1.499663856110882953e+01
2.910582116423284571e+00,1.499664248202412686e+01
2.912582516503300578e+00,1.499664638305003805e+01
2.914582916583316585e+00,1.499665026437345006e+01
2.916583316663332592e+00,1.499665412616063165e+01
2.918583716743348599e+00,1.499665796858324285e+01
2.920584116823364607e+00,1.499666179182461612e+01
2.922584516903380614e+00,1.499666559604722771e+01
2.924584916983396621e+00,1.499666938142082806e+01
2.926585317063412628e+00,1.499667314811310881e+01
2.928585717143428635e+00,1.499667689629591827e+01
2.930586117223444642e+00,1.499668062612193431e+01
2.932586517303460649e+00,1.499668433776896492e+01
2.934586917383476656e+00,1.499668803139069340e+01
2.936587317463492663e+00,1.499669170714960664e+01
2.938587717543508671e+00,1.499669536519485824e+01
2.940588117623524678e+00,1.499669900569970338e+01
2.942588517703540685e+00,1.499670262881000404e+01
2.944588917783556692e+00,1.499670623467988584e+01
2.946589317863572699e+00,1.499670982346107628e+01
2.948589717943588706e+00,1.499671339531310110e+01
2.950590118023604713e+00,1.499671695037424790e+01
2.952590518103620720e+00,1.499672048880608344e+01
2.954590918183636727e+00,1.499672401074298200e+01
2.956591318263652735e+00,1.499672751634247092e+01
2.958591718343668742e+00,1.499673100573311224e+01
2.960592118423684749e+00,1.499673447908054591e+01
2.962592518503700756e+00,1.499673793650240228e+01
2.964592918583716763e+00,1.499674137815743968e+01
2.966593318663732770e+00,1.499674480418197398e+01
2.968593718743748777e+00,1.499674821470580888e+01
2.970594118823764784e+00,1.499675160986748601e+01
2.972594518903780791e+00,1.499675498981270039e+01
2.974594918983796799e+00,1.499675835466861074e+01
2.976595319063812806e+00,1.499676170455929025e+01
2.978595719143828813e+00,1.499676503963264906e+01
2.980596119223844820e+00,1.499676836000822000e+01
2.982596519303860827e+00,1.499677166582036669e+01
2.984596919383876834e+00,1.499677495718432674e+01
2.986597319463892841e+00,1.499677823424862488e+01
2.988597719543908848e+00,1.499678149712192798e+01
2.990598119623924855e+00,1.499678474593851263e+01
2.992598519703940863e+00,1.499678798082168640e+01
2.994598919783956870e+00,1.499679120188187476e+01
2.996599319863972877e+00,1.499679440925753937e+01
2.998599719943988884e+00,1.499679760305117604e+01
3.000600120024004891e+00,1.499680078339094891e+01
3.002600520104020898e+00,1.499680395039739089e+01
3.004600920184036905e+00,1.499680710418076757e+01
3.006601320264052912e+00,1.499681024486539727e+01
3.008601720344068919e+00,1.499681337255398894e+01
3.010602120424084926e+00,1.499681648736906503e+01
3.012602520504100934e+00,1.499681958941507354e+01
3.014602920584116941e+00,1.499682267880805142e+01
3.016603320664132948e+00,1.499682575566048115e+01
3.018603720744148955e+00,1.499682882008532481e+01
3.020604120824164962e+00,1.499683187218101388e+01
3.022604520904180969e+00,1.499683491205468400e+01
3.024604920984196976e+00,1.499683793982190672e+01
3.026605321064212983e+00,1.499684095558331798e+01
3.028605721144228990e+00,1.499684395944443338e+01
3.030606121224244998e+00,1.499684695151337266e+01
3.032606521304261005e+00,1.499684993187500481e+01
3.034606921384277012e+00,1.499685290064984322e+01
3.036607321464293019e+00,1.499685585793054621e+01
3.038607721544309026e+00,1.499685880381713687e+01
3.040608121624325033e+00,1.499686173840806980e+01
3.042608521704341040e+00,1.499686466180108013e+01
3.044608921784357047e+00,1.499686757409181048e+01
3.046609321864373054e+00,1.499687047538063034e+01
3.048609721944389062e+00,1.499687336576393371e+01
3.050610122024405069e+00,1.499687624532842811e+01
3.052610522104421076e+00,1.499687911417233011e+01
3.054610922184437083e+00,1.499688197238923770e+01
3.056611322264453090e+00,1.499688482006471446e+01
3.058611722344469097e+00,1.499688765729667139e+01
3.060612122424485104e+00,1.499689048416977499e+01
3.062612522504501111e+00,1.499689330078112626e+01
3.064612922584517118e+00,1.499689610720977306e+01
3.066613322664533126e+00,1.499689890354383337e+01
3.068613722744549133e+00,1.499690168987995520e+01
3.070614122824565140e+00,1.499690446629067431e+01
3.072614522904580703e+00,1.499690723287265293e+01
3.074614922984596710e+00,1.499690998970386246e+01
3.076615323064612717e+00,1.499691273686574533e+01
3.078615723144628724e+00,1.499691547444968975e+01
3.080616123224644731e+00,1.499691820253057628e+01
3.082616523304660738e+00,1.499692092119415321e+01
3.084616923384676745e+00,1.499692363051014432e+01
3.086617323464692753e+00,1.499692633057043700e+01
3.088617723544708760e+00,1.499692902145375406e+01
3.090618123624724767e+00,1.499693170323098279e+01
3.092618523704740774e+00,1.499693437598489432e+01
3.094618923784756781e+00,1.499693703979195547e+01
3.096619323864772788e+00,1.499693969473129407e+01
3.098619723944788795e+00,1.499694234086504174e+01
3.100620124024804802e+00,1.499694497827819006e+01
3.102620524104820809e+00,1.499694760705174446e+01
3.104620924184836817e+00,1.499695022724585414e+01
3.106621324264852824e+00,1.499695283893448483e+01
3.108621724344868831e+00,1.499695544220325338e+01
3.110622124424884838e+00,1.499695803711150788e+01
3.112622524504900845e+00,1.499696062372587413e+01
3.114622924584916852e+00,1.499696320212613898e+01
3.116623324664932859e+00,1.499696577238282913e+01
3.118623724744948866e+00,1.499696833455473843e+01
3.120624124824964873e+00,1.499697088871935158e+01
3.122624524904980881e+00,1.499697343494008983e+01
3.124624924984996888e+00,1.499697597328044374e+01
3.126625325065012895e+00,1.499697850381487996e+01
3.128625725145028902e+00,1.499698102661013621e+01
3.130626125225044909e+00,1.499698354170962489e+01
3.132626525305060916e+00,1.499698604920255818e+01
3.134626925385076923e+00,1.499698854914096025e+01
3.136627325465092930e+00,1.499699104159687302e+01
3.138627725545108937e+00,1.499699352662397445e+01
3.140628125625124945e+00,1.499699600428661839e+01
3.142628525705140952e+00,1.499699847465509883e+01
3.144628925785156959e+00,1.499700093777398280e+01
3.146629325865172966e+00,1.499700339371431390e+01
3.148629725945188973e+00,1.499700584252979141e+01
3.150630126025204980e+00,1.499700828428913901e+01
3.152630526105220987e+00,1.499701071904723015e+01
3.154630926185236994e+00,1.499701314685846398e+01
3.156631326265253001e+00,1.499701556777935174e+01
3.158631726345269009e+00,1.499701798187131629e+01
3.160632126425285016e+00,1.499702038919593683e+01
3.162632526505301023e+00,1.499702278980233494e+01
3.164632926585317030e+00,1.499702518374087390e+01
3.166633326665333037e+00,1.499702757107822926e+01
3.168633726745349044e+00,1.499702995186429533e+01
3.170634126825365051e+00,1.499703232614418269e+01
3.172634526905381058e+00,1.499703469398665412e+01
3.174634926985397065e+00,1.499703705544092003e+01
3.176635327065413072e+00,1.499703941055098966e+01
3.178635727145429080e+00,1.499704175937410078e+01
3.180636127225445087e+00,1.499704410196273230e+01
3.182636527305461094e+00,1.499704643837055151e+01
3.184636927385477101e+00,1.499704876863746605e+01
3.186637327465493108e+00,1.499705109283183191e+01
3.188637727545509115e+00,1.499705341098768230e+01
3.190638127625525122e+00,1.499705572315929381e+01
3.192638527705541129e+00,1.499705802939606869e+01
3.194638927785557136e+00,1.499706032974152947e+01
3.196639327865573144e+00,1.499706262425008418e+01
3.198639727945589151e+00,1.499706491296692867e+01
3.200640128025605158e+00,1.499706719594656512e+01
3.202640528105621165e+00,1.499706947321709194e+01
3.204640928185637172e+00,1.499707174484304417e+01
3.206641328265653179e+00,1.499707401085957770e+01
3.208641728345669186e+00,1.499707627132007204e+01
3.210642128425685193e+00,1.499707852625837212e+01
3.212642528505701200e+00,1.499708077572677034e+01
3.214642928585717208e+00,1.499708301976824920e+01
3.216643328665733215e+00,1.499708525842831186e+01
3.218643728745749222e+00,1.499708749175061051e+01
3.220644128825765229e+00,1.499708971976583172e+01
3.222644528905781236e+00,1.499709194253106403e+01
3.224644928985797243e+00,1.499709416008390761e+01
3.226645329065813250e+00,1.499709637246797556e+01
3.228645729145829257e+00,1.499709857971827986e+01
3.230646129225845264e+00,1.499710078187919038e+01
3.232646529305861272e+00,1.499710297899819267e+01
3.234646929385877279e+00,1.499710517110282915e+01
3.236647329465893286e+00,1.499710735824334584e+01
3.238647729545909293e+00,1.499710954044733313e+01
3.240648129625925300e+00,1.499711171776679919e+01
3.242648529705941307e+00,1.499711389023783603e+01
3.244648929785957314e+00,1.499711605788822588e+01
3.246649329865973321e+00,1.499711822077766499e+01
3.248649729945989328e+00,1.499712037891303851e+01
3.250650130026005336e+00,1.499712253236064541e+01
3.252650530106021343e+00,1.499712468114555719e+01
3.254650930186037350e+00,1.499712682529661656e+01
3.256651330266053357e+00,1.499712896486527924e+01
3.258651730346069364e+00,1.499713109987996340e+01
3.260652130426085371e+00,1.499713323037738810e+01
3.262652530506101378e+00,1.499713535638473694e+01
3.264652930586117385e+00,1.499713747794849539e+01
3.266653330666133392e+00,1.499713959509730010e+01
3.268653730746149400e+00,1.499714170786764633e+01
3.270654130826165407e+00,1.499714381629394921e+01
3.272654530906181414e+00,1.499714592040918149e+01
3.274654930986197421e+00,1.499714802025164495e+01
3.276655331066213428e+00,1.499715011584037683e+01
3.278655731146229435e+00,1.499715220722230136e+01
3.280656131226245442e+00,1.499715429442797721e+01
3.282656531306261449e+00,1.499715637748007602e+01
3.284656931386277456e+00,1.499715845642197820e+01
3.286657331466293464e+00,1.499716053127842663e+01
3.288657731546309471e+00,1.499716260208319341e+01
3.290658131626325478e+00,1.499716466886765964e+01
3.292658531706341485e+00,1.499716673165786140e+01
3.294658931786357492e+00,1.499716879049183582e+01
3.296659331866373499e+00,1.499717084539548750e+01
3.298659731946389506e+00,1.499717289639862017e+01
3.300660132026405069e+00,1.499717494353281921e+01
3.302660532106421076e+00,1.499717698682602851e+01
3.304660932186437083e+00,1.499717902630414201e+01
3.306661332266453091e+00,1.499718106200256429e+01
3.308661732346469098e+00,1.499718309394358862e+01
3.310662132426485105e+00,1.499718512216246324e+01
3.312662532506501112e+00,1.499718714667849362e+01
3.314662932586517119e+00,1.499718916753042564e+01
3.316663332666533126e+00,1.499719118474105883e+01
3.318663732746549133e+00,1.499719319832838238e+01
3.320664132826565140e+00,1.499719520833057018e+01
3.322664532906581147e+00,1.499719721477383949e+01
3.324664932986597154e+00,1.499719921767967712e+01
3.326665333066613162e+00,1.499720121707907161e+01
3.328665733146629169e+00,1.499720321299245818e+01
3.330666133226645176e+00,1.499720520544917335e+01
3.332666533306661183e+00,1.499720719447636519e+01
3.334666933386677190e+00,1.499720918010093129e+01
3.336667333466693197e+00,1.499721116233810392e+01
3.338667733546709204e+00,1.499721314122099258e+01
3.340668133626725211e+00,1.499721511677153352e+01
3.342668533706741218e+00,1.499721708901987327e+01
3.344668933786757226e+00,1.499721905798307020e+01
3.346669333866773233e+00,1.499722102368527388e+01
3.348669733946789240e+00,1.499722298615025551e+01
3.350670134026805247e+00,1.499722494541193996e+01
3.352670534106821254e+00,1.499722690147771509e+01
3.354670934186837261e+00,1.499722885437956599e+01
3.356671334266853268e+00,1.499723080414193355e+01
3.358671734346869275e+00,1.499723275078897622e+01
3.360672134426885282e+00,1.499723469433470235e+01
3.362672534506901290e+00,1.499723663480388147e+01
3.364672934586917297e+00,1.499723857222352130e+01
3.366673334666933304e+00,1.499724050661094488e+01
3.368673734746949311e+00,1.499724243798649148e+01
3.370674134826965318e+00,1.499724436637939462e+01
3.372674534906981325e+00,1.499724629180602697e+01
3.374674934986997332e+00,1.499724821428843136e+01
3.376675335067013339e+00,1.499725013384440686e+01
3.378675735147029346e+00,1.499725205049191423e+01
3.380676135227045354e+00,1.499725396426490853e+01
3.382676535307061361e+00,1.499725587516898706e+01
3.384676935387077368e+00,1.499725778323601943e+01
3.386677335467093375e+00,1.499725968847211277e+01
3.388677735547109382e+00,1.499726159090868727e+01
3.390678135627125389e+00,1.499726349056560082e+01
3.392678535707141396e+00,1.499726538746075555e+01
3.394678935787157403e+00,1.499726728160336897e+01
3.396679335867173410e+00,1.499726917302718654e+01
3.398679735947189418e+00,1.499727106173989277e+01
3.400680136027205425e+00,1.499727294776789499e+01
3.402680536107221432e+00,1.499727483112421567e+01
3.404680936187237439e+00,1.499727671183054234e+01
3.406681336267253446e+00,1.499727858990271656e+01
3.408681736347269453e+00,1.499728046536202264e+01
3.410682136427285460e+00,1.499728233822219892e+01
3.412682536507301467e+00,1.499728420850859223e+01
3.414682936587317474e+00,1.499728607622616039e+01
3.416683336667333482e+00,1.499728794140654919e+01
3.418683736747349489e+00,1.499728980405040701e+01
3.420684136827365496e+00,1.499729166418958570e+01
3.422684536907381503e+00,1.499729352183787867e+01
3.424684936987397510e+00,1.499729537700937598e+01
3.426685337067413517e+00,1.499729722971896528e+01
3.428685737147429524e+00,1.499729907998575307e+01
3.430686137227445531e+00,1.499730092782584379e+01
3.432686537307461538e+00,1.499730277325622296e+01
3.434686937387477546e+00,1.499730461629082967e+01
3.436687337467493553e+00,1.499730645694956088e+01
3.438687737547509560e+00,1.499730829524320264e+01
3.440688137627525567e+00,1.499731013118768175e+01
3.442688537707541574e+00,1.499731196479961959e+01
3.444688937787557581e+00,1.499731379609609760e+01
3.446689337867573588e+00,1.499731562509062321e+01
3.448689737947589595e+00,1.499731745180383413e+01
3.450690138027605602e+00,1.499731927623990835e+01
3.452690538107621609e+00,1.499732109841658279e+01
3.454690938187637617e+00,1.499732291835825926e+01
3.456691338267653624e+00,1.499732473606672656e+01
3.458691738347669631e+00,1.499732655156630123e+01
3.460692138427685638e+00,1.499732836486485787e+01
3.462692538507701645e+00,1.499733017598041762e+01
3.464692938587717652e+00,1.499733198492024044e+01
3.466693338667733659e+00,1.499733379170715608e+01
3.468693738747749666e+00,1.499733559634185198e+01
3.470694138827765673e+00,1.499733739885495964e+01
3.472694538907781681e+00,1.499733919924982395e+01
3.474694938987797688e+00,1.499734099753777627e+01
3.476695339067813695e+00,1.499734279373890899e+01
3.478695739147829702e+00,1.499734458786384295e+01
3.480696139227845709e+00,1.499734637992309061e+01
3.482696539307861716e+00,1.499734816993268360e+01
3.484696939387877723e+00,1.499734995790546677e+01
3.486697339467893730e+00,1.499735174385525838e+01
3.488697739547909737e+00,1.499735352778612274e+01
3.490698139627925745e+00,1.499735530971074127e+01
3.492698539707941752e+00,1.499735708966262848e+01
3.494698939787957759e+00,1.499735886762328896e+01
3.496699339867973766e+00,1.499736064362688737e+01
3.498699739947989773e+00,1.499736241767862666e+01
3.500700140028005780e+00,1.499736418978825547e+01
3.502700540108021787e+00,1.499736595997530664e+01
3.504700940188037794e+00,1.499736772823481878e+01
3.506701340268053801e+00,1.499736949459447644e+01
3.508701740348069809e+00,1.499737125906070645e+01
3.510702140428085816e+00,1.499737302164733421e+01
3.512702540508101823e+00,1.499737478236031762e+01
3.514702940588117830e+00,1.499737654120924546e+01
3.516703340668133837e+00,1.499737829820785073e+01
3.518703740748149844e+00,1.499738005337303903e+01
3.520704140828165851e+00,1.499738180670586196e+01
3.522704540908181858e+00,1.499738355823198077e+01
3.524704940988197865e+00,1.499738530794374824e+01
3.526705341068213873e+00,1.499738705585808951e+01
3.528705741148229436e+00,1.499738880199859814e+01
3.530706141228245443e+00,1.499739054635208646e+01
3.532706541308261450e+00,1.499739228894665999e+01
3.534706941388277457e+00,1.499739402978198832e+01
3.536707341468293464e+00,1.499739576888206649e+01
3.538707741548309471e+00,1.499739750624491386e+01
3.540708141628325478e+00,1.499739924188213713e+01
3.542708541708341485e+00,1.499740097580247067e+01
3.544708941788357492e+00,1.499740270801530961e+01
3.546709341868373500e+00,1.499740443854074989e+01
3.548709741948389507e+00,1.499740616737899757e+01
3.550710142028405514e+00,1.499740789453368883e+01
3.552710542108421521e+00,1.499740962003080469e+01
3.554710942188437528e+00,1.499741134386676578e+01
3.556711342268453535e+00,1.499741306605216806e+01
3.558711742348469542e+00,1.499741478659947447e+01
3.560712142428485549e+00,1.499741650551923122e+01
3.562712542508501556e+00,1.499741822281443859e+01
3.564712942588517564e+00,1.499741993849623967e+01
3.566713342668533571e+00,1.499742165257757875e+01
3.568713742748549578e+00,1.499742336506148455e+01
3.570714142828565585e+00,1.499742507596054608e+01
3.572714542908581592e+00,1.499742678528391338e+01
3.574714942988597599e+00,1.499742849303580172e+01
3.576715343068613606e+00,1.499743019922605924e+01
3.578715743148629613e+00,1.499743190386348068e+01
3.580716143228645620e+00,1.499743360696059113e+01
3.582716543308661628e+00,1.499743530851463014e+01
3.584716943388677635e+00,1.499743700854991779e+01
3.586717343468693642e+00,1.499743870705940374e+01
3.588717743548709649e+00,1.499744040405690271e+01
3.590718143628725656e+00,1.499744209955106022e+01
3.592718543708741663e+00,1.499744379355024115e+01
3.594718943788757670e+00,1.499744548605969641e+01
3.596719343868773677e+00,1.499744717708682096e+01
3.598719743948789684e+00,1.499744886664923449e+01
3.600720144028805692e+00,1.499745055473432487e+01
3.602720544108821699e+00,1.499745224137121369e+01
3.604720944188837706e+00,1.499745392655291631e+01
3.606721344268853713e+00,1.499745561028876573e+01
3.608721744348869720e+00,1.499745729258931703e+01
3.610722144428885727e+00,1.499745897346607748e+01
3.612722544508901734e+00,1.499746065292091579e+01
3.614722944588917741e+00,1.499746233095355130e+01
3.616723344668933748e+00,1.499746400758744080e+01
3.618723744748949755e+00,1.499746568281567960e+01
3.620724144828965763e+00,1.499746735664721875e+01
3.622724544908981770e+00,1.499746902910210267e+01
3.624724944988997777e+00,1.499747070016895023e+01
3.626725345069013784e+00,1.499747236986201848e+01
3.628725745149029791e+00,1.499747403819215030e+01
3.630726145229045798e+00,1.499747570516117001e+01
3.632726545309061805e+00,1.499747737077402654e+01
3.634726945389077812e+00,1.499747903504593438e+01
3.636727345469093819e+00,1.499748069797476369e+01
3.638727745549109827e+00,1.499748235956731079e+01
3.640728145629125834e+00,1.499748401983274881e+01
3.642728545709141841e+00,1.499748567877745309e+01
3.644728945789157848e+00,1.499748733640579346e+01
3.646729345869173855e+00,1.499748899272769620e+01
3.648729745949189862e+00,1.499749064774144891e+01
3.650730146029205869e+00,1.499749230146086099e+01
3.652730546109221876e+00,1.499749395388641204e+01
3.654730946189237883e+00,1.499749560503108903e+01
3.656731346269253891e+00,1.499749725489344065e+01
3.658731746349269898e+00,1.499749890348107506e+01
3.660732146429285905e+00,1.499750055080305344e+01
3.662732546509301912e+00,1.499750219686293207e+01
3.664732946589317919e+00,1.499750384167185757e+01
3.666733346669333926e+00,1.499750548522077764e+01
3.668733746749349933e+00,1.499750712752816284e+01
3.670734146829365940e+00,1.499750876860130866e+01
3.672734546909381947e+00,1.499751040843199945e+01
3.674734946989397955e+00,1.499751204703999363e+01
3.676735347069413962e+00,1.499751368442171184e+01
3.678735747149429969e+00,1.499751532058428616e+01
3.680736147229445976e+00,1.499751695553655750e+01
3.682736547309461983e+00,1.499751858927803916e+01
3.684736947389477990e+00,1.499752022181940347e+01
3.686737347469493997e+00,1.499752185316905440e+01
3.688737747549510004e+00,1.499752348331382912e+01
3.690738147629526011e+00,1.499752511228042451e+01
3.692738547709542019e+00,1.499752674006517772e+01
3.694738947789558026e+00,1.499752836667405553e+01
3.696739347869574033e+00,1.499752999210494231e+01
3.698739747949590040e+00,1.499753161637021570e+01
3.700740148029606047e+00,1.499753323947848216e+01
3.702740548109622054e+00,1.499753486142671655e+01
3.704740948189638061e+00,1.499753648222400670e+01
3.706741348269654068e+00,1.499753810187216629e+01
3.708741748349670075e+00,1.499753972037390426e+01
3.710742148429686083e+00,1.499754133774206366e+01
3.712742548509702090e+00,1.499754295397528914e+01
3.714742948589718097e+00,1.499754456907308331e+01
3.716743348669734104e+00,1.499754618305151510e+01
3.718743748749750111e+00,1.499754779590788800e+01
3.720744148829766118e+00,1.499754940764547584e+01
3.722744548909782125e+00,1.499755101827295789e+01
3.724744948989798132e+00,1.499755262779610554e+01
3.726745349069814139e+00,1.499755423621728134e+01
3.728745749149830147e+00,1.499755584353543902e+01
3.730746149229846154e+00,1.499755744975696992e+01
3.732746549309862161e+00,1.499755905489308461e+01
3.734746949389878168e+00,1.499756065894232115e+01
3.736747349469894175e+00,1.499756226190463870e+01
3.738747749549910182e+00,1.499756386379602269e+01
3.740748149629926189e+00,1.499756546461411766e+01
3.742748549709942196e+00,1.499756706435559117e+01
3.744748949789958203e+00,1.499756866303588332e+01
3.746749349869974210e+00,1.499757026065527121e+01
3.748749749949990218e+00,1.499757185721263930e+01
3.750750150030006225e+00,1.499757345272032794e+01
3.752750550110022232e+00,1.499757504717651990e+01
3.754750950190038239e+00,1.499757664058842899e+01
3.756751350270053802e+00,1.499757823295352210e+01
3.758751750350069809e+00,1.499757982428322656e+01
3.760752150430085816e+00,1.499758141457523131e+01
3.762752550510101823e+00,1.499758300383670573e+01
3.764752950590117830e+00,1.499758459207252059e+01
3.766753350670133837e+00,1.499758617928389626e+01
3.768753750750149845e+00,1.499758776547627903e+01
3.770754150830165852e+00,1.499758935064926568e+01
3.772754550910181859e+00,1.499759093480911964e+01
3.774754950990197866e+00,1.499759251796004911e+01
3.776755351070213873e+00,1.499759410010111615e+01
3.778755751150229880e+00,1.499759568124468068e+01
3.780756151230245887e+00,1.499759726138680271e+01
3.782756551310261894e+00,1.499759884053551673e+01
3.784756951390277901e+00,1.499760041869059357e+01
3.786757351470293909e+00,1.499760199584532927e+01
3.788757751550309916e+00,1.499760357203055783e+01
3.790758151630325923e+00,1.499760514722633786e+01
3.792758551710341930e+00,1.499760672143699836e+01
3.794758951790357937e+00,1.499760829468158541e+01
3.796759351870373944e+00,1.499760986695120657e+01
3.798759751950389951e+00,1.499761143824681398e+01
3.800760152030405958e+00,1.499761300857190349e+01
3.802760552110421965e+00,1.499761457794380348e+01
3.804760952190437973e+00,1.499761614634607731e+01
3.806761352270453980e+00,1.499761771379677278e+01
3.808761752350469987e+00,1.499761928028570601e+01
3.810762152430485994e+00,1.499762084583260879e+01
3.812762552510502001e+00,1.499762241042647659e+01
3.814762952590518008e+00,1.499762397407796222e+01
3.816763352670534015e+00,1.499762553678447574e+01
3.818763752750550022e+00,1.499762709855646570e+01
3.820764152830566029e+00,1.499762865938577150e+01
3.822764552910582037e+00,1.499763021928334261e+01
3.824764952990598044e+00,1.499763177824709892e+01
3.826765353070614051e+00,1.499763333628911255e+01
3.828765753150630058e+00,1.499763489340028322e+01
3.830766153230646065e+00,1.499763644958784781e+01
3.832766553310662072e+00,1.499763800485472487e+01
3.834766953390678079e+00,1.499763955920983349e+01
3.836767353470694086e+00,1.499764111265039190e+01
3.838767753550710093e+00,1.499764266517618339e+01
3.840768153630726101e+00,1.499764421678944437e+01
3.842768553710742108e+00,1.499764576749752543e+01
3.844768953790758115e+00,1.499764731731304224e+01
3.846769353870774122e+00,1.499764886621609250e+01
3.848769753950790129e+00,1.499765041422107004e+01
3.850770154030806136e+00,1.499765196133426670e+01
3.852770554110822143e+00,1.499765350754868365e+01
3.854770954190838150e+00,1.499765505287365386e+01
3.856771354270854157e+00,1.499765659730784684e+01
3.858771754350870165e+00,1.499765814086576299e+01
3.860772154430886172e+00,1.499765968352713763e+01
3.862772554510902179e+00,1.499766122532160750e+01
3.864772954590918186e+00,1.499766276622461980e+01
3.866773354670934193e+00,1.499766430625247793e+01
3.868773754750950200e+00,1.499766584541549719e+01
3.870774154830966207e+00,1.499766738369631724e+01
3.872774554910982214e+00,1.499766892111414229e+01
3.874774954990998221e+00,1.499767045766167861e+01
3.876775355071014229e+00,1.499767199334487700e+01
3.878775755151030236e+00,1.499767352816820321e+01
3.880776155231046243e+00,1.499767506212916679e+01
3.882776555311062250e+00,1.499767659522890462e+01
3.884776955391078257e+00,1.499767812747300155e+01
3.886777355471094264e+00,1.499767965887149934e+01
3.888777755551110271e+00,1.499768118941234896e+01
3.890778155631126278e+00,1.499768271910063788e+01
3.892778555711142285e+00,1.499768424794747013e+01
3.894778955791158292e+00,1.499768577594399233e+01
3.896779355871174300e+00,1.499768730310558595e+01
3.898779755951190307e+00,1.499768882941849135e+01
3.900780156031206314e+00,1.499769035489443603e+01
3.902780556111222321e+00,1.499769187953483041e+01
3.904780956191238328e+00,1.499769340333960521e+01
3.906781356271254335e+00,1.499769492630895051e+01
3.908781756351270342e+00,1.499769644845138217e+01
3.910782156431286349e+00,1.499769796976800151e+01
3.912782556511302356e+00,1.499769949024905635e+01
3.914782956591318364e+00,1.499770100990974164e+01
3.916783356671334371e+00,1.499770252875029009e+01
3.918783756751350378e+00,1.499770404676317170e+01
3.920784156831366385e+00,1.499770556396496346e+01
3.922784556911382392e+00,1.499770708034535360e+01
3.924784956991398399e+00,1.499770859591252226e+01
3.926785357071414406e+00,1.499771011066755655e+01
3.928785757151430413e+00,1.499771162460855045e+01
3.930786157231446420e+00,1.499771313773932491e+01
3.932786557311462428e+00,1.499771465006065618e+01
3.934786957391478435e+00,1.499771616157657128e+01
3.936787357471494442e+00,1.499771767228905972e+01
3.938787757551510449e+00,1.499771918220472244e+01
3.940788157631526456e+00,1.499772069131601704e+01
3.942788557711542463e+00,1.499772219962694919e+01
3.944788957791558470e+00,1.499772370713978731e+01
3.946789357871574477e+00,1.499772521385875557e+01
3.948789757951590484e+00,1.499772671978595184e+01
3.950790158031606492e+00,1.499772822491277324e+01
3.952790558111622499e+00,1.499772972925494408e+01
3.954790958191638506e+00,1.499773123280970033e+01
3.956791358271654513e+00,1.499773273557597086e+01
3.958791758351670520e+00,1.499773423755313217e+01
3.960792158431686527e+00,1.499773573875482668e+01
3.962792558511702534e+00,1.499773723917058987e+01
3.964792958591718541e+00,1.499773873880706709e+01
3.966793358671734548e+00,1.499774023766046405e+01
3.968793758751750556e+00,1.499774173573815972e+01
3.970794158831766563e+00,1.499774323304322010e+01
3.972794558911782570e+00,1.499774472957002125e+01
3.974794958991798577e+00,1.499774622532432922e+01
3.976795359071814584e+00,1.499774772030716363e+01
3.978795759151830591e+00,1.499774921451832022e+01
3.980796159231846598e+00,1.499775070796872534e+01
3.982796559311862605e+00,1.499775220064807968e+01
3.984796959391878168e+00,1.499775369256277280e+01
3.986797359471894175e+00,1.499775518371358629e+01
3.988797759551910183e+00,1.499775667410165525e+01
3.990798159631926190e+00,1.499775816372795312e+01
3.992798559711942197e+00,1.499775965259916610e+01
3.994798959791958204e+00,1.499776114070948729e+01
3.996799359871974211e+00,1.499776262806282823e+01
3.998799759951990218e+00,1.499776411466066683e+01
4.000800160032006225e+00,1.499776560050547403e+01
4.002800560112022232e+00,1.499776708560003513e+01
4.004800960192038239e+00,1.499776856994045637e+01
4.006801360272054247e+00,1.499777005353760018e+01
4.008801760352070254e+00,1.499777153637383087e+01
4.010802160432086261e+00,1.499777301848008015e+01
4.012802560512102268e+00,1.499777449982506994e+01
4.014802960592118275e+00,1.499777598043995752e+01
4.016803360672134282e+00,1.499777746030661518e+01
4.018803760752150289e+00,1.499777893942968454e+01
4.020804160832166296e+00,1.499778041781371130e+01
4.022804560912182303e+00,1.499778189545918217e+01
4.024804960992198311e+00,1.499778337236358539e+01
4.026805361072214318e+00,1.499778484853924176e+01
4.028805761152230325e+00,1.499778632397361733e+01
4.030806161232246332e+00,1.499778779867671652e+01
4.032806561312262339e+00,1.499778927264211070e+01
4.034806961392278346e+00,1.499779074587534033e+01
4.036807361472294353e+00,1.499779221838525878e+01
4.038807761552310360e+00,1.499779369016286523e+01
4.040808161632326367e+00,1.499779516121754597e+01
4.042808561712342375e+00,1.499779663153858067e+01
4.044808961792358382e+00,1.499779810114138456e+01
4.046809361872374389e+00,1.499779957001288189e+01
4.048809761952390396e+00,1.499780103816341459e+01
4.050810162032406403e+00,1.499780250559310524e+01
4.052810562112422410e+00,1.499780397230193607e+01
4.054810962192438417e+00,1.499780543829221280e+01
4.056811362272454424e+00,1.499780690356026902e+01
4.058811762352470431e+00,1.499780836811855522e+01
4.060812162432486438e+00,1.499780983195398498e+01
4.062812562512502446e+00,1.499781129507343991e+01
4.064812962592518453e+00,1.499781275748525466e+01
4.066813362672534460e+00,1.499781421918100754e+01
4.068813762752550467e+00,1.499781568016662803e+01
4.070814162832566474e+00,1.499781714043512615e+01
4.072814562912582481e+00,1.499781860000131495e+01
4.074814962992598488e+00,1.499782005886144098e+01
4.076815363072614495e+00,1.499782151700343569e+01
4.078815763152630502e+00,1.499782297444696688e+01
4.080816163232646510e+00,1.499782443118501618e+01
4.082816563312662517e+00,1.499782588721637033e+01
4.084816963392678524e+00,1.499782734254239358e+01
4.086817363472694531e+00,1.499782879717285766e+01
4.088817763552710538e+00,1.499783025109907442e+01
4.090818163632726545e+00,1.499783170432167623e+01
4.092818563712742552e+00,1.499783315684402041e+01
4.094818963792758559e+00,1.499783460867303653e+01
4.096819363872774566e+00,1.499783605980090506e+01
4.098819763952790574e+00,1.499783751023596068e+01
4.100820164032806581e+00,1.499783895997521732e+01
4.102820564112822588e+00,1.499784040901735338e+01
4.104820964192838595e+00,1.499784185736771036e+01
4.106821364272854602e+00,1.499784330502522955e+01
4.108821764352870609e+00,1.499784475199504463e+01
4.110822164432886616e+00,1.499784619826908028e+01
4.112822564512902623e+00,1.499784764385111124e+01
4.114822964592918630e+00,1.499784908875224865e+01
4.116823364672934638e+00,1.499785053296125881e+01
4.118823764752950645e+00,1.499785197648681034e+01
4.120824164832966652e+00,1.499785341932562055e+01
4.122824564912982659e+00,1.499785486147482061e+01
4.124824964992998666e+00,1.499785630294407568e+01
4.126825365073014673e+00,1.499785774372718805e+01
4.128825765153030680e+00,1.499785918383141947e+01
4.130826165233046687e+00,1.499786062325260261e+01
4.132826565313062694e+00,1.499786206199273586e+01
4.134826965393078702e+00,1.499786350005462943e+01
4.136827365473094709e+00,1.499786493743806304e+01
4.138827765553110716e+00,1.499786637413766321e+01
4.140828165633126723e+00,1.499786781016893400e+01
4.142828565713142730e+00,1.499786924551495204e+01
4.144828965793158737e+00,1.499787068018700431e+01
4.146829365873174744e+00,1.499787211419333666e+01
4.148829765953190751e+00,1.499787354752070279e+01
4.150830166033206758e+00,1.499787498017646925e+01
4.152830566113222766e+00,1.499787641215480249e+01
4.154830966193238773e+00,1.499787784346356290e+01
4.156831366273254780e+00,1.499787927410121036e+01
4.158831766353270787e+00,1.499788070407780260e+01
4.160832166433286794e+00,1.499788213337829568e+01
4.162832566513302801e+00,1.499788356201181827e+01
4.164832966593318808e+00,1.499788498997288677e+01
4.166833366673334815e+00,1.499788641727409022e+01
4.168833766753350822e+00,1.499788784390777074e+01
4.170834166833366830e+00,1.499788926987476678e+01
4.172834566913382837e+00,1.499789069517559703e+01
4.174834966993398844e+00,1.499789211981317116e+01
4.176835367073414851e+00,1.499789354379560535e+01
4.178835767153430858e+00,1.499789496710925896e+01
4.180836167233446865e+00,1.499789638976539763e+01
4.182836567313462872e+00,1.499789781175786452e+01
4.184836967393478879e+00,1.499789923309562312e+01
4.186837367473494886e+00,1.499790065376929604e+01
4.188837767553510893e+00,1.499790207378244844e+01
4.190838167633526901e+00,1.499790349314510607e+01
4.192838567713542908e+00,1.499790491184710639e+01
4.194838967793558915e+00,1.499790632989455830e+01
4.196839367873574922e+00,1.499790774728819720e+01
4.198839767953590929e+00,1.499790916402869101e+01
4.200840168033606936e+00,1.499791058010722367e+01
4.202840568113622943e+00,1.499791199554023535e+01
4.204840968193638950e+00,1.499791341031530756e+01
4.206841368273654957e+00,1.499791482444006974e+01
4.208841768353670965e+00,1.499791623791271888e+01
4.210842168433686972e+00,1.499791765073081606e+01
4.212842568513702979e+00,1.499791906291145160e+01
4.214842968593718986e+00,1.499792047443142984e+01
4.216843368673734993e+00,1.499792188530586401e+01
4.218843768753751000e+00,1.499792329553595849e+01
4.220844168833767007e+00,1.499792470511981435e+01
4.222844568913783014e+00,1.499792611405116283e+01
4.224844968993799021e+00,1.499792752234161775e+01
4.226845369073815029e+00,1.499792892998368821e+01
4.228845769153831036e+00,1.499793033697990374e+01
4.230846169233847043e+00,1.499793174333890455e+01
4.232846569313863050e+00,1.499793314904857588e+01
4.234846969393879057e+00,1.499793455411756504e+01
4.236847369473895064e+00,1.499793595854751693e+01
4.238847769553911071e+00,1.499793736233646690e+01
4.240848169633927078e+00,1.499793876548003091e+01
4.242848569713943085e+00,1.499794016798817609e+01
4.244848969793959093e+00,1.499794156984634697e+01
4.246849369873975100e+00,1.499794297108207708e+01
4.248849769953991107e+00,1.499794437166808159e+01
4.250850170034007114e+00,1.499794577162219511e+01
4.252850570114023121e+00,1.499794717093788599e+01
4.254850970194039128e+00,1.499794856961545975e+01
4.256851370274055135e+00,1.499794996765541910e+01
4.258851770354071142e+00,1.499795136506200954e+01
4.260852170434087149e+00,1.499795276183657400e+01
4.262852570514103157e+00,1.499795415797509612e+01
4.264852970594119164e+00,1.499795555347862219e+01
4.266853370674135171e+00,1.499795694835561832e+01
4.268853770754151178e+00,1.499795834259245453e+01
4.270854170834167185e+00,1.499795973620358858e+01
4.272854570914183192e+00,1.499796112917696966e+01
4.274854970994199199e+00,1.499796252152249743e+01
4.276855371074215206e+00,1.499796391323904032e+01
4.278855771154231213e+00,1.499796530432943698e+01
4.280856171234247221e+00,1.499796669478101130e+01
4.282856571314263228e+00,1.499796808461627862e+01
4.284856971394279235e+00,1.499796947381660495e+01
4.286857371474295242e+00,1.499797086239365029e+01
4.288857771554311249e+00,1.499797225034197012e+01
4.290858171634327256e+00,1.499797363766685088e+01
4.292858571714343263e+00,1.499797502436512886e+01
4.294858971794359270e+00,1.499797641043427987e+01
4.296859371874375277e+00,1.499797779588763902e+01
4.298859771954391285e+00,1.499797918070779801e+01
4.300860172034407292e+00,1.499798056491026088e+01
4.302860572114423299e+00,1.499798194848787247e+01
4.304860972194439306e+00,1.499798333144381424e+01
4.306861372274455313e+00,1.499798471377757103e+01
4.308861772354471320e+00,1.499798609549153028e+01
4.310862172434487327e+00,1.499798747658265796e+01
4.312862572514503334e+00,1.499798885705720153e+01
4.314862972594519341e+00,1.499799023690869149e+01
4.316863372674535348e+00,1.499799161614075516e+01
4.318863772754551356e+00,1.499799299475569292e+01
4.320864172834567363e+00,1.499799437275425440e+01
4.322864572914583370e+00,1.499799575012985464e+01
4.324864972994598489e+00,1.499799712689027054e+01
4.326865373074614496e+00,1.499799850303351967e+01
4.328865773154630503e+00,1.499799987856191130e+01
4.330866173234646510e+00,1.499800125347482194e+01
4.332866573314662517e+00,1.499800262777742610e+01
4.334866973394678524e+00,1.499800400145877077e+01
4.336867373474694531e+00,1.499800537452464866e+01
4.338867773554710539e+00,1.499800674698085601e+01
4.340868173634726546e+00,1.499800811882147045e+01
4.342868573714742553e+00,1.499800949005442341e+01
4.344868973794758560e+00,1.499801086066773870e+01
4.346869373874774567e+00,1.499801223067373712e+01
4.348869773954790574e+00,1.499801360006798845e+01
4.350870174034806581e+00,1.499801496885271668e+01
4.352870574114822588e+00,1.499801633702479187e+01
4.354870974194838595e+00,1.499801770458886452e+01
4.356871374274854603e+00,1.499801907154001768e+01
4.358871774354870610e+00,1.499802043788647765e+01
4.360872174434886617e+00,1.499802180362669901e+01
4.362872574514902624e+00,1.499802316875032560e+01
4.364872974594918631e+00,1.499802453327486695e+01
4.366873374674934638e+00,1.499802589718833623e+01
4.368873774754950645e+00,1.499802726049391666e+01
4.370874174834966652e+00,1.499802862319569918e+01
4.372874574914982659e+00,1.499802998529157705e+01
4.374874974994998666e+00,1.499803134677944882e+01
4.376875375075014674e+00,1.499803270766599184e+01
4.378875775155030681e+00,1.499803406794781502e+01
4.380876175235046688e+00,1.499803542762597530e+01
4.382876575315062695e+00,1.499803678669567120e+01
4.384876975395078702e+00,1.499803814516561395e+01
4.386877375475094709e+00,1.499803950303711275e+01
4.388877775555110716e+00,1.499804086029459427e+01
4.390878175635126723e+00,1.499804221696421003e+01
4.392878575715142730e+00,1.499804357302942037e+01
4.394878975795158738e+00,1.499804492848721615e+01
4.396879375875174745e+00,1.499804628334718792e+01
4.398879775955190752e+00,1.499804763761158810e+01
4.400880176035206759e+00,1.499804899127064139e+01
4.402880576115222766e+00,1.499805034433552819e+01
4.404880976195238773e+00,1.499805169679848404e+01
4.406881376275254780e+00,1.499805304866658773e+01
4.408881776355270787e+00,1.499805439993413536e+01
4.410882176435286794e+00,1.499805575060054252e+01
4.412882576515302802e+00,1.499805710067292175e+01
4.414882976595318809e+00,1.499805845014734906e+01
4.416883376675334816e+00,1.499805979902796160e+01
4.418883776755350823e+00,1.499806114731395645e+01
4.420884176835366830e+00,1.499806249500225341e+01
4.422884576915382837e+00,1.499806384209903953e+01
4.424884976995398844e+00,1.499806518859426774e+01
4.426885377075414851e+00,1.499806653450169591e+01
4.428885777155430858e+00,1.499806787981266076e+01
4.430886177235446866e+00,1.499806922452980018e+01
4.432886577315462873e+00,1.499807056865706478e+01
4.434886977395478880e+00,1.499807191219004565e+01
4.436887377475494887e+00,1.499807325512478684e+01
4.438887777555510894e+00,1.499807459747146332e+01
4.440888177635526901e+00,1.499807593922883342e+01
4.442888577715542908e+00,1.499807728039564125e+01
4.444888977795558915e+00,1.499807862096636768e+01
4.446889377875574922e+00,1.499807996095188756e+01
4.448889777955590930e+00,1.499808130034936582e+01
4.450890178035606937e+00,1.499808263915545936e+01
4.452890578115622944e+00,1.499808397736683929e+01
4.454890978195638951e+00,1.499808531499765962e+01
4.456891378275654958e+00,1.499808665203472380e+01
4.458891778355670965e+00,1.499808798848152236e+01
4.460892178435686972e+00,1.499808932434734210e+01
4.462892578515702979e+00,1.499809065962019616e+01
4.464892978595718986e+00,1.499809199431334683e+01
4.466893378675734994e+00,1.499809332841927478e+01
4.468893778755751001e+00,1.499809466193330287e+01
4.470894178835767008e+00,1.499809599486870582e+01
4.472894578915783015e+00,1.499809732721477573e+01
4.474894978995799022e+00,1.499809865897514349e+01
4.476895379075815029e+00,1.499809999014828854e+01
4.478895779155831036e+00,1.499810132073881519e+01
4.480896179235847043e+00,1.499810265074479965e+01
4.482896579315863050e+00,1.499810398017238278e+01
4.484896979395879058e+00,1.499810530901514838e+01
4.486897379475895065e+00,1.499810663727406101e+01
4.488897779555911072e+00,1.499810796495098408e+01
4.490898179635927079e+00,1.499810929204550369e+01
4.492898579715943086e+00,1.499811061855393213e+01
4.494898979795959093e+00,1.499811194448722773e+01
4.496899379875975100e+00,1.499811326983926563e+01
4.498899779955991107e+00,1.499811459460650553e+01
4.500900180036007114e+00,1.499811591879930717e+01
4.502900580116023121e+00,1.499811724240351651e+01
4.504900980196039129e+00,1.499811856543738919e+01
4.506901380276055136e+00,1.499811988788595940e+01
4.508901780356071143e+00,1.499812120975890828e+01
4.510902180436087150e+00,1.499812253105065629e+01
4.512902580516103157e+00,1.499812385177310325e+01
4.514902980596119164e+00,1.499812517190315830e+01
4.516903380676135171e+00,1.499812649146545418e+01
4.518903780756151178e+00,1.499812781044851384e+01
4.520904180836167185e+00,1.499812912885200689e+01
4.522904580916183193e+00,1.499813044668707995e+01
4.524904980996199200e+00,1.499813176393977798e+01
4.526905381076215207e+00,1.499813308061455253e+01
4.528905781156231214e+00,1.499813439671917692e+01
4.530906181236247221e+00,1.499813571224611053e+01
4.532906581316263228e+00,1.499813702720048347e+01
4.534906981396279235e+00,1.499813834157667891e+01
4.536907381476295242e+00,1.499813965538398186e+01
4.538907781556311249e+00,1.499814096861420154e+01
4.540908181636327257e+00,1.499814228126857252e+01
4.542908581716343264e+00,1.499814359335336889e+01
4.544908981796359271e+00,1.499814490486332375e+01
4.546909381876375278e+00,1.499814621580311247e+01
4.548909781956391285e+00,1.499814752616980051e+01
4.550910182036407292e+00,1.499814883596604531e+01
4.552910582116423299e+00,1.499815014518984313e+01
4.554910982196439306e+00,1.499815145384143733e+01
4.556911382276455313e+00,1.499815276192515867e+01
4.558911782356471321e+00,1.499815406944373564e+01
4.560912182436487328e+00,1.499815537638245289e+01
4.562912582516503335e+00,1.499815668275670077e+01
4.564912982596519342e+00,1.499815798855463278e+01
4.566913382676535349e+00,1.499815929378874380e+01
4.568913782756551356e+00,1.499816059845187510e+01
4.570914182836567363e+00,1.499816190255009118e+01
4.572914582916583370e+00,1.499816320608337428e+01
4.574914982996599377e+00,1.499816450903884757e+01
4.576915383076615385e+00,1.499816581143294236e+01
4.578915783156631392e+00,1.499816711325748031e+01
4.580916183236647399e+00,1.499816841451777094e+01
4.582916583316663406e+00,1.499816971520985120e+01
4.584916983396679413e+00,1.499817101533575503e+01
4.586917383476695420e+00,1.499817231489366343e+01
4.588917783556711427e+00,1.499817361388887882e+01
4.590918183636727434e+00,1.499817491231803146e+01
4.592918583716743441e+00,1.499817621017978730e+01
4.594918983796759449e+00,1.499817750748210265e+01
4.596919383876775456e+00,1.499817880421665883e+01
4.598919783956791463e+00,1.499818010039273020e+01
4.600920184036807470e+00,1.499818139599654820e+01
4.602920584116823477e+00,1.499818269103472446e+01
4.604920984196839484e+00,1.499818398551813203e+01
4.606921384276855491e+00,1.499818527943610746e+01
4.608921784356871498e+00,1.499818657279168299e+01
4.610922184436887505e+00,1.499818786558106609e+01
4.612922584516903513e+00,1.499818915781445661e+01
4.614922984596919520e+00,1.499819044948352875e+01
4.616923384676935527e+00,1.499819174058982441e+01
4.618923784756951534e+00,1.499819303114016833e+01
4.620924184836967541e+00,1.499819432112361639e+01
4.622924584916983548e+00,1.499819561055026718e+01
4.624924984996999555e+00,1.499819689941447365e+01
4.626925385077015562e+00,1.499819818772325064e+01
4.628925785157031569e+00,1.499819947546579435e+01
4.630926185237047576e+00,1.499820076265498692e+01
4.632926585317063584e+00,1.499820204928167655e+01
4.634926985397079591e+00,1.499820333535360461e+01
4.636927385477095598e+00,1.499820462086210959e+01
4.638927785557111605e+00,1.499820590581503765e+01
4.640928185637127612e+00,1.499820719021119331e+01
4.642928585717143619e+00,1.499820847405398894e+01
4.644928985797159626e+00,1.499820975732740536e+01
4.646929385877175633e+00,1.499821104005834549e+01
4.648929785957191640e+00,1.499821232222544509e+01
4.650930186037207648e+00,1.499821360383193358e+01
4.652930586117223655e+00,1.499821488489167898e+01
4.654930986197239662e+00,1.499821616538890545e+01
4.656931386277255669e+00,1.499821744533051948e+01
4.658931786357271676e+00,1.499821872472391426e+01
4.660932186437287683e+00,1.499822000355603357e+01
4.662932586517303690e+00,1.499822128183174819e+01
4.664932986597319697e+00,1.499822255955865735e+01
4.666933386677335704e+00,1.499822383673284421e+01
4.668933786757351712e+00,1.499822511335037234e+01
4.670934186837367719e+00,1.499822638941080299e+01
4.672934586917383726e+00,1.499822766492198767e+01
4.674934986997399733e+00,1.499822893988048911e+01
4.676935387077415740e+00,1.499823021428907843e+01
4.678935787157431747e+00,1.499823148814672891e+01
4.680936187237447754e+00,1.499823276144964268e+01
4.682936587317463761e+00,1.499823403419229884e+01
4.684936987397479768e+00,1.499823530639376301e+01
4.686937387477495776e+00,1.499823657804280685e+01
4.688937787557511783e+00,1.499823784914131330e+01
4.690938187637527790e+00,1.499823911968709034e+01
4.692938587717543797e+00,1.499824038968306716e+01
4.694938987797559804e+00,1.499824165912755447e+01
4.696939387877575811e+00,1.499824292802328607e+01
4.698939787957591818e+00,1.499824419637296202e+01
4.700940188037607825e+00,1.499824546416801851e+01
4.702940588117623832e+00,1.499824673141602993e+01
4.704940988197639840e+00,1.499824799811941034e+01
4.706941388277655847e+00,1.499824926427009508e+01
4.708941788357671854e+00,1.499825052987364948e+01
4.710942188437687861e+00,1.499825179492289351e+01
4.712942588517703868e+00,1.499825305943826592e+01
4.714942988597719875e+00,1.499825432339597597e+01
4.716943388677735882e+00,1.499825558681060755e+01
4.718943788757751889e+00,1.499825684968046957e+01
4.720944188837767896e+00,1.499825811199921866e+01
4.722944588917783904e+00,1.499825937377106122e+01
4.724944988997799911e+00,1.499826063500212747e+01
4.726945389077815918e+00,1.499826189568258705e+01
4.728945789157831925e+00,1.499826315582361858e+01
4.730946189237847932e+00,1.499826441541650013e+01
4.732946589317863939e+00,1.499826567446130809e+01
4.734946989397879946e+00,1.499826693297070968e+01
4.736947389477895953e+00,1.499826819092745112e+01
4.738947789557911960e+00,1.499826944834534004e+01
4.740948189637927968e+00,1.499827070521523531e+01
4.742948589717943975e+00,1.499827196154656761e+01
4.744948989797959982e+00,1.499827321733285146e+01
4.746949389877975989e+00,1.499827447257151825e+01
4.748949789957991996e+00,1.499827572727099678e+01
4.750950190038008003e+00,1.499827698142747323e+01
4.752950590118024010e+00,1.499827823504517710e+01
4.754950990198040017e+00,1.499827948811482692e+01
4.756951390278056024e+00,1.499828074064932437e+01
4.758951790358072031e+00,1.499828199264286610e+01
4.760952190438088039e+00,1.499828324409075719e+01
4.762952590518104046e+00,1.499828449499569238e+01
4.764952990598120053e+00,1.499828574536813974e+01
4.766953390678136060e+00,1.499828699519294162e+01
4.768953790758152067e+00,1.499828824448204223e+01
4.770954190838168074e+00,1.499828949323035587e+01
4.772954590918184081e+00,1.499829074143763918e+01
4.774954990998200088e+00,1.499829198910719974e+01
4.776955391078216095e+00,1.499829323623993460e+01
4.778955791158232103e+00,1.499829448282943289e+01
4.780956191238247222e+00,1.499829572888661744e+01
4.782956591318263229e+00,1.499829697439799858e+01
4.784956991398279236e+00,1.499829821937931840e+01
4.786957391478295243e+00,1.499829946381733414e+01
4.788957791558311250e+00,1.499830070772306634e+01
4.790958191638327257e+00,1.499830195108347830e+01
4.792958591718343264e+00,1.499830319391022115e+01
4.794958991798359271e+00,1.499830443620423281e+01
4.796959391878375278e+00,1.499830567796481695e+01
4.798959791958391286e+00,1.499830691917759573e+01
4.800960192038407293e+00,1.499830815986654109e+01
4.802960592118423300e+00,1.499830940001172586e+01
4.804960992198439307e+00,1.499831063963030786e+01
4.806961392278455314e+00,1.499831187870229776e+01
4.808961792358471321e+00,1.499831311724421390e+01
4.810962192438487328e+00,1.499831435525372392e+01
4.812962592518503335e+00,1.499831559272657167e+01
4.814962992598519342e+00,1.499831682966526714e+01
4.816963392678535349e+00,1.499831806606655249e+01
4.818963792758551357e+00,1.499831930194400975e+01
4.820964192838567364e+00,1.499832053728421144e+01
4.822964592918583371e+00,1.499832177208932471e+01
4.824964992998599378e+00,1.499832300636090743e+01
4.826965393078615385e+00,1.499832424009809984e+01
4.828965793158631392e+00,1.499832547330562704e+01
4.830966193238647399e+00,1.499832670598451756e+01
4.832966593318663406e+00,1.499832793813108012e+01
4.834966993398679413e+00,1.499832916974405883e+01
4.836967393478695421e+00,1.499833040082865487e+01
4.838967793558711428e+00,1.499833163137692971e+01
4.840968193638727435e+00,1.499833286139595678e+01
4.842968593718743442e+00,1.499833409088470404e+01
4.844968993798759449e+00,1.499833531984407209e+01
4.846969393878775456e+00,1.499833654827374296e+01
4.848969793958791463e+00,1.499833777617414299e+01
4.850970194038807470e+00,1.499833900354120786e+01
4.852970594118823477e+00,1.499834023037930564e+01
4.854970994198839485e+00,1.499834145669168706e+01
4.856971394278855492e+00,1.499834268247410485e+01
4.858971794358871499e+00,1.499834390773527204e+01
4.860972194438887506e+00,1.499834513245506962e+01
4.862972594518903513e+00,1.499834635665506788e+01
4.864972994598919520e+00,1.499834758032278081e+01
4.866973394678935527e+00,1.499834880346821286e+01
4.868973794758951534e+00,1.499835002608248580e+01
4.870974194838967541e+00,1.499835124817224319e+01
4.872974594918983549e+00,1.499835246973196057e+01
4.874974994998999556e+00,1.499835369076981628e+01
4.876975395079015563e+00,1.499835491127540976e+01
4.878975795159031570e+00,1.499835613125472555e+01
4.880976195239047577e+00,1.499835735071393117e+01
4.882976595319063584e+00,1.499835856964586611e+01
4.884976995399079591e+00,1.499835978804948056e+01
4.886977395479095598e+00,1.499836100592881927e+01
4.888977795559111605e+00,1.499836222328540281e+01
4.890978195639127613e+00,1.499836344012122247e+01
4.892978595719143620e+00,1.499836465642306216e+01
4.894978995799159627e+00,1.499836587220423922e+01
4.896979395879175634e+00,1.499836708746205183e+01
4.898979795959191641e+00,1.499836830219757644e+01
4.900980196039207648e+00,1.499836951640781102e+01
4.902980596119223655e+00,1.499837073009550714e+01
4.904980996199239662e+00,1.499837194326169865e+01
4.906981396279255669e+00,1.499837315590045961e+01
4.908981796359271677e+00,1.499837436802491730e+01
4.910982196439287684e+00,1.499837557962212387e+01
4.912982596519303691e+00,1.499837679070243190e+01
4.914982996599319698e+00,1.499837800125168386e+01
4.916983396679335705e+00,1.499837921128129103e+01
4.918983796759351712e+00,1.499838042079158207e+01
4.920984196839367719e+00,1.499838162978547196e+01
4.922984596919383726e+00,1.499838283825037166e+01
4.924984996999399733e+00,1.499838404620310328e+01
4.926985397079415741e+00,1.499838525362944353e+01
4.928985797159431748e+00,1.499838646053791713e+01
4.930986197239447755e+00,1.499838766692577074e+01
4.932986597319463762e+00,1.499838887279627819e+01
4.934986997399479769e+00,1.499839007814757252e+01
4.936987397479495776e+00,1.499839128297930380e+01
4.938987797559511783e+00,1.499839248728954466e+01
4.940988197639527790e+00,1.499839369108836884e+01
4.942988597719543797e+00,1.499839489436091533e+01
4.944988997799559804e+00,1.499839609711772681e+01
4.946989397879575812e+00,1.499839729935900934e+01
4.948989797959591819e+00,1.499839850107800210e+01
4.950990198039607826e+00,1.499839970228520336e+01
4.952990598119623833e+00,1.499840090296824435e+01
4.954990998199639840e+00,1.499840210313494637e+01
4.956991398279655847e+00,1.499840330279248057e+01
4.958991798359671854e+00,1.499840450193190655e+01
4.960992198439687861e+00,1.499840570055004108e+01
4.962992598519703868e+00,1.499840689865324350e+01
4.964992998599719876e+00,1.499840809623860594e+01
4.966993398679735883e+00,1.499840929331235984e+01
4.968993798759751890e+00,1.499841048987039116e+01
4.970994198839767897e+00,1.499841168591792595e+01
4.972994598919783904e+00,1.499841288144279439e+01
4.974994998999799911e+00,1.499841407645392977e+01
4.976995399079815918e+00,1.499841527095344063e+01
4.978995799159831925e+00,1.499841646493256242e+01
4.980996199239847932e+00,1.499841765840601227e+01
4.982996599319863940e+00,1.499841885136260089e+01
4.984996999399879947e+00,1.499842004380722571e+01
4.986997399479895954e+00,1.499842123573544761e+01
4.988997799559911961e+00,1.499842242715311968e+01
4.990998199639927968e+00,1.499842361805436575e+01
4.992998599719943975e+00,1.499842480844596793e+01
4.994998999799959982e+00,1.499842599832690837e+01
4.996999399879975989e+00,1.499842718769385819e+01
4.998999799959991996e+00,1.499842837654593275e+01
5.001000200040008004e+00,1.499842956488440571e+01
5.003000600120024011e+00,1.499843075272024073e+01
5.005001000200040018e+00,1.499843194004320246e+01
5.007001400280056025e+00,1.499843312685273666e+01
5.009001800360072032e+00,1.499843431314798714e+01
5.011002200440088039e+00,1.499843549894016270e+01
5.013002600520104046e+00,1.499843668422020748e+01
5.015003000600120053e+00,1.499843786898927256e+01
5.017003400680136060e+00,1.499843905324831184e+01
5.019003800760152068e+00,1.499844023699655793e+01
5.021004200840168075e+00,1.499844142023783711e+01
5.023004600920184082e+00,1.499844260296398346e+01
5.025005001000200089e+00,1.499844378518541532e+01
5.027005401080216096e+00,1.499844496689542162e+01
5.029005801160232103e+00,1.499844614810418264e+01
5.031006201240248110e+00,1.499844732880056597e+01
5.033006601320264117e+00,1.499844850898725923e+01
5.035007001400280124e+00,1.499844968866649886e+01
5.037007401480296132e+00,1.499845086784149828e+01
5.039007801560312139e+00,1.499845204650748975e+01
5.041008201640328146e+00,1.499845322466945063e+01
5.043008601720344153e+00,1.499845440231895921e+01
5.045009001800360160e+00,1.499845557946322216e+01
5.047009401880376167e+00,1.499845675610725948e+01
5.049009801960392174e+00,1.499845793223425439e+01
5.051010202040408181e+00,1.499845910786316949e+01
5.053010602120424188e+00,1.499846028298508926e+01
5.055011002200440196e+00,1.499846145760319160e+01
5.057011402280456203e+00,1.499846263171444427e+01
5.059011802360472210e+00,1.499846380531969814e+01
5.061012202440488217e+00,1.499846497841847182e+01
5.063012602520504224e+00,1.499846615101646208e+01
5.065013002600520231e+00,1.499846732310970232e+01
5.067013402680536238e+00,1.499846849469316190e+01
5.069013802760552245e+00,1.499846966577554142e+01
5.071014202840568252e+00,1.499847083636040779e+01
5.073014602920584259e+00,1.499847200643979050e+01
5.075015003000600267e+00,1.499847317600708507e+01
5.077015403080616274e+00,1.499847434508002131e+01
5.079015803160632281e+00,1.499847551364501541e+01
5.081016203240648288e+00,1.499847668170809101e+01
5.083016603320664295e+00,1.499847784927119498e+01
5.085017003400680302e+00,1.499847901633310876e+01
5.087017403480696309e+00,1.499848018288965434e+01
5.089017803560712316e+00,1.499848134894369522e+01
5.091018203640728323e+00,1.499848251450698200e+01
5.093018603720744331e+00,1.499848367955915585e+01
5.095019003800760338e+00,1.499848484410764371e+01
5.097019403880776345e+00,1.499848600816004840e+01
5.099019803960792352e+00,1.499848717171695789e+01
5.101020204040808359e+00,1.499848833476438337e+01
5.103020604120824366e+00,1.499848949731549652e+01
5.105021004200840373e+00,1.499849065936559178e+01
5.107021404280856380e+00,1.499849182092099653e+01
5.109021804360872387e+00,1.499849298196993352e+01
5.111022204440888395e+00,1.499849414252165225e+01
5.113022604520904402e+00,1.499849530258088670e+01
5.115023004600920409e+00,1.499849646213401755e+01
5.117023404680936416e+00,1.499849762119027652e+01
5.119023804760952423e+00,1.499849877975211676e+01
5.121024204840968430e+00,1.499849993780712509e+01
5.123024604920984437e+00,1.499850109537088549e+01
5.125025005001000444e+00,1.499850225243878477e+01
5.127025405081016451e+00,1.499850340900399104e+01
5.129025805161032459e+00,1.499850456507706475e+01
5.131026205241048466e+00,1.499850572064479337e+01
5.133026605321064473e+00,1.499850687572458341e+01
5.135027005401080480e+00,1.499850803029970692e+01
5.137027405481096487e+00,1.499850918438304603e+01
5.139027805561112494e+00,1.499851033797330757e+01
5.141028205641128501e+00,1.499851149106518733e+01
5.143028605721144508e+00,1.499851264365891979e+01
5.145029005801160515e+00,1.499851379575724408e+01
5.147029405881176523e+00,1.499851494736215862e+01
5.149029805961192530e+00,1.499851609846851552e+01
5.151030206041208537e+00,1.499851724908511841e+01
5.153030606121224544e+00,1.499851839920387775e+01
5.155031006201240551e+00,1.499851954882798566e+01
5.157031406281256558e+00,1.499852069795911724e+01
5.159031806361272565e+00,1.499852184659851062e+01
5.161032206441288572e+00,1.499852299474170358e+01
5.163032606521304579e+00,1.499852414239254372e+01
5.165033006601320587e+00,1.499852528954910369e+01
5.167033406681336594e+00,1.499852643621475146e+01
5.169033806761352601e+00,1.499852758238218264e+01
5.171034206841368608e+00,1.499852872806236981e+01
5.173034606921384615e+00,1.499852987324954867e+01
5.175035007001400622e+00,1.499853101794215249e+01
5.177035407081416629e+00,1.499853216214237150e+01
5.179035807161432636e+00,1.499853330585083810e+01
5.181036207241448643e+00,1.499853444906710465e+01
5.183036607321464651e+00,1.499853559179349283e+01
5.185037007401480658e+00,1.499853673403520382e+01
5.187037407481496665e+00,1.499853787577378128e+01
5.189037807561512672e+00,1.499853901702787873e+01
5.191038207641528679e+00,1.499854015779406602e+01
5.193038607721544686e+00,1.499854129806527503e+01
5.195039007801560693e+00,1.499854243784880126e+01
5.197039407881576700e+00,1.499854357714162845e+01
5.199039807961592707e+00,1.499854471594722760e+01
5.201040208041608714e+00,1.499854585426181863e+01
5.203040608121624722e+00,1.499854699208398046e+01
5.205041008201640729e+00,1.499854812941770987e+01
5.207041408281656736e+00,1.499854926626589346e+01
5.209041808361672743e+00,1.499855040262562689e+01
5.211042208441688750e+00,1.499855153849244438e+01
5.213042608521704757e+00,1.499855267387165192e+01
5.215043008601720764e+00,1.499855380876766553e+01
5.217043408681736771e+00,1.499855494317469429e+01
5.219043808761752778e+00,1.499855607709684513e+01
5.221044208841768786e+00,1.499855721052198376e+01
5.223044608921784793e+00,1.499855834346647221e+01
5.225045009001800800e+00,1.499855947592437744e+01
5.227045409081816807e+00,1.499856060789359802e+01
5.229045809161832814e+00,1.499856173938188952e+01
5.231046209241848821e+00,1.499856287037815505e+01
5.233046609321864828e+00,1.499856400089494102e+01
5.235047009401879947e+00,1.499856513091836696e+01
5.237047409481895954e+00,1.499856626045619024e+01
5.239047809561911961e+00,1.499856738950726509e+01
5.241048209641927969e+00,1.499856851807600400e+01
5.243048609721943976e+00,1.499856964616418686e+01
5.245049009801959983e+00,1.499857077376900882e+01
5.247049409881975990e+00,1.499857190088333070e+01
5.249049809961991997e+00,1.499857302750917754e+01
5.251050210042008004e+00,1.499857415365829461e+01
5.253050610122024011e+00,1.499857527931781576e+01
5.255051010202040018e+00,1.499857640450019858e+01
5.257051410282056025e+00,1.499857752919327858e+01
5.259051810362072032e+00,1.499857865340883478e+01
5.261052210442088040e+00,1.499857977713859825e+01
5.263052610522104047e+00,1.499858090038955361e+01
5.265053010602120054e+00,1.499858202315027356e+01
5.267053410682136061e+00,1.499858314543100590e+01
5.269053810762152068e+00,1.499858426723077365e+01
5.271054210842168075e+00,1.499858538854886980e+01
5.273054610922184082e+00,1.499858650938175408e+01
5.275055011002200089e+00,1.499858762973731352e+01
5.277055411082216096e+00,1.499858874960979271e+01
5.279055811162232104e+00,1.499858986899976898e+01
5.281056211242248111e+00,1.499859098791331391e+01
5.283056611322264118e+00,1.499859210633981377e+01
5.285057011402280125e+00,1.499859322429299624e+01
5.287057411482296132e+00,1.499859434175704109e+01
5.289057811562312139e+00,1.499859545874387479e+01
5.291058211642328146e+00,1.499859657525345291e+01
5.293058611722344153e+00,1.499859769128636167e+01
5.295059011802360160e+00,1.499859880683273516e+01
5.297059411882376168e+00,1.499859992190728519e+01
5.299059811962392175e+00,1.499860103649659493e+01
5.301060212042408182e+00,1.499860215060992097e+01
5.303060612122424189e+00,1.499860326424169266e+01
5.305061012202440196e+00,1.499860437739973840e+01
5.307061412282456203e+00,1.499860549007498278e+01
5.309061812362472210e+00,1.499860660227397879e+01
5.311062212442488217e+00,1.499860771399297654e+01
5.313062612522504224e+00,1.499860882523781669e+01
5.315063012602520232e+00,1.499860993600700887e+01
5.317063412682536239e+00,1.499861104629193420e+01
5.319063812762552246e+00,1.499861215610753717e+01
5.321064212842568253e+00,1.499861326544020734e+01
5.323064612922584260e+00,1.499861437429604472e+01
5.325065013002600267e+00,1.499861548268007283e+01
5.327065413082616274e+00,1.499861659058542784e+01
5.329065813162632281e+00,1.499861769801493239e+01
5.331066213242648288e+00,1.499861880496870548e+01
5.333066613322664296e+00,1.499861991145313844e+01
5.335067013402680303e+00,1.499862101745559606e+01
5.337067413482696310e+00,1.499862212298124753e+01
5.339067813562712317e+00,1.499862322803177150e+01
5.341068213642728324e+00,1.499862433261294470e+01
5.343068613722744331e+00,1.499862543671607540e+01
5.345069013802760338e+00,1.499862654034236797e+01
5.347069413882776345e+00,1.499862764350152133e+01
5.349069813962792352e+00,1.499862874618217390e+01
5.351070214042808360e+00,1.499862984838786417e+01
5.353070614122824367e+00,1.499863095012495684e+01
5.355071014202840374e+00,1.499863205138445466e+01
5.357071414282856381e+00,1.499863315217558224e+01
5.359071814362872388e+00,1.499863425249008131e+01
5.361072214442888395e+00,1.499863535232922018e+01
5.363072614522904402e+00,1.499863645170202808e+01
5.365073014602920409e+00,1.499863755059879900e+01
5.367073414682936416e+00,1.499863864902629373e+01
5.369073814762952424e+00,1.499863974697977298e+01
5.371074214842968431e+00,1.499864084445774459e+01
5.373074614922984438e+00,1.499864194146859475e+01
5.375075015003000445e+00,1.499864303800746868e+01
5.377075415083016452e+00,1.499864413407554231e+01
5.379075815163032459e+00,1.499864522967817315e+01
5.381076215243048466e+00,1.499864632479955340e+01
5.383076615323064473e+00,1.499864741945884283e+01
5.385077015403080480e+00,1.499864851364236529e+01
5.387077415483096487e+00,1.499864960735757968e+01
5.389077815563112495e+00,1.499865070060889138e+01
5.391078215643128502e+00,1.499865179338739374e+01
5.393078615723144509e+00,1.499865288569605504e+01
5.395079015803160516e+00,1.499865397753450580e+01
5.397079415883176523e+00,1.499865506890005840e+01
5.399079815963192530e+00,1.499865615980120026e+01
5.401080216043208537e+00,1.499865725023304819e+01
5.403080616123224544e+00,1.499865834019793809e+01
5.405081016203240551e+00,1.499865942969127097e+01
5.407081416283256559e+00,1.499866051871634554e+01
5.409081816363272566e+00,1.499866160727918363e+01
5.411082216443288573e+00,1.499866269536878960e+01
5.413082616523304580e+00,1.499866378299254244e+01
5.415083016603320587e+00,1.499866487015153638e+01
5.417083416683336594e+00,1.499866595684296833e+01
5.419083816763352601e+00,1.499866704306500154e+01
5.421084216843368608e+00,1.499866812882403622e+01
5.423084616923384615e+00,1.499866921411168263e+01
5.425085017003400623e+00,1.499867029893822234e+01
5.427085417083416630e+00,1.499867138329973848e+01
5.429085817163432637e+00,1.499867246718999425e+01
5.431086217243448644e+00,1.499867355061719998e+01
5.433086617323464651e+00,1.499867463358457620e+01
5.435087017403480658e+00,1.499867571607989625e+01
5.437087417483496665e+00,1.499867679811077004e+01
5.439087817563512672e+00,1.499867787967309241e+01
5.441088217643528679e+00,1.499867896077876495e+01
5.443088617723544687e+00,1.499868004141342226e+01
5.445089017803560694e+00,1.499868112159305689e+01
5.447089417883576701e+00,1.499868220130004737e+01
5.449089817963592708e+00,1.499868328054570199e+01
5.451090218043608715e+00,1.499868435933349531e+01
5.453090618123624722e+00,1.499868543765019879e+01
5.455091018203640729e+00,1.499868651550387355e+01
5.457091418283656736e+00,1.499868759289869224e+01
5.459091818363672743e+00,1.499868866983015891e+01
5.461092218443688751e+00,1.499868974629853824e+01
5.463092618523704758e+00,1.499869082229804285e+01
5.465093018603720765e+00,1.499869189784202206e+01
5.467093418683736772e+00,1.499869297292691250e+01
5.469093818763752779e+00,1.499869404754469571e+01
5.471094218843768786e+00,1.499869512170791275e+01
5.473094618923784793e+00,1.499869619540054799e+01
5.475095019003800800e+00,1.499869726863735764e+01
5.477095419083816807e+00,1.499869834141100178e+01
5.479095819163832815e+00,1.499869941372543813e+01
5.481096219243848822e+00,1.499870048557480118e+01
5.483096619323864829e+00,1.499870155697307617e+01
5.485097019403880836e+00,1.499870262790864572e+01
5.487097419483896843e+00,1.499870369837990403e+01
5.489097819563912850e+00,1.499870476839442190e+01
5.491098219643928857e+00,1.499870583794586842e+01
5.493098619723944864e+00,1.499870690704489107e+01
5.495099019803960871e+00,1.499870797567809078e+01
5.497099419883976879e+00,1.499870904385539205e+01
5.499099819963992886e+00,1.499871011157194012e+01
5.501100220044008893e+00,1.499871117883570193e+01
5.503100620124024900e+00,1.499871224563272776e+01
5.505101020204040907e+00,1.499871331197615199e+01
5.507101420284056914e+00,1.499871437785825812e+01
5.509101820364072921e+00,1.499871544328486550e+01
5.511102220444088928e+00,1.499871650825180147e+01
5.513102620524104935e+00,1.499871757276475037e+01
5.515103020604120942e+00,1.499871863681689454e+01
5.517103420684136950e+00,1.499871970041324509e+01
5.519103820764152957e+00,1.499872076356010275e+01
5.521104220844168964e+00,1.499872182623926875e+01
5.523104620924184971e+00,1.499872288846818869e+01
5.525105021004200978e+00,1.499872395023606586e+01
5.527105421084216985e+00,1.499872501155486759e+01
5.529105821164232992e+00,1.499872607241412936e+01
5.531106221244248999e+00,1.499872713281728132e+01
5.533106621324265006e+00,1.499872819276464497e+01
5.535107021404281014e+00,1.499872925226123854e+01
5.537107421484297021e+00,1.499873031130395873e+01
5.539107821564313028e+00,1.499873136988633782e+01
5.541108221644329035e+00,1.499873242801362494e+01
5.543108621724345042e+00,1.499873348569538756e+01
5.545109021804361049e+00,1.499873454290968589e+01
5.547109421884377056e+00,1.499873559967948644e+01
5.549109821964393063e+00,1.499873665598972750e+01
5.551110222044409070e+00,1.499873771184738658e+01
5.553110622124425078e+00,1.499873876725685662e+01
5.555111022204441085e+00,1.499873982220756830e+01
5.557111422284457092e+00,1.499874087670871781e+01
5.559111822364473099e+00,1.499874193075380546e+01
5.561112222444489106e+00,1.499874298434817455e+01
5.563112622524505113e+00,1.499874403748932750e+01
5.565113022604521120e+00,1.499874509017527124e+01
5.567113422684537127e+00,1.499874614241842607e+01
5.569113822764553134e+00,1.499874719419580060e+01
5.571114222844569142e+00,1.499874824552922448e+01
5.573114622924585149e+00,1.499874929641199195e+01
5.575115023004601156e+00,1.499875034684396091e+01
5.577115423084617163e+00,1.499875139682106884e+01
5.579115823164633170e+00,1.499875244635108551e+01
5.581116223244649177e+00,1.499875349542649516e+01
5.583116623324665184e+00,1.499875454405874287e+01
5.585117023404681191e+00,1.499875559223175081e+01
5.587117423484697198e+00,1.499875663996039954e+01
5.589117823564713206e+00,1.499875768723985914e+01
5.591118223644729213e+00,1.499875873406357130e+01
5.593118623724745220e+00,1.499875978044356728e+01
5.595119023804761227e+00,1.499876082637293884e+01
5.597119423884777234e+00,1.499876187185220111e+01
5.599119823964793241e+00,1.499876291688097218e+01
5.601120224044809248e+00,1.499876396146105328e+01
5.603120624124825255e+00,1.499876500559214776e+01
5.605121024204841262e+00,1.499876604927879065e+01
5.607121424284857270e+00,1.499876709252078655e+01
5.609121824364873277e+00,1.499876813530352493e+01
5.611122224444889284e+00,1.499876917763915785e+01
5.613122624524905291e+00,1.499877021953740908e+01
5.615123024604921298e+00,1.499877126098006919e+01
5.617123424684937305e+00,1.499877230197686018e+01
5.619123824764953312e+00,1.499877334253341132e+01
5.621124224844969319e+00,1.499877438263540874e+01
5.623124624924985326e+00,1.499877542229452665e+01
5.625125025005001334e+00,1.499877646150133792e+01
5.627125425085017341e+00,1.499877750026790935e+01
5.629125825165033348e+00,1.499877853858083476e+01
5.631126225245049355e+00,1.499877957645459503e+01
5.633126625325065362e+00,1.499878061388649897e+01
5.635127025405081369e+00,1.499878165086555803e+01
5.637127425485097376e+00,1.499878268740397758e+01
5.639127825565113383e+00,1.499878372349531475e+01
5.641128225645129390e+00,1.499878475914044706e+01
5.643128625725145397e+00,1.499878579434252401e+01
5.645129025805161405e+00,1.499878682909874072e+01
5.647129425885177412e+00,1.499878786341075632e+01
5.649129825965193419e+00,1.499878889728260845e+01
5.651130226045209426e+00,1.499878993070808875e+01
5.653130626125225433e+00,1.499879096368860054e+01
5.655131026205241440e+00,1.499879199622569104e+01
5.657131426285257447e+00,1.499879302831714867e+01
5.659131826365273454e+00,1.499879405996897930e+01
5.661132226445289461e+00,1.499879509117330301e+01
5.663132626525305469e+00,1.499879612194447454e+01
5.665133026605321476e+00,1.499879715225712573e+01
5.667133426685337483e+00,1.499879818214315108e+01
5.669133826765353490e+00,1.499879921157978480e+01
5.671134226845369497e+00,1.499880024057801187e+01
5.673134626925385504e+00,1.499880126913007139e+01
5.675135027005401511e+00,1.499880229723809322e+01
5.677135427085417518e+00,1.499880332490672963e+01
5.679135827165433525e+00,1.499880435214362606e+01
5.681136227245449533e+00,1.499880537892577870e+01
5.683136627325465540e+00,1.499880640527561582e+01
5.685137027405481547e+00,1.499880743118286475e+01
5.687137427485497554e+00,1.499880845664705831e+01
5.689137827565513561e+00,1.499880948166888217e+01
5.691138227645528680e+00,1.499881050625811163e+01
5.693138627725544687e+00,1.499881153040107584e+01
5.695139027805560694e+00,1.499881255410929626e+01
5.697139427885576701e+00,1.499881357737393905e+01
5.699139827965592708e+00,1.499881460020031732e+01
5.701140228045608715e+00,1.499881562258670620e+01
5.703140628125624723e+00,1.499881664453304886e+01
5.705141028205640730e+00,1.499881766604545419e+01
5.707141428285656737e+00,1.499881868711709565e+01
5.709141828365672744e+00,1.499881970775163964e+01
5.711142228445688751e+00,1.499882072793927534e+01
5.713142628525704758e+00,1.499882174769842713e+01
5.715143028605720765e+00,1.499882276701737283e+01
5.717143428685736772e+00,1.499882378589360776e+01
5.719143828765752779e+00,1.499882480434100884e+01
5.721144228845768787e+00,1.499882582234420525e+01
5.723144628925784794e+00,1.499882683991217291e+01
5.725145029005800801e+00,1.499882785704229526e+01
5.727145429085816808e+00,1.499882887374004525e+01
5.729145829165832815e+00,1.499882988999617162e+01
5.731146229245848822e+00,1.499883090581974621e+01
5.733146629325864829e+00,1.499883192120521613e+01
5.735147029405880836e+00,1.499883293615197566e+01
5.737147429485896843e+00,1.499883395066699165e+01
5.739147829565912851e+00,1.499883496474440037e+01
5.741148229645928858e+00,1.499883597838840998e+01
5.743148629725944865e+00,1.499883699159275174e+01
5.745149029805960872e+00,1.499883800436733061e+01
5.747149429885976879e+00,1.499883901670508202e+01
5.749149829965992886e+00,1.499884002861034382e+01
5.751150230046008893e+00,1.499884104007344732e+01
5.753150630126024900e+00,1.499884205110693358e+01
5.755151030206040907e+00,1.499884306171058590e+01
5.757151430286056915e+00,1.499884407187547630e+01
5.759151830366072922e+00,1.499884508160479335e+01
5.761152230446088929e+00,1.499884609090239884e+01
5.763152630526104936e+00,1.499884709976942787e+01
5.765153030606120943e+00,1.499884810819835756e+01
5.767153430686136950e+00,1.499884911620283390e+01
5.769153830766152957e+00,1.499885012376709525e+01
5.771154230846168964e+00,1.499885113089795929e+01
5.773154630926184971e+00,1.499885213760051350e+01
5.775155031006200979e+00,1.499885314387026547e+01
5.777155431086216986e+00,1.499885414970741415e+01
5.779155831166232993e+00,1.499885515511118328e+01
5.781156231246249000e+00,1.499885616008583433e+01
5.783156631326265007e+00,1.499885716462540586e+01
5.785157031406281014e+00,1.499885816873743494e+01
5.787157431486297021e+00,1.499885917241252464e+01
5.789157831566313028e+00,1.499886017566218044e+01
5.791158231646329035e+00,1.499886117847766087e+01
5.793158631726345043e+00,1.499886218086338552e+01
5.795159031806361050e+00,1.499886318281967945e+01
5.797159431886377057e+00,1.499886418434271462e+01
5.799159831966393064e+00,1.499886518543707403e+01
5.801160232046409071e+00,1.499886618610561761e+01
5.803160632126425078e+00,1.499886718634117422e+01
5.805161032206441085e+00,1.499886818614893436e+01
5.807161432286457092e+00,1.499886918552589066e+01
5.809161832366473099e+00,1.499887018447612164e+01
5.811162232446489107e+00,1.499887118300057409e+01
5.813162632526505114e+00,1.499887218108887765e+01
5.815163032606521121e+00,1.499887317875058557e+01
5.817163432686537128e+00,1.499887417598385930e+01
5.819163832766553135e+00,1.499887517278870952e+01
5.821164232846569142e+00,1.499887616916270972e+01
5.823164632926585149e+00,1.499887716511561564e+01
5.825165033006601156e+00,1.499887816063818136e+01
5.827165433086617163e+00,1.499887915573324371e+01
5.829165833166633170e+00,1.499888015040128941e+01
5.831166233246649178e+00,1.499888114464008915e+01
5.833166633326665185e+00,1.499888213845360596e+01
5.835167033406681192e+00,1.499888313184192867e+01
5.837167433486697199e+00,1.499888412479859134e+01
5.839167833566713206e+00,1.499888511733171903e+01
5.841168233646729213e+00,1.499888610944365297e+01
5.843168633726745220e+00,1.499888710111877543e+01
5.845169033806761227e+00,1.499888809237718057e+01
5.847169433886777234e+00,1.499888908320811964e+01
5.849169833966793242e+00,1.499889007361585946e+01
5.851170234046809249e+00,1.499889106359214530e+01
5.853170634126825256e+00,1.499889205314931040e+01
5.855171034206841263e+00,1.499889304227844278e+01
5.857171434286857270e+00,1.499889403098424090e+01
5.859171834366873277e+00,1.499889501926119983e+01
5.861172234446889284e+00,1.499889600711664173e+01
5.863172634526905291e+00,1.499889699455424541e+01
5.865173034606921298e+00,1.499889798155723497e+01
5.867173434686937306e+00,1.499889896814129386e+01
5.869173834766953313e+00,1.499889995429943745e+01
5.871174234846969320e+00,1.499890094003760765e+01
5.873174634926985327e+00,1.499890192535648303e+01
5.875175035007001334e+00,1.499890291024291322e+01
5.877175435087017341e+00,1.499890389470800400e+01
5.879175835167033348e+00,1.499890487875429201e+01
5.881176235247049355e+00,1.499890586237472867e+01
5.883176635327065362e+00,1.499890684557078302e+01
5.885177035407081370e+00,1.499890782835198699e+01
5.887177435487097377e+00,1.499890881071077153e+01
5.889177835567113384e+00,1.499890979264331747e+01
5.891178235647129391e+00,1.499891077415886365e+01
5.893178635727145398e+00,1.499891175524624920e+01
5.895179035807161405e+00,1.499891273591610563e+01
5.897179435887177412e+00,1.499891371616225655e+01
5.899179835967193419e+00,1.499891469599095473e+01
5.901180236047209426e+00,1.499891567539963866e+01
5.903180636127225434e+00,1.499891665438449984e+01
5.905181036207241441e+00,1.499891763295105207e+01
5.907181436287257448e+00,1.499891861109779789e+01
5.909181836367273455e+00,1.499891958882300713e+01
5.911182236447289462e+00,1.499892056613169267e+01
5.913182636527305469e+00,1.499892154301538838e+01
5.915183036607321476e+00,1.499892251948439714e+01
5.917183436687337483e+00,1.499892349552521686e+01
5.919183836767353490e+00,1.499892447115905370e+01
5.921184236847369498e+00,1.499892544637058123e+01
5.923184636927385505e+00,1.499892642116336283e+01
5.925185037007401512e+00,1.499892739553351007e+01
5.927185437087417519e+00,1.499892836948363417e+01
5.929185837167433526e+00,1.499892934301802683e+01
5.931186237247449533e+00,1.499893031614029226e+01
5.933186637327465540e+00,1.499893128884123428e+01
5.935187037407481547e+00,1.499893226112341615e+01
5.937187437487497554e+00,1.499893323298434566e+01
5.939187837567513562e+00,1.499893420443838465e+01
5.941188237647529569e+00,1.499893517546423816e+01
5.943188637727545576e+00,1.499893614607934289e+01
5.945189037807561583e+00,1.499893711627816906e+01
5.947189437887577590e+00,1.499893808605613010e+01
5.949189837967593597e+00,1.499893905541830819e+01
5.951190238047609604e+00,1.499894002436811391e+01
5.953190638127625611e+00,1.499894099289524796e+01
5.955191038207641618e+00,1.499894196100949983e+01
5.957191438287657625e+00,1.499894292870937207e+01
5.959191838367673633e+00,1.499894389600116007e+01
5.961192238447689640e+00,1.499894486286627604e+01
5.963192638527705647e+00,1.499894582932408049e+01
5.965193038607721654e+00,1.499894679536146391e+01
5.967193438687737661e+00,1.499894776098796356e+01
5.969193838767753668e+00,1.499894872619510622e+01
5.971194238847769675e+00,1.499894969099011810e+01
5.973194638927785682e+00,1.499895065537062955e+01
5.975195039007801689e+00,1.499895161933707932e+01
5.977195439087817697e+00,1.499895258289063449e+01
5.979195839167833704e+00,1.499895354603036779e+01
5.981196239247849711e+00,1.499895450875684233e+01
5.983196639327865718e+00,1.499895547107030325e+01
5.985197039407881725e+00,1.499895643296764902e+01
5.987197439487897732e+00,1.499895739445295817e+01
5.989197839567913739e+00,1.499895835553241419e+01
5.991198239647929746e+00,1.499895931619096778e+01
5.993198639727945753e+00,1.499896027643878504e+01
5.995199039807961761e+00,1.499896123627549471e+01
5.997199439887977768e+00,1.499896219569776079e+01
5.999199839967993775e+00,1.499896315470861552e+01
6.001200240048009782e+00,1.499896411330656498e+01
6.003200640128025789e+00,1.499896507149983904e+01
6.005201040208041796e+00,1.499896602927225864e+01
6.007201440288057803e+00,1.499896698663540562e+01
6.009201840368073810e+00,1.499896794359273144e+01
6.011202240448089817e+00,1.499896890013877027e+01
6.013202640528105825e+00,1.499896985627544943e+01
6.015203040608121832e+00,1.499897081199640780e+01
6.017203440688137839e+00,1.499897176730832982e+01
6.019203840768153846e+00,1.499897272220885291e+01
6.021204240848169853e+00,1.499897367669952253e+01
6.023204640928185860e+00,1.499897463077996207e+01
6.025205041008201867e+00,1.499897558445722368e+01
6.027205441088217874e+00,1.499897653771714090e+01
6.029205841168233881e+00,1.499897749057361374e+01
6.031206241248249889e+00,1.499897844301698768e+01
6.033206641328265896e+00,1.499897939505578570e+01
6.035207041408281903e+00,1.499898034667901747e+01
6.037207441488297910e+00,1.499898129789729140e+01
6.039207841568313917e+00,1.499898224870473129e+01
6.041208241648329924e+00,1.499898319911169331e+01
6.043208641728345931e+00,1.499898414910191313e+01
6.045209041808361938e+00,1.499898509868662799e+01
6.047209441888377945e+00,1.499898604786784873e+01
6.049209841968393953e+00,1.499898699663389223e+01
6.051210242048409960e+00,1.499898794500342447e+01
6.053210642128425967e+00,1.499898889295558035e+01
6.055211042208441974e+00,1.499898984050903117e+01
6.057211442288457981e+00,1.499899078764894433e+01
6.059211842368473988e+00,1.499899173438507383e+01
6.061212242448489995e+00,1.499899268071382785e+01
6.063212642528506002e+00,1.499899362663276570e+01
6.065213042608522009e+00,1.499899457214937293e+01
6.067213442688538017e+00,1.499899551726193714e+01
6.069213842768554024e+00,1.499899646196621461e+01
6.071214242848570031e+00,1.499899740626466738e+01
6.073214642928586038e+00,1.499899835016050709e+01
6.075215043008602045e+00,1.499899929364740281e+01
6.077215443088618052e+00,1.499900023673482607e+01
6.079215843168634059e+00,1.499900117940658362e+01
6.081216243248650066e+00,1.499900212168211766e+01
6.083216643328666073e+00,1.499900306355142199e+01
6.085217043408682080e+00,1.499900400501575959e+01
6.087217443488698088e+00,1.499900494607986268e+01
6.089217843568714095e+00,1.499900588673582291e+01
6.091218243648730102e+00,1.499900682698581100e+01
6.093218643728746109e+00,1.499900776683772818e+01
6.095219043808762116e+00,1.499900870628109395e+01
6.097219443888778123e+00,1.499900964532432113e+01
6.099219843968794130e+00,1.499901058396016040e+01
6.101220244048810137e+00,1.499901152219779021e+01
6.103220644128826144e+00,1.499901246003081212e+01
6.105221044208842152e+00,1.499901339745821005e+01
6.107221444288858159e+00,1.499901433449156585e+01
6.109221844368874166e+00,1.499901527111217270e+01
6.111222244448890173e+00,1.499901620733447771e+01
6.113222644528906180e+00,1.499901714315930690e+01
6.115223044608922187e+00,1.499901807857744984e+01
6.117223444688938194e+00,1.499901901359423029e+01
6.119223844768954201e+00,1.499901994820441153e+01
6.121224244848970208e+00,1.499902088242206588e+01
6.123224644928986216e+00,1.499902181623698105e+01
6.125225045009002223e+00,1.499902274965089966e+01
6.127225445089018230e+00,1.499902368266281272e+01
6.129225845169034237e+00,1.499902461527227970e+01
6.131226245249050244e+00,1.499902554748735284e+01
6.133226645329066251e+00,1.499902647929436661e+01
6.135227045409082258e+00,1.499902741070744305e+01
6.137227445489098265e+00,1.499902834171870047e+01
6.139227845569114272e+00,1.499902927232732885e+01
6.141228245649130280e+00,1.499903020254280328e+01
6.143228645729146287e+00,1.499903113235262175e+01
6.145229045809161406e+00,1.499903206176533388e+01
6.147229445889177413e+00,1.499903299078127539e+01
6.149229845969193420e+00,1.499903391939525932e+01
6.151230246049209427e+00,1.499903484761168571e+01
6.153230646129225434e+00,1.499903577542868938e+01
6.155231046209241441e+00,1.499903670284962409e+01
6.157231446289257448e+00,1.499903762986975408e+01
6.159231846369273455e+00,1.499903855649324314e+01
6.161232246449289462e+00,1.499903948272048382e+01
6.163232646529305470e+00,1.499904040854359621e+01
6.165233046609321477e+00,1.499904133397723172e+01
6.167233446689337484e+00,1.499904225900786159e+01
6.169233846769353491e+00,1.499904318364401767e+01
6.171234246849369498e+00,1.499904410788632347e+01
6.173234646929385505e+00,1.499904503172168546e+01
6.175235047009401512e+00,1.499904595516863104e+01
6.177235447089417519e+00,1.499904687821675076e+01
6.179235847169433526e+00,1.499904780087002543e+01
6.181236247249449534e+00,1.499904872312322368e+01
6.183236647329465541e+00,1.499904964498924542e+01
6.185237047409481548e+00,1.499905056645105361e+01
6.187237447489497555e+00,1.499905148752159612e+01
6.189237847569513562e+00,1.499905240819083474e+01
6.191238247649529569e+00,1.499905332847524519e+01
6.193238647729545576e+00,1.499905424835163537e+01
6.195239047809561583e+00,1.499905516784607151e+01
6.197239447889577590e+00,1.499905608693922332e+01
6.199239847969593598e+00,1.499905700563819444e+01
6.201240248049609605e+00,1.499905792393932735e+01
6.203240648129625612e+00,1.499905884185059257e+01
6.205241048209641619e+00,1.499905975936846581e+01
6.207241448289657626e+00,1.499906067648974783e+01
6.209241848369673633e+00,1.499906159321571231e+01
6.211242248449689640e+00,1.499906250954690634e+01
6.213242648529705647e+00,1.499906342549054727e+01
6.215243048609721654e+00,1.499906434104039477e+01
6.217243448689737662e+00,1.499906525619421949e+01
6.219243848769753669e+00,1.499906617096010919e+01
6.221244248849769676e+00,1.499906708532338584e+01
6.223244648929785683e+00,1.499906799929780910e+01
6.225245049009801690e+00,1.499906891288519617e+01
6.227245449089817697e+00,1.499906982607466333e+01
6.229245849169833704e+00,1.499907073887214182e+01
6.231246249249849711e+00,1.499907165127987696e+01
6.233246649329865718e+00,1.499907256329641569e+01
6.235247049409881726e+00,1.499907347491954290e+01
6.237247449489897733e+00,1.499907438615266209e+01
6.239247849569913740e+00,1.499907529699763842e+01
6.241248249649929747e+00,1.499907620744553327e+01
6.243248649729945754e+00,1.499907711750808659e+01
6.245249049809961761e+00,1.499907802717569894e+01
6.247249449889977768e+00,1.499907893645600332e+01
6.249249849969993775e+00,1.499907984534323901e+01
6.251250250050009782e+00,1.499908075384433204e+01
6.253250650130025790e+00,1.499908166194757264e+01
6.255251050210041797e+00,1.499908256966901554e+01
6.257251450290057804e+00,1.499908347699676092e+01
6.259251850370073811e+00,1.499908438393305943e+01
6.261252250450089818e+00,1.499908529048421357e+01
6.263252650530105825e+00,1.499908619664579845e+01
6.265253050610121832e+00,1.499908710242027965e+01
6.267253450690137839e+00,1.499908800779410889e+01
6.269253850770153846e+00,1.499908891278973577e+01
6.271254250850169853e+00,1.499908981739348945e+01
6.273254650930185861e+00,1.499909072160952661e+01
6.275255051010201868e+00,1.499909162543612062e+01
6.277255451090217875e+00,1.499909252887179534e+01
6.279255851170233882e+00,1.499909343192936184e+01
6.281256251250249889e+00,1.499909433459115604e+01
6.283256651330265896e+00,1.499909523686846846e+01
6.285257051410281903e+00,1.499909613875467684e+01
6.287257451490297910e+00,1.499909704025938240e+01
6.289257851570313917e+00,1.499909794137899333e+01
6.291258251650329925e+00,1.499909884210206990e+01
6.293258651730345932e+00,1.499909974244595290e+01
6.295259051810361939e+00,1.499910064240284058e+01
6.297259451890377946e+00,1.499910154196776091e+01
6.299259851970393953e+00,1.499910244114889579e+01
6.301260252050409960e+00,1.499910333994549916e+01
6.303260652130425967e+00,1.499910423835775219e+01
6.305261052210441974e+00,1.499910513638791798e+01
6.307261452290457981e+00,1.499910603402116038e+01
6.309261852370473989e+00,1.499910693127432104e+01
6.311262252450489996e+00,1.499910782813937082e+01
6.313262652530506003e+00,1.499910872462151801e+01
6.315263052610522010e+00,1.499910962072442366e+01
6.317263452690538017e+00,1.499911051643755222e+01
6.319263852770554024e+00,1.499911141177029350e+01
6.321264252850570031e+00,1.499911230671291840e+01
6.323264652930586038e+00,1.499911320127354841e+01
6.325265053010602045e+00,1.499911409545272711e+01
6.327265453090618053e+00,1.499911498924007169e+01
6.329265853170634060e+00,1.499911588264972195e+01
6.331266253250650067e+00,1.499911677567260426e+01
6.333266653330666074e+00,1.499911766831655413e+01
6.335267053410682081e+00,1.499911856056929338e+01
6.337267453490698088e+00,1.499911945244632427e+01
6.339267853570714095e+00,1.499912034394118265e+01
6.341268253650730102e+00,1.499912123504671868e+01
6.343268653730746109e+00,1.499912212577743809e+01
6.345269053810762117e+00,1.499912301612277510e+01
6.347269453890778124e+00,1.499912390608425738e+01
6.349269853970794131e+00,1.499912479566537726e+01
6.351270254050810138e+00,1.499912568486446673e+01
6.353270654130826145e+00,1.499912657367976010e+01
6.355271054210842152e+00,1.499912746211556147e+01
6.357271454290858159e+00,1.499912835016609947e+01
6.359271854370874166e+00,1.499912923783744567e+01
6.361272254450890173e+00,1.499913012512926791e+01
6.363272654530906181e+00,1.499913101203975252e+01
6.365273054610922188e+00,1.499913189856718176e+01
6.367273454690938195e+00,1.499913278471314015e+01
6.369273854770954202e+00,1.499913367048554669e+01
6.371274254850970209e+00,1.499913455587181765e+01
6.373274654930986216e+00,1.499913544088054884e+01
6.375275055011002223e+00,1.499913632550720521e+01
6.377275455091018230e+00,1.499913720975479414e+01
6.379275855171034237e+00,1.499913809362380768e+01
6.381276255251050245e+00,1.499913897711620692e+01
6.383276655331066252e+00,1.499913986022325041e+01
6.385277055411082259e+00,1.499914074295318045e+01
6.387277455491098266e+00,1.499914162530521367e+01
6.389277855571114273e+00,1.499914250727783482e+01
6.391278255651130280e+00,1.499914338887023568e+01
6.393278655731146287e+00,1.499914427008679318e+01
6.395279055811162294e+00,1.499914515092150680e+01
6.397279455891178301e+00,1.499914603137567859e+01
6.399279855971194308e+00,1.499914691146038592e+01
6.401280256051210316e+00,1.499914779116474328e+01
6.403280656131226323e+00,1.499914867048950207e+01
6.405281056211242330e+00,1.499914954943783485e+01
6.407281456291258337e+00,1.499915042800358300e+01
6.409281856371274344e+00,1.499915130619910997e+01
6.411282256451290351e+00,1.499915218401653760e+01
6.413282656531306358e+00,1.499915306145698679e+01
6.415283056611322365e+00,1.499915393851533807e+01
6.417283456691338372e+00,1.499915481519962590e+01
6.419283856771354380e+00,1.499915569151341899e+01
6.421284256851370387e+00,1.499915656744359538e+01
6.423284656931386394e+00,1.499915744299729425e+01
6.425285057011402401e+00,1.499915831817893874e+01
6.427285457091418408e+00,1.499915919298811851e+01
6.429285857171434415e+00,1.499916006741658414e+01
6.431286257251450422e+00,1.499916094146987255e+01
6.433286657331466429e+00,1.499916181514751123e+01
6.435287057411482436e+00,1.499916268845381673e+01
6.437287457491498444e+00,1.499916356138304785e+01
6.439287857571514451e+00,1.499916443393650134e+01
6.441288257651530458e+00,1.499916530611414345e+01
6.443288657731546465e+00,1.499916617792254492e+01
6.445289057811562472e+00,1.499916704935257528e+01
6.447289457891578479e+00,1.499916792040797553e+01
6.449289857971594486e+00,1.499916879109138179e+01
6.451290258051610493e+00,1.499916966139700492e+01
6.453290658131626500e+00,1.499917053133526856e+01
6.455291058211642508e+00,1.499917140089407219e+01
6.457291458291658515e+00,1.499917227008205600e+01
6.459291858371674522e+00,1.499917313889508641e+01
6.461292258451690529e+00,1.499917400733715489e+01
6.463292658531706536e+00,1.499917487540849237e+01
6.465293058611722543e+00,1.499917574310321378e+01
6.467293458691738550e+00,1.499917661043117434e+01
6.469293858771754557e+00,1.499917747738009410e+01
6.471294258851770564e+00,1.499917834395877314e+01
6.473294658931786572e+00,1.499917921016409039e+01
6.475295059011802579e+00,1.499918007600387071e+01
6.477295459091818586e+00,1.499918094146736003e+01
6.479295859171834593e+00,1.499918180655742894e+01
6.481296259251850600e+00,1.499918267127798188e+01
6.483296659331866607e+00,1.499918353562665807e+01
6.485297059411882614e+00,1.499918439961094840e+01
6.487297459491898621e+00,1.499918526321359202e+01
6.489297859571914628e+00,1.499918612645276461e+01
6.491298259651930636e+00,1.499918698931901062e+01
6.493298659731946643e+00,1.499918785181263381e+01
6.495299059811962650e+00,1.499918871393787434e+01
6.497299459891978657e+00,1.499918957569458655e+01
6.499299859971994664e+00,1.499919043707826027e+01
6.501300260052010671e+00,1.499919129808772666e+01
6.503300660132026678e+00,1.499919215873456046e+01
6.505301060212042685e+00,1.499919301901101498e+01
6.507301460292058692e+00,1.499919387891520550e+01
6.509301860372074700e+00,1.499919473845476858e+01
6.511302260452090707e+00,1.499919559762312282e+01
6.513302660532106714e+00,1.499919645642381383e+01
6.515303060612122721e+00,1.499919731485452346e+01
6.517303460692138728e+00,1.499919817291378443e+01
6.519303860772154735e+00,1.499919903061083559e+01
6.521304260852170742e+00,1.499919988793197234e+01
6.523304660932186749e+00,1.499920074489171640e+01
6.525305061012202756e+00,1.499920160148080406e+01
6.527305461092218763e+00,1.499920245770098326e+01
6.529305861172234771e+00,1.499920331355645153e+01
6.531306261252250778e+00,1.499920416904301845e+01
6.533306661332266785e+00,1.499920502416248880e+01
6.535307061412282792e+00,1.499920587891396018e+01
6.537307461492298799e+00,1.499920673330339937e+01
6.539307861572314806e+00,1.499920758731690640e+01
6.541308261652330813e+00,1.499920844097144013e+01
6.543308661732346820e+00,1.499920929425442218e+01
6.545309061812362827e+00,1.499921014717186374e+01
6.547309461892378835e+00,1.499921099972845795e+01
6.549309861972394842e+00,1.499921185191341166e+01
6.551310262052410849e+00,1.499921270373178572e+01
6.553310662132426856e+00,1.499921355519006205e+01
6.555311062212442863e+00,1.499921440627604952e+01
6.557311462292458870e+00,1.499921525700222169e+01
6.559311862372474877e+00,1.499921610736424604e+01
6.561312262452490884e+00,1.499921695735213767e+01
6.563312662532506891e+00,1.499921780698184470e+01
6.565313062612522899e+00,1.499921865624352968e+01
6.567313462692538906e+00,1.499921950514266555e+01
6.569313862772554913e+00,1.499922035368117612e+01
6.571314262852570920e+00,1.499922120184821317e+01
6.573314662932586927e+00,1.499922204965473149e+01
6.575315063012602934e+00,1.499922289710046464e+01
6.577315463092618941e+00,1.499922374417701221e+01
6.579315863172634948e+00,1.499922459089013671e+01
6.581316263252650955e+00,1.499922543724153279e+01
6.583316663332666963e+00,1.499922628322507201e+01
6.585317063412682970e+00,1.499922712885257425e+01
6.587317463492698977e+00,1.499922797411553432e+01
6.589317863572714984e+00,1.499922881901346727e+01
6.591318263652730991e+00,1.499922966355046938e+01
6.593318663732746998e+00,1.499923050772093447e+01
6.595319063812763005e+00,1.499923135153126985e+01
6.597319463892779012e+00,1.499923219498070814e+01
6.599319863972795019e+00,1.499923303807074149e+01
6.601320264052810138e+00,1.499923388079171716e+01
6.603320664132826145e+00,1.499923472315565220e+01
6.605321064212842153e+00,1.499923556515777534e+01
6.607321464292858160e+00,1.499923640679837611e+01
6.609321864372874167e+00,1.499923724806754244e+01
6.611322264452890174e+00,1.499923808898802946e+01
6.613322664532906181e+00,1.499923892954373628e+01
6.615323064612922188e+00,1.499923976973894391e+01
6.617323464692938195e+00,1.499924060957153493e+01
6.619323864772954202e+00,1.499924144904415968e+01
6.621324264852970209e+00,1.499924228815613780e+01
6.623324664932986217e+00,1.499924312691192618e+01
6.625325065013002224e+00,1.499924396530772697e+01
6.627325465093018231e+00,1.499924480333753785e+01
6.629325865173034238e+00,1.499924564100999369e+01
6.631326265253050245e+00,1.499924647832490798e+01
6.633326665333066252e+00,1.499924731527638144e+01
6.635327065413082259e+00,1.499924815187053717e+01
6.637327465493098266e+00,1.499924898811050511e+01
6.639327865573114273e+00,1.499924982398245810e+01
6.641328265653130281e+00,1.499925065950048264e+01
6.643328665733146288e+00,1.499925149465727259e+01
6.645329065813162295e+00,1.499925232946246112e+01
6.647329465893178302e+00,1.499925316390078400e+01
6.649329865973194309e+00,1.499925399798631176e+01
6.651330266053210316e+00,1.499925483170954088e+01
6.653330666133226323e+00,1.499925566507414842e+01
6.655331066213242330e+00,1.499925649808935901e+01
6.657331466293258337e+00,1.499925733073571621e+01
6.659331866373274345e+00,1.499925816303307791e+01
6.661332266453290352e+00,1.499925899496507675e+01
6.663332666533306359e+00,1.499925982655056522e+01
6.665333066613322366e+00,1.499926065776963213e+01
6.667333466693338373e+00,1.499926148863935893e+01
6.669333866773354380e+00,1.499926231914503205e+01
6.671334266853370387e+00,1.499926314929850157e+01
6.673334666933386394e+00,1.499926397909400677e+01
6.675335067013402401e+00,1.499926480853601518e+01
6.677335467093418409e+00,1.499926563761688669e+01
6.679335867173434416e+00,1.499926646634457406e+01
6.681336267253450423e+00,1.499926729471830633e+01
6.683336667333466430e+00,1.499926812273311683e+01
6.685337067413482437e+00,1.499926895039489416e+01
6.687337467493498444e+00,1.499926977770217640e+01
6.689337867573514451e+00,1.499927060465222439e+01
6.691338267653530458e+00,1.499927143125002971e+01
6.693338667733546465e+00,1.499927225748731097e+01
6.695339067813562473e+00,1.499927308337536935e+01
6.697339467893578480e+00,1.499927390890723444e+01
6.699339867973594487e+00,1.499927473408216727e+01
6.701340268053610494e+00,1.499927555890592146e+01
6.703340668133626501e+00,1.499927638337127789e+01
6.705341068213642508e+00,1.499927720748853588e+01
6.707341468293658515e+00,1.499927803124699821e+01
6.709341868373674522e+00,1.499927885465260324e+01
6.711342268453690529e+00,1.499927967770390147e+01
6.713342668533706536e+00,1.499928050040476357e+01
6.715343068613722544e+00,1.499928132274842874e+01
6.717343468693738551e+00,1.499928214474665111e+01
6.719343868773754558e+00,1.499928296638067771e+01
6.721344268853770565e+00,1.499928378766641757e+01
6.723344668933786572e+00,1.499928460860295765e+01
6.725345069013802579e+00,1.499928542918742735e+01
6.727345469093818586e+00,1.499928624941538402e+01
6.729345869173834593e+00,1.499928706929879496e+01
6.731346269253850600e+00,1.499928788882471764e+01
6.733346669333866608e+00,1.499928870799756986e+01
6.735347069413882615e+00,1.499928952681950989e+01
6.737347469493898622e+00,1.499929034529152361e+01
6.739347869573914629e+00,1.499929116341331792e+01
6.741348269653930636e+00,1.499929198117572859e+01
6.743348669733946643e+00,1.499929279859539122e+01
6.745349069813962650e+00,1.499929361566463548e+01
6.747349469893978657e+00,1.499929443237593674e+01
6.749349869973994664e+00,1.499929524874260167e+01
6.751350270054010672e+00,1.499929606475851784e+01
6.753350670134026679e+00,1.499929688042080222e+01
6.755351070214042686e+00,1.499929769573274640e+01
6.757351470294058693e+00,1.499929851070333164e+01
6.759351870374074700e+00,1.499929932531495069e+01
6.761352270454090707e+00,1.499930013957634145e+01
6.763352670534106714e+00,1.499930095349217574e+01
6.765353070614122721e+00,1.499930176705828977e+01
6.767353470694138728e+00,1.499930258027243646e+01
6.769353870774154736e+00,1.499930339313620209e+01
6.771354270854170743e+00,1.499930420565723921e+01
6.773354670934186750e+00,1.499930501782651149e+01
6.775355071014202757e+00,1.499930582964352688e+01
6.777355471094218764e+00,1.499930664111512257e+01
6.779355871174234771e+00,1.499930745223768014e+01
6.781356271254250778e+00,1.499930826300903419e+01
6.783356671334266785e+00,1.499930907343808606e+01
6.785357071414282792e+00,1.499930988351595396e+01
6.787357471494298800e+00,1.499931069324741983e+01
6.789357871574314807e+00,1.499931150263157775e+01
6.791358271654330814e+00,1.499931231166592482e+01
6.793358671734346821e+00,1.499931312035763931e+01
6.795359071814362828e+00,1.499931392869772573e+01
6.797359471894378835e+00,1.499931473668886994e+01
6.799359871974394842e+00,1.499931554434091296e+01
6.801360272054410849e+00,1.499931635164143096e+01
6.803360672134426856e+00,1.499931715859701953e+01
6.805361072214442864e+00,1.499931796519972771e+01
6.807361472294458871e+00,1.499931877146181236e+01
6.809361872374474878e+00,1.499931957737692834e+01
6.811362272454490885e+00,1.499932038294682179e+01
6.813362672534506892e+00,1.499932118816979809e+01
6.815363072614522899e+00,1.499932199304789648e+01
6.817363472694538906e+00,1.499932279757915943e+01
6.819363872774554913e+00,1.499932360176699042e+01
6.821364272854570920e+00,1.499932440560592717e+01
6.823364672934586928e+00,1.499932520910163092e+01
6.825365073014602935e+00,1.499932601225805584e+01
6.827365473094618942e+00,1.499932681505779719e+01
6.829365873174634949e+00,1.499932761752160104e+01
6.831366273254650956e+00,1.499932841963713592e+01
6.833366673334666963e+00,1.499932922141076297e+01
6.835367073414682970e+00,1.499933002284369898e+01
6.837367473494698977e+00,1.499933082392196404e+01
6.839367873574714984e+00,1.499933162466209779e+01
6.841368273654730991e+00,1.499933242506007325e+01
6.843368673734746999e+00,1.499933322511264144e+01
6.845369073814763006e+00,1.499933402481923217e+01
6.847369473894779013e+00,1.499933482418638953e+01
6.849369873974795020e+00,1.499933562320940794e+01
6.851370274054811027e+00,1.499933642188643468e+01
6.853370674134827034e+00,1.499933722022089988e+01
6.855371074214843041e+00,1.499933801822008839e+01
6.857371474294859048e+00,1.499933881587132589e+01
6.859371874374875055e+00,1.499933961317959330e+01
6.861372274454891063e+00,1.499934041014586938e+01
6.863372674534907070e+00,1.499934120677077409e+01
6.865373074614923077e+00,1.499934200305327359e+01
6.867373474694939084e+00,1.499934279899536627e+01
6.869373874774955091e+00,1.499934359459341593e+01
6.871374274854971098e+00,1.499934438984683993e+01
6.873374674934987105e+00,1.499934518476646339e+01
6.875375075015003112e+00,1.499934597933907021e+01
6.877375475095019119e+00,1.499934677357422430e+01
6.879375875175035127e+00,1.499934756746972653e+01
6.881376275255051134e+00,1.499934836101880542e+01
6.883376675335067141e+00,1.499934915423193438e+01
6.885377075415083148e+00,1.499934994709860270e+01
6.887377475495099155e+00,1.499935073962771348e+01
6.889377875575115162e+00,1.499935153181888658e+01
6.891378275655131169e+00,1.499935232366897075e+01
6.893378675735147176e+00,1.499935311517697301e+01
6.895379075815163183e+00,1.499935390634722054e+01
6.897379475895179191e+00,1.499935469717116909e+01
6.899379875975195198e+00,1.499935548766406512e+01
6.901380276055211205e+00,1.499935627781646552e+01
6.903380676135227212e+00,1.499935706762892984e+01
6.905381076215243219e+00,1.499935785709808833e+01
6.907381476295259226e+00,1.499935864623135018e+01
6.909381876375275233e+00,1.499935943502920388e+01
6.911382276455291240e+00,1.499936022348323661e+01
6.913382676535307247e+00,1.499936101159999957e+01
6.915383076615323255e+00,1.499936179938059766e+01
6.917383476695339262e+00,1.499936258682196666e+01
6.919383876775355269e+00,1.499936337392240837e+01
6.921384276855371276e+00,1.499936416069679268e+01
6.923384676935387283e+00,1.499936494711969104e+01
6.925385077015403290e+00,1.499936573320851885e+01
6.927385477095419297e+00,1.499936651896333117e+01
6.929385877175435304e+00,1.499936730437334909e+01
6.931386277255451311e+00,1.499936808945578903e+01
6.933386677335467319e+00,1.499936887419373477e+01
6.935387077415483326e+00,1.499936965859710192e+01
6.937387477495499333e+00,1.499937044266425623e+01
6.939387877575515340e+00,1.499937122639369846e+01
6.941388277655531347e+00,1.499937200978217078e+01
6.943388677735547354e+00,1.499937279284383074e+01
6.945389077815563361e+00,1.499937357556534856e+01
6.947389477895579368e+00,1.499937435794864271e+01
6.949389877975595375e+00,1.499937513999960892e+01
6.951390278055611383e+00,1.499937592171241185e+01
6.953390678135627390e+00,1.499937670308671045e+01
6.955391078215643397e+00,1.499937748412880723e+01
6.957391478295659404e+00,1.499937826483356140e+01
6.959391878375675411e+00,1.499937904520771781e+01
6.961392278455691418e+00,1.499937982524800972e+01
6.963392678535707425e+00,1.499938060494646486e+01
6.965393078615723432e+00,1.499938138431263468e+01
6.967393478695739439e+00,1.499938216334725105e+01
6.969393878775755446e+00,1.499938294204484457e+01
6.971394278855771454e+00,1.499938372040595880e+01
6.973394678935787461e+00,1.499938449843338439e+01
6.975395079015803468e+00,1.499938527613027439e+01
6.977395479095819475e+00,1.499938605349250764e+01
6.979395879175835482e+00,1.499938683051580490e+01
6.981396279255851489e+00,1.499938760721568798e+01
6.983396679335867496e+00,1.499938838357440218e+01
6.985397079415883503e+00,1.499938915960068897e+01
6.987397479495899510e+00,1.499938993529435649e+01
6.989397879575915518e+00,1.499939071065621476e+01
6.991398279655931525e+00,1.499939148568852865e+01
6.993398679735947532e+00,1.499939226038175200e+01
6.995399079815963539e+00,1.499939303474133467e+01
6.997399479895979546e+00,1.499939380877172290e+01
6.999399879975995553e+00,1.499939458247388835e+01
7.001400280056011560e+00,1.499939535583828309e+01
7.003400680136027567e+00,1.499939612887505902e+01
7.005401080216043574e+00,1.499939690157395411e+01
7.007401480296059582e+00,1.499939767394342027e+01
7.009401880376075589e+00,1.499939844598042882e+01
7.011402280456091596e+00,1.499939921768899254e+01
7.013402680536107603e+00,1.499939998906804384e+01
7.015403080616123610e+00,1.499940076011047552e+01
7.017403480696139617e+00,1.499940153082299155e+01
7.019403880776155624e+00,1.499940230120205520e+01
7.021404280856171631e+00,1.499940307125573824e+01
7.023404680936187638e+00,1.499940384097648227e+01
7.025405081016203646e+00,1.499940461036679551e+01
7.027405481096219653e+00,1.499940537942841878e+01
7.029405881176235660e+00,1.499940614815646001e+01
7.031406281256251667e+00,1.499940691655685754e+01
7.033406681336267674e+00,1.499940768462980145e+01
7.035407081416283681e+00,1.499940845236985787e+01
7.037407481496299688e+00,1.499940921977725949e+01
7.039407881576315695e+00,1.499940998686261118e+01
7.041408281656331702e+00,1.499941075361373777e+01
7.043408681736347710e+00,1.499941152003479417e+01
7.045409081816363717e+00,1.499941228612887301e+01
7.047409481896379724e+00,1.499941305189027574e+01
7.049409881976395731e+00,1.499941381732886114e+01
7.051410282056411738e+00,1.499941458243625192e+01
7.053410682136427745e+00,1.499941534721477510e+01
7.055411082216443752e+00,1.499941611166296340e+01
7.057411482296458871e+00,1.499941687579127425e+01
7.059411882376474878e+00,1.499941763958280916e+01
7.061412282456490885e+00,1.499941840304479612e+01
7.063412682536506892e+00,1.499941916619130566e+01
7.065413082616522900e+00,1.499941992899598198e+01
7.067413482696538907e+00,1.499942069147818913e+01
7.069413882776554914e+00,1.499942145363400492e+01
7.071414282856570921e+00,1.499942221546661081e+01
7.073414682936586928e+00,1.499942297696776095e+01
7.075415083016602935e+00,1.499942373814152319e+01
7.077415483096618942e+00,1.499942449898930796e+01
7.079415883176634949e+00,1.499942525950833350e+01
7.081416283256650956e+00,1.499942601970135492e+01
7.083416683336666964e+00,1.499942677956913606e+01
7.085417083416682971e+00,1.499942753911533089e+01
7.087417483496698978e+00,1.499942829832599145e+01
7.089417883576714985e+00,1.499942905721591835e+01
7.091418283656730992e+00,1.499942981578447210e+01
7.093418683736746999e+00,1.499943057402069613e+01
7.095419083816763006e+00,1.499943133193291622e+01
7.097419483896779013e+00,1.499943208951842877e+01
7.099419883976795020e+00,1.499943284677894795e+01
7.101420284056811028e+00,1.499943360372282264e+01
7.103420684136827035e+00,1.499943436032959454e+01
7.105421084216843042e+00,1.499943511661965623e+01
7.107421484296859049e+00,1.499943587258415612e+01
7.109421884376875056e+00,1.499943662822232859e+01
7.111422284456891063e+00,1.499943738353632483e+01
7.113422684536907070e+00,1.499943813852277685e+01
7.115423084616923077e+00,1.499943889318940116e+01
7.117423484696939084e+00,1.499943964752909054e+01
7.119423884776955092e+00,1.499944040154693425e+01
7.121424284856971099e+00,1.499944115524315258e+01
7.123424684936987106e+00,1.499944190860757942e+01
7.125425085017003113e+00,1.499944266165714346e+01
7.127425485097019120e+00,1.499944341438484052e+01
7.129425885177035127e+00,1.499944416678144243e+01
7.131426285257051134e+00,1.499944491885318776e+01
7.133426685337067141e+00,1.499944567061330680e+01
7.135427085417083148e+00,1.499944642203896450e+01
7.137427485497099156e+00,1.499944717315531584e+01
7.139427885577115163e+00,1.499944792393548276e+01
7.141428285657131170e+00,1.499944867439750773e+01
7.143428685737147177e+00,1.499944942454445140e+01
7.145429085817163184e+00,1.499945017435891437e+01
7.147429485897179191e+00,1.499945092385411627e+01
7.149429885977195198e+00,1.499945167303168780e+01
7.151430286057211205e+00,1.499945242188605121e+01
7.153430686137227212e+00,1.499945317041702708e+01
7.155431086217243219e+00,1.499945391863301758e+01
7.157431486297259227e+00,1.499945466651868742e+01
7.159431886377275234e+00,1.499945541408901128e+01
7.161432286457291241e+00,1.499945616133660309e+01
7.163432686537307248e+00,1.499945690826783817e+01
7.165433086617323255e+00,1.499945765487210636e+01
7.167433486697339262e+00,1.499945840116054363e+01
7.169433886777355269e+00,1.499945914712410655e+01
7.171434286857371276e+00,1.499945989276625724e+01
7.173434686937387283e+00,1.499946063809141705e+01
7.175435087017403291e+00,1.499946138310023436e+01
7.177435487097419298e+00,1.499946212778274912e+01
7.179435887177435305e+00,1.499946287214406837e+01
7.181436287257451312e+00,1.499946361619398161e+01
7.183436687337467319e+00,1.499946435992078975e+01
7.185437087417483326e+00,1.499946510332643612e+01
7.187437487497499333e+00,1.499946584640949609e+01
7.189437887577515340e+00,1.499946658918326214e+01
7.191438287657531347e+00,1.499946733162852119e+01
7.193438687737547355e+00,1.499946807376418789e+01
7.195439087817563362e+00,1.499946881557712608e+01
7.197439487897579369e+00,1.499946955707148000e+01
7.199439887977595376e+00,1.499947029824420852e+01
7.201440288057611383e+00,1.499947103909899582e+01
7.203440688137627390e+00,1.499947177963801792e+01
7.205441088217643397e+00,1.499947251985946117e+01
7.207441488297659404e+00,1.499947325976495627e+01
7.209441888377675411e+00,1.499947399934981362e+01
7.211442288457691419e+00,1.499947473862007641e+01
7.213442688537707426e+00,1.499947547756808852e+01
7.215443088617723433e+00,1.499947621620425231e+01
7.217443488697739440e+00,1.499947695452179097e+01
7.219443888777755447e+00,1.499947769251779128e+01
7.221444288857771454e+00,1.499947843020284388e+01
7.223444688937787461e+00,1.499947916756677735e+01
7.225445089017803468e+00,1.499947990462011482e+01
7.227445489097819475e+00,1.499948064135167414e+01
7.229445889177835483e+00,1.499948137776686430e+01
7.231446289257851490e+00,1.499948211386984909e+01
7.233446689337867497e+00,1.499948284965201672e+01
7.235447089417883504e+00,1.499948358511769619e+01
7.237447489497899511e+00,1.499948432027354528e+01
7.239447889577915518e+00,1.499948505511012087e+01
7.241448289657931525e+00,1.499948578963072343e+01
7.243448689737947532e+00,1.499948652384090941e+01
7.245449089817963539e+00,1.499948725772884295e+01
7.247449489897979547e+00,1.499948799130512356e+01
7.249449889977995554e+00,1.499948872456763205e+01
7.251450290058011561e+00,1.499948945750753992e+01
7.253450690138027568e+00,1.499949019014247931e+01
7.255451090218043575e+00,1.499949092246037452e+01
7.257451490298059582e+00,1.499949165446242105e+01
7.259451890378075589e+00,1.499949238614719071e+01
7.261452290458091596e+00,1.499949311752447478e+01
7.263452690538107603e+00,1.499949384857998247e+01
7.265453090618123611e+00,1.499949457932674157e+01
7.267453490698139618e+00,1.499949530975993461e+01
7.269453890778155625e+00,1.499949603987550439e+01
7.271454290858171632e+00,1.499949676968660661e+01
7.273454690938187639e+00,1.499949749917720077e+01
7.275455091018203646e+00,1.499949822836029512e+01
7.277455491098219653e+00,1.499949895721884552e+01
7.279455891178235660e+00,1.499949968577580606e+01
7.281456291258251667e+00,1.499950041401266354e+01
7.283456691338267674e+00,1.499950114194322737e+01
7.285457091418283682e+00,1.499950186955623899e+01
7.287457491498299689e+00,1.499950259685634357e+01
7.289457891578315696e+00,1.499950332384784701e+01
7.291458291658331703e+00,1.499950405268977960e+01
7.293458691738347710e+00,1.499950478953852340e+01
7.295459091818363717e+00,1.499950551208062421e+01
7.297459491898379724e+00,1.499950623517515425e+01
7.299459891978395731e+00,1.499950695860264105e+01
7.301460292058411738e+00,1.499950768221247088e+01
7.303460692138427746e+00,1.499950840588151557e+01
7.305461092218443753e+00,1.499950912952840554e+01
7.307461492298459760e+00,1.499950985307595808e+01
7.309461892378475767e+00,1.499951057648546104e+01
7.311462292458491774e+00,1.499951129970965447e+01
7.313462692538507781e+00,1.499951202271676465e+01
7.315463092618523788e+00,1.499951274548554281e+01
7.317463492698539795e+00,1.499951346800499152e+01
7.319463892778555802e+00,1.499951419025142307e+01
7.321464292858571810e+00,1.499951491221629141e+01
7.323464692938587817e+00,1.499951563390320963e+01
7.325465093018603824e+00,1.499951635529668437e+01
7.327465493098619831e+00,1.499951707638408926e+01
7.329465893178635838e+00,1.499951779976107424e+01
7.331466293258651845e+00,1.499951853032352567e+01
7.333466693338667852e+00,1.499951924700223138e+01
7.335467093418683859e+00,1.499951996422985800e+01
7.337467493498699866e+00,1.499952068179417708e+01
7.339467893578715874e+00,1.499952139954568331e+01
7.341468293658731881e+00,1.499952211736198038e+01
7.343468693738747888e+00,1.499952283516160101e+01
7.345469093818763895e+00,1.499952355286709782e+01
7.347469493898779902e+00,1.499952427042626368e+01
7.349469893978795909e+00,1.499952498781012267e+01
7.351470294058811916e+00,1.499952570497424986e+01
7.353470694138827923e+00,1.499952642190281082e+01
7.355471094218843930e+00,1.499952713858000486e+01
7.357471494298859938e+00,1.499952785499234587e+01
7.359471894378875945e+00,1.499952857112392479e+01
7.361472294458891952e+00,1.499952928697185506e+01
7.363472694538907959e+00,1.499953000527563596e+01
7.365473094618923966e+00,1.499953073043837826e+01
7.367473494698939973e+00,1.499953144188891230e+01
7.369473894778955980e+00,1.499953215389680139e+01
7.371474294858971987e+00,1.499953286624669957e+01
7.373474694938987994e+00,1.499953357878605509e+01
7.375475095019004002e+00,1.499953429139493011e+01
7.377475495099020009e+00,1.499953500398690842e+01
7.379475895179036016e+00,1.499953571648748429e+01
7.381476295259052023e+00,1.499953642884761251e+01
7.383476695339068030e+00,1.499953714102262659e+01
7.385477095419084037e+00,1.499953785298896136e+01
7.387477495499100044e+00,1.499953856472476055e+01
7.389477895579116051e+00,1.499953927620218330e+01
7.391478295659132058e+00,1.499953998741782435e+01
7.393478695739148066e+00,1.499954069835716730e+01
7.395479095819164073e+00,1.499954141194392676e+01
7.397479495899180080e+00,1.499954213200287256e+01
7.399479895979196087e+00,1.499954283857063331e+01
7.401480296059212094e+00,1.499954354569479875e+01
7.403480696139228101e+00,1.499954425316745343e+01
7.405481096219244108e+00,1.499954496083299027e+01
7.407481496299260115e+00,1.499954566856615124e+01
7.409481896379276122e+00,1.499954637628091447e+01
7.411482296459292129e+00,1.499954708390999691e+01
7.413482696539308137e+00,1.499954779139946659e+01
7.415483096619324144e+00,1.499954849871325457e+01
7.417483496699340151e+00,1.499954920581240003e+01
7.419483896779356158e+00,1.499954991268431037e+01
7.421484296859372165e+00,1.499955061930113587e+01
7.423484696939388172e+00,1.499955132565501792e+01
7.425485097019404179e+00,1.499955203493764522e+01
7.427485497099420186e+00,1.499955275016762357e+01
7.429485897179436193e+00,1.499955345217387581e+01
7.431486297259452201e+00,1.499955415473658427e+01
7.433486697339468208e+00,1.499955485765173968e+01
7.435487097419484215e+00,1.499955556076463381e+01
7.437487497499500222e+00,1.499955626395414932e+01
7.439487897579516229e+00,1.499955696712785880e+01
7.441488297659532236e+00,1.499955767021142705e+01
7.443488697739548243e+00,1.499955837316289120e+01
7.445489097819564250e+00,1.499955907593261983e+01
7.447489497899580257e+00,1.499955977850397737e+01
7.449489897979596265e+00,1.499956048083653570e+01
7.451490298059612272e+00,1.499956118292737806e+01
7.453490698139628279e+00,1.499956188816043046e+01
7.455491098219644286e+00,1.499956259895941812e+01
7.457491498299660293e+00,1.499956329672093247e+01
7.459491898379676300e+00,1.499956399505070692e+01
7.461492298459692307e+00,1.499956469373224621e+01
7.463492698539708314e+00,1.499956539262273303e+01
7.465493098619724321e+00,1.499956609158615173e+01
7.467493498699740329e+00,1.499956679053692454e+01
7.469493898779756336e+00,1.499956748941430007e+01
7.471494298859772343e+00,1.499956818815448578e+01
7.473494698939788350e+00,1.499956888672150690e+01
7.475495099019804357e+00,1.499956958507737070e+01
7.477495499099820364e+00,1.499957028321064811e+01
7.479495899179836371e+00,1.499957098494401109e+01
7.481496299259852378e+00,1.499957169146502522e+01
7.483496699339868385e+00,1.499957238527894177e+01
7.485497099419884393e+00,1.499957307967376607e+01
7.487497499499900400e+00,1.499957377444139794e+01
7.489497899579916407e+00,1.499957446941340677e+01
7.491498299659932414e+00,1.499957516447966199e+01
7.493498699739948421e+00,1.499957585953281480e+01
7.495499099819964428e+00,1.499957655451097871e+01
7.497499499899980435e+00,1.499957724936001391e+01
7.499499899979996442e+00,1.499957794403757205e+01
7.501500300060012449e+00,1.499957863851622264e+01
7.503500700140028457e+00,1.499957933276467337e+01
7.505501100220044464e+00,1.499958003066247869e+01
7.507501500300060471e+00,1.499958073320825491e+01
7.509501900380076478e+00,1.499958142316275023e+01
7.511502300460091597e+00,1.499958211369297167e+01
7.513502700540107604e+00,1.499958280459316029e+01
7.515503100620123611e+00,1.499958349570803762e+01
7.517503500700139618e+00,1.499958418690541073e+01
7.519503900780155625e+00,1.499958487809633567e+01
7.521504300860171632e+00,1.499958556921020580e+01
7.523504700940187639e+00,1.499958626019583541e+01
7.525505101020203647e+00,1.499958695100907846e+01
7.527505501100219654e+00,1.499958764162857783e+01
7.529505901180235661e+00,1.499958833201407771e+01
7.531506301260251668e+00,1.499958902602726774e+01
7.533506701340267675e+00,1.499958972467478091e+01
7.535507101420283682e+00,1.499959041079611310e+01
7.537507501500299689e+00,1.499959109748895791e+01
7.539507901580315696e+00,1.499959178454394504e+01
7.541508301660331703e+00,1.499959247181531374e+01
7.543508701740347711e+00,1.499959315916759550e+01
7.545509101820363718e+00,1.499959384651649152e+01
7.547509501900379725e+00,1.499959453378755825e+01
7.549509901980395732e+00,1.499959522092879283e+01
7.551510302060411739e+00,1.499959590790366981e+01
7.553510702140427746e+00,1.499959659467429240e+01
7.555511102220443753e+00,1.499959728559707450e+01
7.557511502300459760e+00,1.499959798028409708e+01
7.559511902380475767e+00,1.499959866279056087e+01
7.561512302460491775e+00,1.499959934589237776e+01
7.563512702540507782e+00,1.499960002937587689e+01
7.565513102620523789e+00,1.499960071308126963e+01
7.567513502700539796e+00,1.499960139687779659e+01
7.569513902780555803e+00,1.499960208067844647e+01
7.571514302860571810e+00,1.499960276440265261e+01
7.573514702940587817e+00,1.499960344800964052e+01
7.575515103020603824e+00,1.499960413144820492e+01
7.577515503100619831e+00,1.499960481469202200e+01
7.579515903180635839e+00,1.499960550209290666e+01
7.581516303260651846e+00,1.499960619319294963e+01
7.583516703340667853e+00,1.499960687218812261e+01
7.585517103420683860e+00,1.499960755178528515e+01
7.587517503500699867e+00,1.499960823175484492e+01
7.589517903580715874e+00,1.499960891194554868e+01
7.591518303660731881e+00,1.499960959223098911e+01
7.593518703740747888e+00,1.499961027252061996e+01
7.595519103820763895e+00,1.499961095273391187e+01
7.597519503900779902e+00,1.499961163283363419e+01
7.599519903980795910e+00,1.499961231276640028e+01
7.601520304060811917e+00,1.499961299250124291e+01
7.603520704140827924e+00,1.499961367635594023e+01
7.605521104220843931e+00,1.499961436392878511e+01
7.607521504300859938e+00,1.499961503943829477e+01
7.609521904380875945e+00,1.499961571554923800e+01
7.611522304460891952e+00,1.499961639202463637e+01
7.613522704540907959e+00,1.499961706871912348e+01
7.615523104620923966e+00,1.499961774551501215e+01
7.617523504700939974e+00,1.499961842230979059e+01
7.619523904780955981e+00,1.499961909903685786e+01
7.621524304860971988e+00,1.499961977564240811e+01
7.623524704940987995e+00,1.499962045207854189e+01
7.625525105021004002e+00,1.499962112832254135e+01
7.627525505101020009e+00,1.499962180869856532e+01
7.629525905181036016e+00,1.499962249270776304e+01
7.631526305261052023e+00,1.499962316475228619e+01
7.633526705341068030e+00,1.499962383737938509e+01
7.635527105421084038e+00,1.499962451038484268e+01
7.637527505501100045e+00,1.499962518360582564e+01
7.639527905581116052e+00,1.499962585692385630e+01
7.641528305661132059e+00,1.499962653024220494e+01
7.643528705741148066e+00,1.499962720349118861e+01
7.645529105821164073e+00,1.499962787662197350e+01
7.647529505901180080e+00,1.499962854958656600e+01
7.649529905981196087e+00,1.499962922723606518e+01
7.651530306061212094e+00,1.499962990766229964e+01
7.653530706141228102e+00,1.499963057643503994e+01
7.655531106221244109e+00,1.499963124580465212e+01
7.657531506301260116e+00,1.499963191558223841e+01
7.659531906381276123e+00,1.499963258558534207e+01
7.661532306461292130e+00,1.499963325569867756e+01
7.663532706541308137e+00,1.499963392581813437e+01
7.665533106621324144e+00,1.499963459588111192e+01
7.667533506701340151e+00,1.499963526582514994e+01
7.669533906781356158e+00,1.499963593561098207e+01
7.671534306861372166e+00,1.499963661021443251e+01
7.673534706941388173e+00,1.499963728732484647e+01
7.675535107021404180e+00,1.499963795292782720e+01
7.677535507101420187e+00,1.499963861914592300e+01
7.679535907181436194e+00,1.499963928575811423e+01
7.681536307261452201e+00,1.499963995261268757e+01
7.683536707341468208e+00,1.499964061956364780e+01
7.685537107421484215e+00,1.499964128652919371e+01
7.687537507501500222e+00,1.499964195343227402e+01
7.689537907581516230e+00,1.499964262022369432e+01
7.691538307661532237e+00,1.499964328685995518e+01
7.693538707741548244e+00,1.499964395828732400e+01
7.695539107821564251e+00,1.499964463220657152e+01
7.697539507901580258e+00,1.499964529468011420e+01
7.699539907981596265e+00,1.499964595776119403e+01
7.701540308061612272e+00,1.499964662124038028e+01
7.703540708141628279e+00,1.499964728494943955e+01
7.705541108221644286e+00,1.499964794876403751e+01
7.707541508301660294e+00,1.499964861258719573e+01
7.709541908381676301e+00,1.499964927635854472e+01
7.711542308461692308e+00,1.499964994001080321e+01
7.713542708541708315e+00,1.499965060350289825e+01
7.715543108621724322e+00,1.499965127185044622e+01
7.717543508701740329e+00,1.499965194253300993e+01
7.719543908781756336e+00,1.499965260188760219e+01
7.721544308861772343e+00,1.499965326184386427e+01
7.723544708941788350e+00,1.499965392219659854e+01
7.725545109021804357e+00,1.499965458277595864e+01
7.727545509101820365e+00,1.499965524346246326e+01
7.729545909181836372e+00,1.499965590416807082e+01
7.731546309261852379e+00,1.499965656480403631e+01
7.733546709341868386e+00,1.499965722533225332e+01
7.735547109421884393e+00,1.499965788570066394e+01
7.737547509501900400e+00,1.499965855090091438e+01
7.739547909581916407e+00,1.499965921842442995e+01
7.741548309661932414e+00,1.499965987466718431e+01
7.743548709741948421e+00,1.499966053151990586e+01
7.745549109821964429e+00,1.499966118875641463e+01
7.747549509901980436e+00,1.499966184622827825e+01
7.749549909981996443e+00,1.499966250380537147e+01
7.751550310062012450e+00,1.499966316139445688e+01
7.753550710142028457e+00,1.499966381892465073e+01
7.755551110222044464e+00,1.499966447634074207e+01
7.757551510302060471e+00,1.499966513936752754e+01
7.759551910382076478e+00,1.499966580351710554e+01
7.761552310462092485e+00,1.499966645680050803e+01
7.763552710542108493e+00,1.499966711072277370e+01
7.765553110622124500e+00,1.499966776506590271e+01
7.767553510702140507e+00,1.499966841965612474e+01
7.769553910782156514e+00,1.499966907436875907e+01
7.771554310862172521e+00,1.499966972910246810e+01
7.773554710942188528e+00,1.499967038379220341e+01
7.775555111022204535e+00,1.499967103837789217e+01
7.777555511102220542e+00,1.499967169879946383e+01
7.779555911182236549e+00,1.499967235991147163e+01
7.781556311262252557e+00,1.499967301038321033e+01
7.783556711342268564e+00,1.499967366148630532e+01
7.785557111422284571e+00,1.499967431301524989e+01
7.787557511502300578e+00,1.499967496479817797e+01
7.789557911582316585e+00,1.499967561670456107e+01
7.791558311662332592e+00,1.499967626863493386e+01
7.793558711742348599e+00,1.499967692051532708e+01
7.795559111822364606e+00,1.499967757229359044e+01
7.797559511902380613e+00,1.499967822995621880e+01
7.799559911982396621e+00,1.499967888818938988e+01
7.801560312062412628e+00,1.499967953586960867e+01
7.803560712142428635e+00,1.499968018418531912e+01
7.805561112222444642e+00,1.499968083292833398e+01
7.807561512302460649e+00,1.499968148192156470e+01
7.809561912382476656e+00,1.499968213103439929e+01
7.811562312462492663e+00,1.499968278017612278e+01
7.813562712542508670e+00,1.499968342926960929e+01
7.815563112622524677e+00,1.499968407825919314e+01
7.817563512702540685e+00,1.499968473315757223e+01
7.819563912782556692e+00,1.499968538852687061e+01
7.821564312862572699e+00,1.499968603342920659e+01
7.823564712942588706e+00,1.499968667898236063e+01
7.825565113022604713e+00,1.499968732494722268e+01
7.827565513102620720e+00,1.499968797116294361e+01
7.829565913182636727e+00,1.499968861749471394e+01
7.831566313262652734e+00,1.499968926385944812e+01
7.833566713342668741e+00,1.499968991017675357e+01
7.835567113422684749e+00,1.499969055639015636e+01
7.837567513502700756e+00,1.499969120841187120e+01
7.839567913582716763e+00,1.499969186104869578e+01
7.841568313662732770e+00,1.499969250319056258e+01
7.843568713742748777e+00,1.499969314597523962e+01
7.845569113822764784e+00,1.499969378917444551e+01
7.847569513902780791e+00,1.499969443262290625e+01
7.849569913982796798e+00,1.499969507618756559e+01
7.851570314062812805e+00,1.499969571978912519e+01
7.853570714142828812e+00,1.499969636333896972e+01
7.855571114222844820e+00,1.499969700678427920e+01
7.857571514302860827e+00,1.499969765599993110e+01
7.859571914382876834e+00,1.499969830585413177e+01
7.861572314462892841e+00,1.499969894524674707e+01
7.863572714542908848e+00,1.499969958527701941e+01
7.865573114622924855e+00,1.499970022571991990e+01
7.867573514702940862e+00,1.499970086641321032e+01
7.869573914782956869e+00,1.499970150722969109e+01
7.871574314862972876e+00,1.499970214806563362e+01
7.873574714942988884e+00,1.499970278886192432e+01
7.875575115023004891e+00,1.499970342954951263e+01
7.877575515103020898e+00,1.499970407603412959e+01
7.879575915183036905e+00,1.499970472305909475e+01
7.881576315263052912e+00,1.499970535972003205e+01
7.883576715343068919e+00,1.499970599700215779e+01
7.885577115423084926e+00,1.499970663470344334e+01
7.887577515503100933e+00,1.499970727265177040e+01
7.889577915583116940e+00,1.499970791071543985e+01
7.891578315663132948e+00,1.499970854881030036e+01
7.893578715743148955e+00,1.499970918685836097e+01
7.895579115823164962e+00,1.499970982480964210e+01
7.897579515903180969e+00,1.499971046847358913e+01
7.899579915983196976e+00,1.499971111276328273e+01
7.901580316063212983e+00,1.499971174669559559e+01
7.903580716143228990e+00,1.499971238125655226e+01
7.905581116223244997e+00,1.499971301622464814e+01
7.907581516303261004e+00,1.499971365143847635e+01
7.909581916383277012e+00,1.499971428677247864e+01
7.911582316463293019e+00,1.499971492213707336e+01
7.913582716543309026e+00,1.499971555744871488e+01
7.915583116623325033e+00,1.499971619960517621e+01
7.917583516703341040e+00,1.499971684067467592e+01
7.919583916783357047e+00,1.499971747195190730e+01
7.921584316863373054e+00,1.499971810390901261e+01
7.923584716943389061e+00,1.499971873631161756e+01
7.925585117023405068e+00,1.499971936899100555e+01
7.927585517103421076e+00,1.499972000181008092e+01
7.929585917183437083e+00,1.499972063467143180e+01
7.931586317263453090e+00,1.499972126750120616e+01
7.933586717343469097e+00,1.499972190024343632e+01
7.935587117423485104e+00,1.499972253896756946e+01
7.937587517503501111e+00,1.499972317779212894e+01
7.939587917583517118e+00,1.499972380654548587e+01
7.941588317663533125e+00,1.499972443592437443e+01
7.943588717743549132e+00,1.499972506572433417e+01
7.945589117823565140e+00,1.499972569576818060e+01
7.947589517903581147e+00,1.499972632592982436e+01
7.949589917983597154e+00,1.499972695613167950e+01
7.951590318063613161e+00,1.499972758628134883e+01
7.953590718143629168e+00,1.499972822328189714e+01
7.955591118223645175e+00,1.499972885909918396e+01
7.957591518303661182e+00,1.499972948525242344e+01
7.959591918383677189e+00,1.499973011207883822e+01
7.961592318463693196e+00,1.499973073934416412e+01
7.963592718543709204e+00,1.499973136688336339e+01
7.965593118623725211e+00,1.499973199456094264e+01
7.967593518703740330e+00,1.499973262229701909e+01
7.969593918783756337e+00,1.499973324998548563e+01
7.971594318863772344e+00,1.499973388477405400e+01
7.973594718943788351e+00,1.499973451794189927e+01
7.975595119023804358e+00,1.499973514164991961e+01
7.977595519103820365e+00,1.499973576602779168e+01
7.979595919183836372e+00,1.499973639086007360e+01
7.981596319263852379e+00,1.499973701596156950e+01
7.983596719343868386e+00,1.499973764122236553e+01
7.985597119423884394e+00,1.499973826652176179e+01
7.987597519503900401e+00,1.499973889179040221e+01
7.989597919583916408e+00,1.499973952424124946e+01
7.991598319663932415e+00,1.499974015488573897e+01
7.993598719743948422e+00,1.499974077618017176e+01
7.995599119823964429e+00,1.499974139815001450e+01
7.997599519903980436e+00,1.499974202056986528e+01
7.999599919983996443e+00,1.499974264326892914e+01
8.001600320064012450e+00,1.499974326611073572e+01
8.003600720144028458e+00,1.499974388899958910e+01
8.005601120224044465e+00,1.499974451186395008e+01
8.007601520304060472e+00,1.499974514187430508e+01
8.009601920384076479e+00,1.499974577008879706e+01
8.011602320464092486e+00,1.499974638899124812e+01
8.013602720544108493e+00,1.499974700856542498e+01
8.015603120624124500e+00,1.499974762858408006e+01
8.017603520704140507e+00,1.499974824888373881e+01
8.019603920784156514e+00,1.499974886933046925e+01
8.021604320864172522e+00,1.499974948982284495e+01
8.023604720944188529e+00,1.499975011028652538e+01
8.025605121024204536e+00,1.499975073788492352e+01
8.027605521104220543e+00,1.499975136367578443e+01
8.029605921184236550e+00,1.499975198018800349e+01
8.031606321264252557e+00,1.499975259737480648e+01
8.033606721344268564e+00,1.499975321500625292e+01
8.035607121424284571e+00,1.499975383292079023e+01
8.037607521504300578e+00,1.499975445097619975e+01
8.039607921584316585e+00,1.499975506907166256e+01
8.041608321664332593e+00,1.499975568714626739e+01
8.043608721744348600e+00,1.499975631235606421e+01
8.045609121824364607e+00,1.499975693570292812e+01
8.047609521904380614e+00,1.499975754983923260e+01
8.049609921984396621e+00,1.499975816464785616e+01
8.051610322064412628e+00,1.499975877989656503e+01
8.053610722144428635e+00,1.499975939542504477e+01
8.055611122224444642e+00,1.499976001109982882e+01
8.057611522304460649e+00,1.499976062681312072e+01
8.059611922384476657e+00,1.499976124250405007e+01
8.061612322464492664e+00,1.499976186531784705e+01
8.063612722544508671e+00,1.499976248625839403e+01
8.065613122624524678e+00,1.499976309802500474e+01
8.067613522704540685e+00,1.499976371045917034e+01
8.069613922784556692e+00,1.499976432333958343e+01
8.071614322864572699e+00,1.499976493648986953e+01
8.073614722944588706e+00,1.499976554978754884e+01
8.075615123024604713e+00,1.499976616313434796e+01
8.077615523104620721e+00,1.499976677644887957e+01
8.079615923184636728e+00,1.499976739684264615e+01
8.081616323264652735e+00,1.499976801539614080e+01
8.083616723344668742e+00,1.499976862480548512e+01
8.085617123424684749e+00,1.499976923487826674e+01
8.087617523504700756e+00,1.499976984539709157e+01
8.089617923584716763e+00,1.499977045618819993e+01
8.091618323664732770e+00,1.499977106711743069e+01
8.093618723744748777e+00,1.499977167809488066e+01
8.095619123824764785e+00,1.499977228904070792e+01
8.097619523904780792e+00,1.499977290706516797e+01
8.099619923984796799e+00,1.499977352321936586e+01
8.101620324064812806e+00,1.499977413027913720e+01
8.103620724144828813e+00,1.499977473799684446e+01
8.105621124224844820e+00,1.499977534616284380e+01
8.107621524304860827e+00,1.499977595459839463e+01
8.109621924384876834e+00,1.499977656316817232e+01
8.111622324464892841e+00,1.499977717179156400e+01
8.113622724544908849e+00,1.499977778038246434e+01
8.115623124624924856e+00,1.499977839610161467e+01
8.117623524704940863e+00,1.499977900980963064e+01
8.119623924784956870e+00,1.499977961452483477e+01
8.121624324864972877e+00,1.499978021990242638e+01
8.123624724944988884e+00,1.499978082571339932e+01
8.125625125025004891e+00,1.499978143179674106e+01
8.127625525105020898e+00,1.499978203802639420e+01
8.129625925185036905e+00,1.499978264429940467e+01
8.131626325265052913e+00,1.499978325053750616e+01
8.133626725345068920e+00,1.499978386386988483e+01
8.135627125425084927e+00,1.499978447522130942e+01
8.137627525505100934e+00,1.499978507760072688e+01
8.139627925585116941e+00,1.499978568064283913e+01
8.141628325665132948e+00,1.499978628412060111e+01
8.143628725745148955e+00,1.499978688787256154e+01
8.145629125825164962e+00,1.499978749176109893e+01
8.147629525905180969e+00,1.499978809569395999e+01
8.149629925985196977e+00,1.499978870802664765e+01
8.151630326065212984e+00,1.499978931646258395e+01
8.153630726145228991e+00,1.499978991650920435e+01
8.155631126225244998e+00,1.499979051727354395e+01
8.157631526305261005e+00,1.499979111852935532e+01
8.159631926385277012e+00,1.499979172008908179e+01
8.161632326465293019e+00,1.499979232182536393e+01
8.163632726545309026e+00,1.499979292362464101e+01
8.165633126625325033e+00,1.499979352541233624e+01
8.167633526705341040e+00,1.499979413471280942e+01
8.169633926785357048e+00,1.499979474127139945e+01
8.171634326865373055e+00,1.499979533921716168e+01
8.173634726945389062e+00,1.499979593783605125e+01
8.175635127025405069e+00,1.499979653689243797e+01
8.177635527105421076e+00,1.499979713623028310e+01
8.179635927185437083e+00,1.499979773571149444e+01
8.181636327265453090e+00,1.499979833525077133e+01
8.183636727345469097e+00,1.499979894333355368e+01
8.185637127425485104e+00,1.499979954718431507e+01
8.187637527505501112e+00,1.499980014285635299e+01
8.189637927585517119e+00,1.499980073925092405e+01
8.191638327665533126e+00,1.499980133612831779e+01
8.193638727745549133e+00,1.499980193331395917e+01
8.195639127825565140e+00,1.499980253067126945e+01
8.197639527905581147e+00,1.499980312809938710e+01
8.199639927985597154e+00,1.499980372551866203e+01
8.201640328065613161e+00,1.499980433037860550e+01
8.203640728145629168e+00,1.499980493254452441e+01
8.205641128225645176e+00,1.499980552614562335e+01
8.207641528305661183e+00,1.499980612041388817e+01
8.209641928385677190e+00,1.499980671512233421e+01
8.211642328465693197e+00,1.499980731010535351e+01
8.213642728545709204e+00,1.499980790523857443e+01
8.215643128625725211e+00,1.499980850042163816e+01
8.217643528705741218e+00,1.499980910407885482e+01
8.219643928785757225e+00,1.499980970354830490e+01
8.221644328865773232e+00,1.499981029489247852e+01
8.223644728945789240e+00,1.499981088695357911e+01
8.225645129025805247e+00,1.499981147949998217e+01
8.227645529105821254e+00,1.499981207235254743e+01
8.229645929185837261e+00,1.499981266536276259e+01
8.231646329265853268e+00,1.499981325845213576e+01
8.233646729345869275e+00,1.499981386042722242e+01
8.235647129425885282e+00,1.499981445753040532e+01
8.237647529505901289e+00,1.499981504678201638e+01
8.239647929585917296e+00,1.499981563677131291e+01
8.241648329665933304e+00,1.499981622724741470e+01
8.243648729745949311e+00,1.499981681803268962e+01
8.245649129825965318e+00,1.499981740900431504e+01
8.247649529905981325e+00,1.499981800004472454e+01
8.249649929985997332e+00,1.499981860015422619e+01
8.251650330066013339e+00,1.499981919505011696e+01
8.253650730146029346e+00,1.499981978226677271e+01
8.255651130226045353e+00,1.499982037021782766e+01
8.257651530306061360e+00,1.499982095866869436e+01
8.259651930386077368e+00,1.499982154742887630e+01
8.261652330466093375e+00,1.499982213636554462e+01
8.263652730546109382e+00,1.499982272538398043e+01
8.265653130626125389e+00,1.499982332353968495e+01
8.267653530706141396e+00,1.499982391631315437e+01
8.269653930786157403e+00,1.499982450151920688e+01
8.271654330866173410e+00,1.499982508745048015e+01
8.273654730946189417e+00,1.499982567387903032e+01
8.275655131026205424e+00,1.499982626062687530e+01
8.277655531106221432e+00,1.499982684754850659e+01
8.279655931186237439e+00,1.499982743454694578e+01
8.281656331266253446e+00,1.499982803065468673e+01
8.283656731346269453e+00,1.499982862140010553e+01
8.285657131426285460e+00,1.499982920459695457e+01
8.287657531506301467e+00,1.499982978852536242e+01
8.289657931586317474e+00,1.499983037294505550e+01
8.291658331666333481e+00,1.499983095768332575e+01
8.293658731746349488e+00,1.499983154259786744e+01
8.295659131826365495e+00,1.499983212758843543e+01
8.297659531906381503e+00,1.499983272166033998e+01
8.299659931986397510e+00,1.499983331037651269e+01
8.301660332066413517e+00,1.499983389158369462e+01
8.303660732146429524e+00,1.499983447350803445e+01
8.305661132226445531e+00,1.499983505593096922e+01
8.307661532306461538e+00,1.499983563866088687e+01
8.309661932386477545e+00,1.499983622157236240e+01
8.311662332466493552e+00,1.499983680455667212e+01
8.313662732546509559e+00,1.499983739654935277e+01
8.315663132626525567e+00,1.499983798328967666e+01
8.317663532706541574e+00,1.499983856249775904e+01
8.319663932786557581e+00,1.499983914243932759e+01
8.321664332866573588e+00,1.499983972286206857e+01
8.323664732946589595e+00,1.499984030359668274e+01
8.325665133026605602e+00,1.499984088451324560e+01
8.327665533106621609e+00,1.499984146550321285e+01
8.329665933186637616e+00,1.499984205545406724e+01
8.331666333266653623e+00,1.499984264019805735e+01
8.333666733346669631e+00,1.499984321742517324e+01
8.335667133426685638e+00,1.499984379537239221e+01
8.337667533506701645e+00,1.499984437380929769e+01
8.339667933586717652e+00,1.499984495255264783e+01
8.341668333666733659e+00,1.499984553147893962e+01
8.343668733746749666e+00,1.499984611047670313e+01
8.345669133826765673e+00,1.499984669845300367e+01
8.347669533906781680e+00,1.499984728115003918e+01
8.349669933986797687e+00,1.499984785639745333e+01
8.351670334066813695e+00,1.499984843236545018e+01
8.353670734146829702e+00,1.499984900881457861e+01
8.355671134226845709e+00,1.499984958557656789e+01
8.357671534306861716e+00,1.499985016251302739e+01
8.359671934386877723e+00,1.499985073952850101e+01
8.361672334466893730e+00,1.499985132545297617e+01
8.363672734546909737e+00,1.499985190618092368e+01
8.365673134626925744e+00,1.499985247945563493e+01
8.367673534706941751e+00,1.499985305344926978e+01
8.369673934786957759e+00,1.499985362792641119e+01
8.371674334866973766e+00,1.499985420271153025e+01
8.373674734946989773e+00,1.499985477767385156e+01
8.375675135027005780e+00,1.499985535270336534e+01
8.377675535107021787e+00,1.499985593667032191e+01
8.379675935187037794e+00,1.499985651535940079e+01
8.381676335267053801e+00,1.499985708667052542e+01
8.383676735347069808e+00,1.499985765869766574e+01
8.385677135427085815e+00,1.499985823120012896e+01
8.387677535507101823e+00,1.499985880401345817e+01
8.389677935587117830e+00,1.499985937699775285e+01
8.391678335667133837e+00,1.499985995006032979e+01
8.393678735747149844e+00,1.499986053200652591e+01
8.395679135827165851e+00,1.499986110873054734e+01
8.397679535907181858e+00,1.499986167808230242e+01
8.399679935987197865e+00,1.499986224814210267e+01
8.401680336067213872e+00,1.499986281868542370e+01
8.403680736147229879e+00,1.499986338953336507e+01
8.405681136227245887e+00,1.499986396055784788e+01
8.407681536307261894e+00,1.499986453165504408e+01
8.409681936387277901e+00,1.499986511158024349e+01
8.411682336467293908e+00,1.499986568634481188e+01
8.413682736547309915e+00,1.499986625374792837e+01
8.415683136627325922e+00,1.499986682185413578e+01
8.417683536707341929e+00,1.499986739043632689e+01
8.419683936787357936e+00,1.499986795933219064e+01
8.421684336867373943e+00,1.499986852839472995e+01
8.423684736947389951e+00,1.499986909753542719e+01
8.425685137027405958e+00,1.499986967549310002e+01
8.427685537107421965e+00,1.499987024827655802e+01
8.429685937187437972e+00,1.499987081372662523e+01
8.431686337267453979e+00,1.499987137987817221e+01
8.433686737347469986e+00,1.499987194651972544e+01
8.435687137427485993e+00,1.499987251345992867e+01
8.437687537507502000e+00,1.499987308057106183e+01
8.439687937587518007e+00,1.499987364775172516e+01
8.441688337667534014e+00,1.499987422379808244e+01
8.443688737747550022e+00,1.499987479455760742e+01
8.445689137827566029e+00,1.499987535806361727e+01
8.447689537907582036e+00,1.499987592228032796e+01
8.449689937987598043e+00,1.499987648697237042e+01
8.451690338067614050e+00,1.499987705196589616e+01
8.453690738147630057e+00,1.499987761713126666e+01
8.455691138227646064e+00,1.499987818237339354e+01
8.457691538307662071e+00,1.499987875638056067e+01
8.459691938387678078e+00,1.499987932522982881e+01
8.461692338467694086e+00,1.499987988681111162e+01
8.463692738547710093e+00,1.499988044909322404e+01
8.465693138627726100e+00,1.499988101184443678e+01
8.467693538707742107e+00,1.499988157490348328e+01
8.469693938787758114e+00,1.499988213813101900e+01
8.471694338867774121e+00,1.499988270143657054e+01
8.473694738947790128e+00,1.499988327342943606e+01
8.475695139027806135e+00,1.499988384037206757e+01
8.477695539107822142e+00,1.499988440002725731e+01
8.479695939187838150e+00,1.499988496038393215e+01
8.481696339267854157e+00,1.499988552120803753e+01
8.483696739347870164e+00,1.499988608233811327e+01
8.485697139427886171e+00,1.499988664363657520e+01
8.487697539507902178e+00,1.499988720500892114e+01
8.489697939587918185e+00,1.499988777493744330e+01
8.491698339667934192e+00,1.499988834001253935e+01
8.493698739747950199e+00,1.499988889775795364e+01
8.495699139827966206e+00,1.499988945619450575e+01
8.497699539907982214e+00,1.499989001509928777e+01
8.499699939987998221e+00,1.499989057430341610e+01
8.501700340068014228e+00,1.499989113368075522e+01
8.503700740148030235e+00,1.499989170363585167e+01
8.505701140228046242e+00,1.499989226570514411e+01
8.507701540308062249e+00,1.499989282139550362e+01
8.509701940388078256e+00,1.499989337787577348e+01
8.511702340468094263e+00,1.499989393489487632e+01
8.513702740548110270e+00,1.499989449225588878e+01
8.515703140628126278e+00,1.499989504983493838e+01
8.517703540708142285e+00,1.499989560751124174e+01
8.519703940788158292e+00,1.499989617472351711e+01
8.521704340868174299e+00,1.499989673540039448e+01
8.523704740948190306e+00,1.499989728944674994e+01
8.525705141028206313e+00,1.499989784421683225e+01
8.527705541108222320e+00,1.499989839946927361e+01
8.529705941188238327e+00,1.499989895504210047e+01
8.531706341268254334e+00,1.499989951079901829e+01
8.533706741348270342e+00,1.499990007748968779e+01
8.535707141428286349e+00,1.499990063562885645e+01
8.537707541508302356e+00,1.499990118771535030e+01
8.539707941588318363e+00,1.499990174059469972e+01
8.541708341668334370e+00,1.499990229401888087e+01
8.543708741748350377e+00,1.499990284779869221e+01
8.545709141828366384e+00,1.499990340179284232e+01
8.547709541908382391e+00,1.499990395589196801e+01
8.549709941988398398e+00,1.499990451954941229e+01
8.551710342068414406e+00,1.499990507656943350e+01
8.553710742148430413e+00,1.499990562706092412e+01
8.555711142228446420e+00,1.499990617826824923e+01
8.557711542308462427e+00,1.499990672996357155e+01
8.559711942388478434e+00,1.499990728197082035e+01
8.561712342468494441e+00,1.499990783416091844e+01
8.563712742548510448e+00,1.499990839726387470e+01
8.565713142628526455e+00,1.499990895179511874e+01
8.567713542708542462e+00,1.499990950034248627e+01
8.569713942788558469e+00,1.499991004967642283e+01
8.571714342868574477e+00,1.499991059955295647e+01
8.573714742948590484e+00,1.499991114978691265e+01
8.575715143028606491e+00,1.499991170022700793e+01
8.577715543108622498e+00,1.499991225077179280e+01
8.579715943188638505e+00,1.499991281089305950e+01
8.581716343268654512e+00,1.499991336427748578e+01
8.583716743348670519e+00,1.499991391123890949e+01
8.585717143428686526e+00,1.499991445891297737e+01
8.587717543508702533e+00,1.499991500706895309e+01
8.589717943588718541e+00,1.499991555553834743e+01
8.591718343668734548e+00,1.499991610419148813e+01
8.593718743748750555e+00,1.499991666372504184e+01
8.595719143828766562e+00,1.499991721466339101e+01
8.597719543908782569e+00,1.499991775969233210e+01
8.599719943988798576e+00,1.499991830550503735e+01
8.601720344068814583e+00,1.499991885185328577e+01
8.603720744148830590e+00,1.499991939855479472e+01
8.605721144228846597e+00,1.499991994546257956e+01
8.607721544308862605e+00,1.499992050399543864e+01
8.609721944388878612e+00,1.499992105273012122e+01
8.611722344468894619e+00,1.499992159600859587e+01
8.613722744548910626e+00,1.499992214010418401e+01
8.615723144628926633e+00,1.499992268475667956e+01
8.617723544708942640e+00,1.499992322976626369e+01
8.619723944788958647e+00,1.499992377500289287e+01
8.621724344868974654e+00,1.499992432035278966e+01
8.623724744948990661e+00,1.499992487549983800e+01
8.625725145029006669e+00,1.499992542345302482e+01
8.627725545109022676e+00,1.499992596524078081e+01
8.629725945189038683e+00,1.499992650774527370e+01
8.631726345269054690e+00,1.499992705074084043e+01
8.633726745349070697e+00,1.499992759404515930e+01
8.635727145429086704e+00,1.499992813753461895e+01
8.637727545509102711e+00,1.499992869193366474e+01
8.639727945589118718e+00,1.499992923760333774e+01
8.641728345669134725e+00,1.499992977750589773e+01
8.643728745749150733e+00,1.499993031818235067e+01
8.645729145829166740e+00,1.499993085939337156e+01
8.647729545909182747e+00,1.499993140095692290e+01
8.649729945989196978e+00,1.499993194272885866e+01
8.651730346069212985e+00,1.499993249604230172e+01
8.653730746149228992e+00,1.499993303960516222e+01
8.655731146229244999e+00,1.499993357778633118e+01
8.657731546309261006e+00,1.499993411676473976e+01
8.659731946389277013e+00,1.499993465629288991e+01
8.661732346469293020e+00,1.499993519619112092e+01
8.663732746549309027e+00,1.499993573630514021e+01
8.665733146629325034e+00,1.499993628831457926e+01
8.667733546709341041e+00,1.499993682994804090e+01
8.669733946789357049e+00,1.499993736647480880e+01
8.671734346869373056e+00,1.499993790380758618e+01
8.673734746949389063e+00,1.499993844169653734e+01
8.675735147029405070e+00,1.499993897995954661e+01
8.677735547109421077e+00,1.499993951844329487e+01
8.679735947189437084e+00,1.499994006893761878e+01
8.681736347269453091e+00,1.499994060883923552e+01
8.683736747349469098e+00,1.499994114374002585e+01
8.685737147429485105e+00,1.499994167945476242e+01
8.687737547509501113e+00,1.499994221572708497e+01
8.689737947589517120e+00,1.499994275236972996e+01
8.691738347669533127e+00,1.499994328923844300e+01
8.693738747749549134e+00,1.499994383818359189e+01
8.695739147829565141e+00,1.499994437637968581e+01
8.697739547909581148e+00,1.499994490967605287e+01
8.699739947989597155e+00,1.499994544378210115e+01
8.701740348069613162e+00,1.499994597844576383e+01
8.703740748149629169e+00,1.499994651347658881e+01
8.705741148229645177e+00,1.499994704874320561e+01
8.707741548309661184e+00,1.499994759595251281e+01
8.709741948389677191e+00,1.499994813261518445e+01
8.711742348469693198e+00,1.499994866431833174e+01
8.713742748549709205e+00,1.499994919682823991e+01
8.715743148629725212e+00,1.499994972989417441e+01
8.717743548709741219e+00,1.499995026332017289e+01
8.719743948789757226e+00,1.499995079698192590e+01
8.721744348869773233e+00,1.499995134258982610e+01
8.723744748949789241e+00,1.499995187761871662e+01
8.725745149029805248e+00,1.499995240772859972e+01
8.727745549109821255e+00,1.499995293863977430e+01
8.729745949189837262e+00,1.499995347010684554e+01
8.731746349269853269e+00,1.499995400194040762e+01
8.733746749349869276e+00,1.499995453400296697e+01
8.735747149429885283e+00,1.499995507794144523e+01
8.737747549509901290e+00,1.499995561139117051e+01
8.739747949589917297e+00,1.499995613991411147e+01
8.741748349669933305e+00,1.499995666923186377e+01
8.743748749749949312e+00,1.499995719911049186e+01
8.745749149829965319e+00,1.499995772935036520e+01
8.747749549909981326e+00,1.499995825981396003e+01
8.749749949989997333e+00,1.499995880216637012e+01
8.751750350070013340e+00,1.499995933398035497e+01
8.753750750150029347e+00,1.499995986091766831e+01
8.755751150230045354e+00,1.499996038865176473e+01
8.757751550310061361e+00,1.499996091693372513e+01
8.759751950390077369e+00,1.499996144558177491e+01
8.761752350470093376e+00,1.499996197445961421e+01
8.763752750550109383e+00,1.499996251513799450e+01
8.765753150630125390e+00,1.499996304539542180e+01
8.767753550710141397e+00,1.499996357075499098e+01
8.769753950790157404e+00,1.499996409690547239e+01
8.771754350870173411e+00,1.499996462360684646e+01
8.773754750950189418e+00,1.499996515067080338e+01
8.775755151030205425e+00,1.499996567796030789e+01
8.777755551110221433e+00,1.499996621707302680e+01
8.779755951190237440e+00,1.499996674569539934e+01
8.781756351270253447e+00,1.499996726947593828e+01
8.783756751350269454e+00,1.499996779404289171e+01
8.785757151430285461e+00,1.499996831916543094e+01
8.787757551510301468e+00,1.499996884464597180e+01
8.789757951590317475e+00,1.499996937035788669e+01
8.791758351670333482e+00,1.499996990777970751e+01
8.793758751750349489e+00,1.499997043487744897e+01
8.795759151830365496e+00,1.499997095708201300e+01
8.797759551910381504e+00,1.499997148008180226e+01
8.799759951990397511e+00,1.499997200362985872e+01
8.801760352070413518e+00,1.499997252753659360e+01
8.803760752150429525e+00,1.499997305166321304e+01
8.805761152230445532e+00,1.499997358750953325e+01
8.807761552310461539e+00,1.499997411299259653e+01
8.809761952390477546e+00,1.499997463363172301e+01
8.811762352470493553e+00,1.499997515505983614e+01
8.813762752550509560e+00,1.499997567703536383e+01
8.815763152630525568e+00,1.499997619936645954e+01
8.817763552710541575e+00,1.499997672192527709e+01
8.819763952790557582e+00,1.499997725618150746e+01
8.821764352870573589e+00,1.499997778007234928e+01
8.823764752950589596e+00,1.499997829914927294e+01
8.825765153030605603e+00,1.499997881901293972e+01
8.827765553110621610e+00,1.499997933942178463e+01
8.829765953190637617e+00,1.499997986018730955e+01
8.831766353270653624e+00,1.499998038117545107e+01
8.833766753350669632e+00,1.499998091385197085e+01
8.835767153430685639e+00,1.499998143614987001e+01
8.837767553510701646e+00,1.499998195366610076e+01
8.839767953590717653e+00,1.499998247196957202e+01
8.841768353670733660e+00,1.499998299081390662e+01
8.843768753750749667e+00,1.499998351001448782e+01
8.845769153830765674e+00,1.499998402943943887e+01
8.847769553910781681e+00,1.499998456055346807e+01
8.849769953990797688e+00,1.499998508125343122e+01
8.851770354070813696e+00,1.499998559721301739e+01
8.853770754150829703e+00,1.499998611396140724e+01
8.855771154230845710e+00,1.499998663124761578e+01
8.857771554310861717e+00,1.499998714889126994e+01
8.859771954390877724e+00,1.499998766675267348e+01
8.861772354470893731e+00,1.499998819627722391e+01
8.863772754550909738e+00,1.499998871541045276e+01
8.865773154630925745e+00,1.499998922982703498e+01
8.867773554710941752e+00,1.499998974501978388e+01
8.869773954790957760e+00,1.499999026075028397e+01
8.871774354870973767e+00,1.499999077684226734e+01
8.873774754950989774e+00,1.499999129315173896e+01
8.875775155031005781e+00,1.499999182099958084e+01
8.877775555111021788e+00,1.499999233865071879e+01
8.879775955191037795e+00,1.499999285151740480e+01
8.881776355271053802e+00,1.499999336517353221e+01
8.883776755351069809e+00,1.499999387935472939e+01
8.885777155431085816e+00,1.499999439389773670e+01
8.887777555511101824e+00,1.499999490866116680e+01
8.889777955591117831e+00,1.499999543488726950e+01
8.891778355671133838e+00,1.499999595101413163e+01
8.893778755751149845e+00,1.499999646235066564e+01
8.895779155831165852e+00,1.499999697446015823e+01
8.897779555911181859e+00,1.499999748710880354e+01
8.899779955991197866e+00,1.499999800010406759e+01
8.901780356071213873e+00,1.499999851331981127e+01
8.903780756151229880e+00,1.499999903806316048e+01
8.905781156231245888e+00,1.499999955255887230e+01
8.907781556311261895e+00,1.500000006236008865e+01
8.909781956391277902e+00,1.500000057292703559e+01
8.911782356471293909e+00,1.500000108403365040e+01
8.913782756551309916e+00,1.500000159549245460e+01
8.915783156631325923e+00,1.500000210716838822e+01
8.917783556711341930e+00,1.500000263027188296e+01
8.919783956791357937e+00,1.500000314327918183e+01
8.921784356871373944e+00,1.500000365155007920e+01
8.923784756951389951e+00,1.500000416058800923e+01
8.925785157031405959e+00,1.500000467015837913e+01
8.927785557111421966e+00,1.500000518008516615e+01
8.929785957191437973e+00,1.500000569022286001e+01
8.931786357271453980e+00,1.500000621182226368e+01
8.933786757351469987e+00,1.500000672323002071e+01
8.935787157431485994e+00,1.500000722997625502e+01
8.937787557511502001e+00,1.500000773748207727e+01
8.939787957591518008e+00,1.500000824552059520e+01
8.941788357671534015e+00,1.500000875391459054e+01
8.943788757751550023e+00,1.500000926251644273e+01
8.945789157831566030e+00,1.500000978258701245e+01
8.947789557911582037e+00,1.500001029243268746e+01
8.949789957991598044e+00,1.500001079765600487e+01
8.951790358071614051e+00,1.500001130363940405e+01
8.953790758151630058e+00,1.500001181015617568e+01
8.955791158231646065e+00,1.500001231701876137e+01
8.957791558311662072e+00,1.500001282409605352e+01
8.959791958391678079e+00,1.500001334256555907e+01
8.961792358471694087e+00,1.500001385090932615e+01
8.963792758551710094e+00,1.500001435461780197e+01
8.965793158631726101e+00,1.500001485908402366e+01
8.967793558711742108e+00,1.500001536407697600e+01
8.969793958791758115e+00,1.500001586942255649e+01
8.971794358871774122e+00,1.500001637497803664e+01
8.973794758951790129e+00,1.500001689186636256e+01
8.975795159031806136e+00,1.500001739870802453e+01
8.977795559111822143e+00,1.500001790090396447e+01
8.979795959191838151e+00,1.500001840385561991e+01
8.981796359271854158e+00,1.500001890733582499e+01
8.983796759351870165e+00,1.500001941116824256e+01
8.985797159431886172e+00,1.500001991520620237e+01
8.987797559511902179e+00,1.500002043051777179e+01
8.989797959591918186e+00,1.500002093586517482e+01
8.991798359671934193e+00,1.500002143654883291e+01
8.993798759751950200e+00,1.500002193799409156e+01
8.995799159831966207e+00,1.500002243996354778e+01
8.997799559911982215e+00,1.500002294227889088e+01
8.999799959991998222e+00,1.500002344480712324e+01
9.001800360072014229e+00,1.500002395859531212e+01
9.003800760152030236e+00,1.500002446240377374e+01
9.005801160232046243e+00,1.500002496158483467e+01
9.007801560312062250e+00,1.500002546152285987e+01
9.009801960392078257e+00,1.500002596198502047e+01
9.011802360472094264e+00,1.500002646279271801e+01
9.013802760552110271e+00,1.500002697747418878e+01
9.015803160632126279e+00,1.500002747831081074e+01
9.017803560712142286e+00,1.500002797570399515e+01
9.019803960792158293e+00,1.500002847397788663e+01
9.021804360872174300e+00,1.500002897285962611e+01
9.023804760952190307e+00,1.500002947215893379e+01
9.025805161032206314e+00,1.500002997172432906e+01
9.027805561112222321e+00,1.500003048402026451e+01
9.029805961192238328e+00,1.500003098389068690e+01
9.031806361272254335e+00,1.500003148010298304e+01
9.033806761352270343e+00,1.500003197711372138e+01
9.035807161432286350e+00,1.500003247468184497e+01
9.037807561512302357e+00,1.500003297262274238e+01
9.039807961592318364e+00,1.500003347080158633e+01
9.041808361672334371e+00,1.500003398082304784e+01
9.043808761752350378e+00,1.500003447980665428e+01
9.045809161832366385e+00,1.500003497465641011e+01
9.047809561912382392e+00,1.500003547027263373e+01
9.049809961992398399e+00,1.500003596642256198e+01
9.051810362072414406e+00,1.500003646292773318e+01
9.053810762152430414e+00,1.500003697361056432e+01
9.055811162232446421e+00,1.500003746983964881e+01
9.057811562312462428e+00,1.500003796295809444e+01
9.059811962392478435e+00,1.500003845695127502e+01
9.061812362472494442e+00,1.500003895155858658e+01
9.063812762552510449e+00,1.500003944658703681e+01
9.065813162632526456e+00,1.500003994188163503e+01
9.067813562712542463e+00,1.500004044987309015e+01
9.069813962792558470e+00,1.500004094543076505e+01
9.071814362872574478e+00,1.500004143739797158e+01
9.073814762952590485e+00,1.500004193015928600e+01
9.075815163032606492e+00,1.500004242347512218e+01
9.077815563112622499e+00,1.500004291716898130e+01
9.079815963192638506e+00,1.500004341109267081e+01
9.081816363272654513e+00,1.500004391685296135e+01
9.083816763352670520e+00,1.500004441151074275e+01
9.085817163432686527e+00,1.500004490213077268e+01
9.087817563512702534e+00,1.500004539351379051e+01
9.089817963592718542e+00,1.500004588543059825e+01
9.091818363672734549e+00,1.500004637769901095e+01
9.093818763752750556e+00,1.500004688395118535e+01
9.095819163832766563e+00,1.500004737601400961e+01
9.097819563912782570e+00,1.500004786491707343e+01
9.099819963992798577e+00,1.500004835469773212e+01
9.101820364072814584e+00,1.500004884508511971e+01
9.103820764152830591e+00,1.500004933588814460e+01
9.105821164232846598e+00,1.500004982695353561e+01
9.107821564312862606e+00,1.500005033055971815e+01
9.109821964392878613e+00,1.500005082192804551e+01
9.111822364472894620e+00,1.500005130969181089e+01
9.113822764552910627e+00,1.500005179825591384e+01
9.115823164632926634e+00,1.500005228736359975e+01
9.117823564712942641e+00,1.500005277683885652e+01
9.119823964792958648e+00,1.500005328073605071e+01
9.121824364872974655e+00,1.500005376968098325e+01
9.123824764952990662e+00,1.500005425580010687e+01
9.125825165033006670e+00,1.500005474280765760e+01
9.127825565113022677e+00,1.500005523043133948e+01
9.129825965193038684e+00,1.500005571847968966e+01
9.131826365273054691e+00,1.500005620680001073e+01
9.133826765353070698e+00,1.500005670790934431e+01
9.135827165433086705e+00,1.500005719629672285e+01
9.137827565513102712e+00,1.500005768131816097e+01
9.139827965593118719e+00,1.500005816714105045e+01
9.141828365673134726e+00,1.500005865351894663e+01
9.143828765753150734e+00,1.500005914026530185e+01
9.145829165833166741e+00,1.500005964152436100e+01
9.147829565913182748e+00,1.500006012761401841e+01
9.149829965993198755e+00,1.500006061101684196e+01
9.151830366073214762e+00,1.500006109530331955e+01
9.153830766153230769e+00,1.500006158021279212e+01
9.155831166233246776e+00,1.500006206554428623e+01
9.157831566313262783e+00,1.500006255115121334e+01
9.159831966393278790e+00,1.500006304937908119e+01
9.161832366473294798e+00,1.500006353513409429e+01
9.163832766553310805e+00,1.500006401746612106e+01
9.165833166633326812e+00,1.500006450058443797e+01
9.167833566713342819e+00,1.500006498426063395e+01
9.169833966793358826e+00,1.500006546829850507e+01
9.171834366873374833e+00,1.500006596685871152e+01
9.173834766953390840e+00,1.500006645017461615e+01
9.175835167033406847e+00,1.500006693089626175e+01
9.177835567113422854e+00,1.500006741248478370e+01
9.179835967193438861e+00,1.500006789469622959e+01
9.181836367273454869e+00,1.500006837732973608e+01
9.183836767353470876e+00,1.500006886022950070e+01
9.185837167433486883e+00,1.500006935581400924e+01
9.187837567513502890e+00,1.500006983876373745e+01
9.189837967593518897e+00,1.500007031841349381e+01
9.191838367673534904e+00,1.500007079884311345e+01
9.193838767753550911e+00,1.500007127982392419e+01
9.195839167833566918e+00,1.500007176117181196e+01
9.197839567913582925e+00,1.500007225695336466e+01
9.199839967993598933e+00,1.500007273758174620e+01
9.201840368073614940e+00,1.500007321562412166e+01
9.203840768153630947e+00,1.500007369454295691e+01
9.205841168233646954e+00,1.500007417406941101e+01
9.207841568313662961e+00,1.500007465401703222e+01
9.209841968393678968e+00,1.500007513422954553e+01
9.211842368473694975e+00,1.500007562715212117e+01
9.213842768553710982e+00,1.500007610733527663e+01
9.215843168633726989e+00,1.500007658430734026e+01
9.217843568713742997e+00,1.500007706206574376e+01
9.219843968793759004e+00,1.500007754037032548e+01
9.221844368873775011e+00,1.500007801903478821e+01
9.223844768953791018e+00,1.500007851204309084e+01
9.225845169033807025e+00,1.500007899000786260e+01
9.227845569113823032e+00,1.500007946538891268e+01
9.229845969193839039e+00,1.500007994164250391e+01
9.231846369273855046e+00,1.500008041849993923e+01
9.233846769353871053e+00,1.500008089577772452e+01
9.235847169433887061e+00,1.500008138860342655e+01
9.237847569513903068e+00,1.500008186445776026e+01
9.239847969593919075e+00,1.500008233843069227e+01
9.241848369673935082e+00,1.500008281331394855e+01
9.243848769753951089e+00,1.500008328884120701e+01
9.245849169833967096e+00,1.500008376480842642e+01
9.247849569913983103e+00,1.500008424106456850e+01
9.249849969993999110e+00,1.500008473047627611e+01
9.251850370074015117e+00,1.500008520634215081e+01
9.253850770154031125e+00,1.500008567938150605e+01
9.255851170234047132e+00,1.500008615320222560e+01
9.257851570314063139e+00,1.500008662758528821e+01
9.259851970394079146e+00,1.500008710234663489e+01
9.261852370474095153e+00,1.500008759160734506e+01
9.263852770554111160e+00,1.500008806548407847e+01
9.265853170634127167e+00,1.500008853697862676e+01
9.267853570714143174e+00,1.500008900934261646e+01
9.269853970794159181e+00,1.500008948231642414e+01
9.271854370874175189e+00,1.500008995570719605e+01
9.273854770954191196e+00,1.500009044469568131e+01
9.275855171034207203e+00,1.500009091655805982e+01
9.277855571114223210e+00,1.500009138667176956e+01
9.279855971194239217e+00,1.500009185769083153e+01
9.281856371274255224e+00,1.500009232934991488e+01
9.283856771354271231e+00,1.500009280145693147e+01
9.285857171434287238e+00,1.500009327384472613e+01
9.287857571514303245e+00,1.500009375935854905e+01
9.289857971594319253e+00,1.500009423130740771e+01
9.291858371674335260e+00,1.500009470049933746e+01
9.293858771754351267e+00,1.500009517048115804e+01
9.295859171834367274e+00,1.500009564100730763e+01
9.297859571914383281e+00,1.500009611191335779e+01
9.299859971994399288e+00,1.500009659728847922e+01
9.301860372074415295e+00,1.500009706725110803e+01
9.303860772154431302e+00,1.500009753491795372e+01
9.305861172234447309e+00,1.500009800344184718e+01
9.307861572314463317e+00,1.500009847257448925e+01
9.309861972394479324e+00,1.500009894212149852e+01
9.311862372474495331e+00,1.500009942720118339e+01
9.313862772554511338e+00,1.500009989518809839e+01
9.315863172634527345e+00,1.500010036147972592e+01
9.317863572714543352e+00,1.500010082867325067e+01
9.319863972794559359e+00,1.500010129650482149e+01
9.321864372874575366e+00,1.500010176477186974e+01
9.323864772954591373e+00,1.500010224919504687e+01
9.325865173034607380e+00,1.500010271548002017e+01
9.327865573114623388e+00,1.500010318048751756e+01
9.329865973194639395e+00,1.500010364641658001e+01
9.331866373274655402e+00,1.500010411300084101e+01
9.333866773354671409e+00,1.500010458003583480e+01
9.335867173434687416e+00,1.500010506348172079e+01
9.337867573514703423e+00,1.500010552834482525e+01
9.339867973594719430e+00,1.500010599212053464e+01
9.341868373674735437e+00,1.500010645682409383e+01
9.343868773754751444e+00,1.500010692218732977e+01
9.345869173834767452e+00,1.500010738800511412e+01
9.347869573914783459e+00,1.500010787050171146e+01
9.349869973994799466e+00,1.500010833392601484e+01
9.351870374074815473e+00,1.500010879649463291e+01
9.353870774154831480e+00,1.500010925998740063e+01
9.355871174234847487e+00,1.500010972414109922e+01
9.357871574314863494e+00,1.500011018875822089e+01
9.359871974394879501e+00,1.500011067017124766e+01
9.361872374474895508e+00,1.500011113228613446e+01
9.363872774554911516e+00,1.500011159364903257e+01
9.365873174634927523e+00,1.500011205594664077e+01
9.367873574714943530e+00,1.500011251890791897e+01
9.369873974794959537e+00,1.500011298232625911e+01
9.371874374874975544e+00,1.500011346256765954e+01
9.373874774954991551e+00,1.500011392344596395e+01
9.375875175035007558e+00,1.500011438362103888e+01
9.377875575115023565e+00,1.500011484473017198e+01
9.379875975195039572e+00,1.500011530650541935e+01
9.381876375275055580e+00,1.500011576873031416e+01
9.383876775355071587e+00,1.500011624779438257e+01
9.385877175435087594e+00,1.500011670744620673e+01
9.387877575515103601e+00,1.500011716644158888e+01
9.389877975595119608e+00,1.500011762636286505e+01
9.391878375675135615e+00,1.500011808695239068e+01
9.393878775755151622e+00,1.500011854799208066e+01
9.395879175835167629e+00,1.500011902585564982e+01
9.397879575915183636e+00,1.500011948430102393e+01
9.399879975995199644e+00,1.500011994211619815e+01
9.401880376075215651e+00,1.500012040085793075e+01
9.403880776155231658e+00,1.500012086026287150e+01
9.405881176235247665e+00,1.500012132012355970e+01
9.407881576315263672e+00,1.500012179668460455e+01
9.409881976395279679e+00,1.500012225402444876e+01
9.411882376475295686e+00,1.500012271065785896e+01
9.413882776555311693e+00,1.500012316822761527e+01
9.415883176635327700e+00,1.500012362645387576e+01
9.417883576715343708e+00,1.500012408513337725e+01
9.419883976795359715e+00,1.500012456049037901e+01
9.421884376875375722e+00,1.500012501663506725e+01
9.423884776955391729e+00,1.500012547210584657e+01
9.425885177035407736e+00,1.500012592849691195e+01
9.427885577115423743e+00,1.500012638554899702e+01
9.429885977195439750e+00,1.500012684304918231e+01
9.431886377275455757e+00,1.500012731717931658e+01
9.433886777355471764e+00,1.500012777215783721e+01
9.435887177435487772e+00,1.500012822645408050e+01
9.437887577515503779e+00,1.500012868167265445e+01
9.439887977595519786e+00,1.500012913754654420e+01
9.441888377675535793e+00,1.500012959387782985e+01
9.443888777755551800e+00,1.500013006673078131e+01
9.445889177835567807e+00,1.500013052058911889e+01
9.447889577915583814e+00,1.500013097372497128e+01
9.449889977995599821e+00,1.500013142777745045e+01
9.451890378075615828e+00,1.500013188247952201e+01
9.453890778155631835e+00,1.500013233763069387e+01
9.455891178235647843e+00,1.500013280930291693e+01
9.457891578315663850e+00,1.500013326196735441e+01
9.459891978395679857e+00,1.500013371393205652e+01
9.461892378475695864e+00,1.500013416681781031e+01
9.463892778555711871e+00,1.500013462034525169e+01
9.465893178635727878e+00,1.500013507433017956e+01
9.467893578715743885e+00,1.500013554481042632e+01
9.469893978795759892e+00,1.500013599629160232e+01
9.471894378875775899e+00,1.500013644709123106e+01
9.473894778955791907e+00,1.500013689881069112e+01
9.475895179035807914e+00,1.500013735118060687e+01
9.477895579115823921e+00,1.500013780399098628e+01
9.479895979195839928e+00,1.500013827329229699e+01
9.481896379275855935e+00,1.500013872358500322e+01
9.483896779355871942e+00,1.500013917322900170e+01
9.485897179435887949e+00,1.500013962378075405e+01
9.487897579515903956e+00,1.500014007498442759e+01
9.489897979595919963e+00,1.500014052663288133e+01
9.491898379675935971e+00,1.500014099467971107e+01
9.493898779755951978e+00,1.500014144385240478e+01
9.495899179835967985e+00,1.500014189234083162e+01
9.497899579915983992e+00,1.500014234174049577e+01
9.499899979995999999e+00,1.500014279177859677e+01
9.501900380076016006e+00,1.500014324226525986e+01
9.503900780156032013e+00,1.500014370905700645e+01
9.505901180236048020e+00,1.500014415712165139e+01
9.507901580316064027e+00,1.500014460445450837e+01
9.509901980396080035e+00,1.500014505269444776e+01
9.511902380476096042e+00,1.500014550157803761e+01
9.513902780556112049e+00,1.500014595091007941e+01
9.515903180636128056e+00,1.500014641657726422e+01
9.517903580716144063e+00,1.500014686342112924e+01
9.519903980796160070e+00,1.500014730960316456e+01
9.521904380876176077e+00,1.500014775668802791e+01
9.523904780956192084e+00,1.500014820441855612e+01
9.525905181036208091e+00,1.500014865259287866e+01
9.527905581116224099e+00,1.500014911702803566e+01
9.529905981196240106e+00,1.500014956275149913e+01
9.531906381276256113e+00,1.500015000778950736e+01
9.533906781356272120e+00,1.500015045372776079e+01
9.535907181436288127e+00,1.500015090029901010e+01
9.537907581516304134e+00,1.500015134732425004e+01
9.539907981596320141e+00,1.500015181051884561e+01
9.541908381676336148e+00,1.500015225513843120e+01
9.543908781756352155e+00,1.500015269902669957e+01
9.545909181836368163e+00,1.500015314381715648e+01
9.547909581916384170e+00,1.500015358924733100e+01
9.549909981996400177e+00,1.500015403511580026e+01
9.551910382076416184e+00,1.500015449712160098e+01
9.553910782156432191e+00,1.500015494058851040e+01
9.555911182236448198e+00,1.500015538333943255e+01
9.557911582316464205e+00,1.500015582698552841e+01
9.559911982396478436e+00,1.500015627126878570e+01
9.561912382476494443e+00,1.500015671599222955e+01
9.563912782556510450e+00,1.500015717674762072e+01
9.565913182636526457e+00,1.500015761912532675e+01
9.567913582716542464e+00,1.500015806073614577e+01
9.569913982796558471e+00,1.500015850324302669e+01
9.571914382876574479e+00,1.500015894638770142e+01
9.573914782956590486e+00,1.500015938996924980e+01
9.575915183036606493e+00,1.500015984954685244e+01
9.577915583116622500e+00,1.500016029077827007e+01
9.579915983196638507e+00,1.500016073125799210e+01
9.581916383276654514e+00,1.500016117262644855e+01
9.583916783356670521e+00,1.500016161462958664e+01
9.585917183436686528e+00,1.500016205706327099e+01
9.587917583516702535e+00,1.500016251551996582e+01
9.589917983596718543e+00,1.500016295557011681e+01
9.591918383676734550e+00,1.500016339491004658e+01
9.593918783756750557e+00,1.500016383514216045e+01
9.595919183836766564e+00,1.500016427600554003e+01
9.597919583916782571e+00,1.500016471730349465e+01
9.599919983996798578e+00,1.500016517455813769e+01
9.601920384076814585e+00,1.500016561348924782e+01
9.603920784156830592e+00,1.500016605170354467e+01
9.605921184236846599e+00,1.500016649079740283e+01
9.607921584316862607e+00,1.500016693052612382e+01
9.609921984396878614e+00,1.500016737069157990e+01
9.611922384476894621e+00,1.500016782680205907e+01
9.613922784556910628e+00,1.500016826457954622e+01
9.615923184636926635e+00,1.500016870165483773e+01
9.617923584716942642e+00,1.500016913962556053e+01
9.619923984796958649e+00,1.500016957821769381e+01
9.621924384876974656e+00,1.500017001724858545e+01
9.623924784956990663e+00,1.500017047223572852e+01
9.625925185037006671e+00,1.500017090884180782e+01
9.627925585117022678e+00,1.500017134479514525e+01
9.629925985197038685e+00,1.500017178163244935e+01
9.631926385277054692e+00,1.500017221909810061e+01
9.633926785357070699e+00,1.500017265699780822e+01
9.635927185437086706e+00,1.500017311076391024e+01
9.637927585517102713e+00,1.500017354628438859e+01
9.639927985597118720e+00,1.500017398112184352e+01
9.641928385677134727e+00,1.500017441683680985e+01
9.643928785757150735e+00,1.500017485317849975e+01
9.645929185837166742e+00,1.500017528994827209e+01
9.647929585917182749e+00,1.500017574256566100e+01
9.649929985997198756e+00,1.500017617695168148e+01
9.651930386077214763e+00,1.500017661066412522e+01
9.653930786157230770e+00,1.500017704526223383e+01
9.655931186237246777e+00,1.500017748048153265e+01
9.657931586317262784e+00,1.500017791612668816e+01
9.659931986397278791e+00,1.500017836758350320e+01
9.661932386477294799e+00,1.500017880084641320e+01
9.663932786557310806e+00,1.500017923344921122e+01
9.665933186637326813e+00,1.500017966692691296e+01
9.667933586717342820e+00,1.500018010101893751e+01
9.669933986797358827e+00,1.500018053554696174e+01
9.671934386877374834e+00,1.500018098586848048e+01
9.673934786957390841e+00,1.500018141799597338e+01
9.675935187037406848e+00,1.500018184947778899e+01
9.677935587117422855e+00,1.500018228183836655e+01
9.679935987197438862e+00,1.500018271481954635e+01
9.681936387277454870e+00,1.500018314822436771e+01
9.683936787357470877e+00,1.500018359742443508e+01
9.685937187437486884e+00,1.500018402840836984e+01
9.687937587517502891e+00,1.500018445878264117e+01
9.689937987597518898e+00,1.500018489002509980e+01
9.691938387677534905e+00,1.500018532189073639e+01
9.693938787757550912e+00,1.500018575418126510e+01
9.695939187837566919e+00,1.500018620220406795e+01
9.697939587917582926e+00,1.500018663209475811e+01
9.699939987997598934e+00,1.500018706136125779e+01
9.701940388077614941e+00,1.500018749149274022e+01
9.703940788157630948e+00,1.500018792225528941e+01
9.705941188237646955e+00,1.500018835343260726e+01
9.707941588317662962e+00,1.500018880024643586e+01
9.709941988397678969e+00,1.500018922907872110e+01
9.711942388477694976e+00,1.500018965724181186e+01
9.713942788557710983e+00,1.500019008627081440e+01
9.715943188637726990e+00,1.500019051591958608e+01
9.717943588717742998e+00,1.500019094599123726e+01
9.719943988797759005e+00,1.500019139163815396e+01
9.721944388877775012e+00,1.500019181938149337e+01
9.723944788957791019e+00,1.500019224644610105e+01
9.725945189037807026e+00,1.500019267437084025e+01
9.727945589117823033e+00,1.500019310291620123e+01
9.729945989197839040e+00,1.500019353187935955e+01
9.731946389277855047e+00,1.500019397642987862e+01
9.733946789357871054e+00,1.500019440303505469e+01
9.735947189437887062e+00,1.500019482899188361e+01
9.737947589517903069e+00,1.500019525582190205e+01
9.739947989597919076e+00,1.500019568325862096e+01
9.741948389677935083e+00,1.500019611111811990e+01
9.743948789757951090e+00,1.500019655451255574e+01
9.745949189837967097e+00,1.500019698002347646e+01
9.747949589917983104e+00,1.500019740488931319e+01
9.749949989997999111e+00,1.500019783061735978e+01
9.751950390078015118e+00,1.500019825695518172e+01
9.753950790158031126e+00,1.500019868371283494e+01
9.755951190238047133e+00,1.500019912593221960e+01
9.757951590318063140e+00,1.500019955038268371e+01
9.759951990398079147e+00,1.500019997415934725e+01
9.761952390478095154e+00,1.500020039878745770e+01
9.763952790558111161e+00,1.500020082402904364e+01
9.765953190638127168e+00,1.500020124969244151e+01
9.767953590718143175e+00,1.500020169074567988e+01
9.769953990798159182e+00,1.500020211412714666e+01
9.771954390878175190e+00,1.500020253681047322e+01
9.773954790958191197e+00,1.500020296034868039e+01
9.775955191038207204e+00,1.500020338450046253e+01
9.777955591118223211e+00,1.500020380906601858e+01
9.779955991198239218e+00,1.500020424904148264e+01
9.781956391278255225e+00,1.500020467127843382e+01
9.783956791358271232e+00,1.500020509287881154e+01
9.785957191438287239e+00,1.500020551532085911e+01
9.787957591518303246e+00,1.500020593837571958e+01
9.789957991598319254e+00,1.500020636185348799e+01
9.791958391678335261e+00,1.500020680067366996e+01
9.793958791758351268e+00,1.500020722185002953e+01
9.795959191838367275e+00,1.500020764235611459e+01
9.797959591918383282e+00,1.500020806372109838e+01
9.799959991998399289e+00,1.500020848568855136e+01
9.801960392078415296e+00,1.500020890807388341e+01
9.803960792158431303e+00,1.500020934573113784e+01
9.805961192238447310e+00,1.500020976584995225e+01
9.807961592318463317e+00,1.500021018528093819e+01
9.809961992398479325e+00,1.500021060555715735e+01
9.811962392478495332e+00,1.500021102643911775e+01
9.813962792558511339e+00,1.500021144773830173e+01
9.815963192638527346e+00,1.500021188427519014e+01
9.817963592718543353e+00,1.500021230331364741e+01
9.819963992798559360e+00,1.500021272165837694e+01
9.821964392878575367e+00,1.500021314085846669e+01
9.823964792958591374e+00,1.500021356065792233e+01
9.825965193038607381e+00,1.500021398086986579e+01
9.827965593118623389e+00,1.500021441628039653e+01
9.829965993198639396e+00,1.500021483424387547e+01
9.831966393278655403e+00,1.500021525151372259e+01
9.833966793358671410e+00,1.500021566963461694e+01
9.835967193438687417e+00,1.500021608834629205e+01
9.837967593518703424e+00,1.500021650748025515e+01
9.839967993598719431e+00,1.500021694176917819e+01
9.841968393678735438e+00,1.500021735865737860e+01
9.843968793758751445e+00,1.500021777485359031e+01
9.845969193838767453e+00,1.500021819189168504e+01
9.847969593918783460e+00,1.500021860953354924e+01
9.849969993998799467e+00,1.500021902758949643e+01
9.851970394078815474e+00,1.500021946079399804e+01
9.853970794158831481e+00,1.500021987657866340e+01
9.855971194238847488e+00,1.500022029170548521e+01
9.857971594318863495e+00,1.500022070766699223e+01
9.859971994398879502e+00,1.500022112423281229e+01
9.861972394478895509e+00,1.500022154121428564e+01
9.863972794558911517e+00,1.500022197327111684e+01
9.865973194638927524e+00,1.500022238801598995e+01
9.867973594718943531e+00,1.500022280207344139e+01
9.869973994798959538e+00,1.500022321696939542e+01
9.871974394878975545e+00,1.500022363246292301e+01
9.873974794958991552e+00,1.500022406662522556e+01
9.875975195039007559e+00,1.500022447817408100e+01
9.877975595119023566e+00,1.500022489065058728e+01
9.879975995199039573e+00,1.500022530413017563e+01
9.881976395279055581e+00,1.500022571833089202e+01
9.883976795359071588e+00,1.500022613304637709e+01
9.885977195439087595e+00,1.500022656527296050e+01
9.887977595519103602e+00,1.500022697624565104e+01
9.889977995599119609e+00,1.500022738800138455e+01
9.891978395679135616e+00,1.500022780067582850e+01
9.893978795759151623e+00,1.500022821401323903e+01
9.895979195839167630e+00,1.500022862781530897e+01
9.897979595919183637e+00,1.500022905817769292e+01
9.899979995999199645e+00,1.500022946869527374e+01
9.901980396079215652e+00,1.500022987956543297e+01
9.903980796159231659e+00,1.500023029131851793e+01
9.905981196239247666e+00,1.500023070370035327e+01
9.907981596319263673e+00,1.500023111651601404e+01
9.909981996399279680e+00,1.500023154517044865e+01
9.911982396479295687e+00,1.500023195513887586e+01
9.913982796559311694e+00,1.500023236504888580e+01
9.915983196639327701e+00,1.500023277581741610e+01
9.917983596719343709e+00,1.500023318719544640e+01
9.919983996799359716e+00,1.500023361766527685e+01
9.921984396879375723e+00,1.500023402470996636e+01
9.923984796959391730e+00,1.500023443308939441e+01
9.925985197039407737e+00,1.500023484247174821e+01
9.927985597119423744e+00,1.500023525259076074e+01
9.929985997199439751e+00,1.500023566321278778e+01
9.931986397279455758e+00,1.500023609152015958e+01
9.933986797359471765e+00,1.500023649820776761e+01
9.935987197439487772e+00,1.500023690590497871e+01
9.937987597519503780e+00,1.500023731451489084e+01
9.939987997599519787e+00,1.500023772379322473e+01
9.941988397679535794e+00,1.500023813352713731e+01
9.943988797759551801e+00,1.500023855979344134e+01
9.945989197839567808e+00,1.500023896619731545e+01
9.947989597919583815e+00,1.500023937303320665e+01
9.949989997999599822e+00,1.500023978074206887e+01
9.951990398079615829e+00,1.500024018908118784e+01
9.953990798159631836e+00,1.500024059784619546e+01
9.955991198239647844e+00,1.500024102235360957e+01
9.957991598319663851e+00,1.500024142827210305e+01
9.959991998399679858e+00,1.500024183416357992e+01
9.961992398479695865e+00,1.500024224089531621e+01
9.963992798559711872e+00,1.500024264823671416e+01
9.965993198639727879e+00,1.500024307457866435e+01
9.967993598719743886e+00,1.500024347755925191e+01
9.969993998799759893e+00,1.500024388192597691e+01
9.971994398879775900e+00,1.500024428729629200e+01
9.973994798959791908e+00,1.500024469338716848e+01
9.975995199039807915e+00,1.500024509998720923e+01
9.977995599119823922e+00,1.500024552411112566e+01
9.979995999199839929e+00,1.500024592679453050e+01
9.981996399279855936e+00,1.500024633048677103e+01
9.983996799359871943e+00,1.500024673509363815e+01
9.985997199439887950e+00,1.500024714035454210e+01
9.987997599519903957e+00,1.500024754606847566e+01
9.989997999599919964e+00,1.500024796821434414e+01
9.991998399679935972e+00,1.500024837057123328e+01
9.993998799759951979e+00,1.500024877341708951e+01
9.995999199839967986e+00,1.500024917712390327e+01
9.997999599919983993e+00,1.500024958144888032e+01
1.000000000000000000e+01,1.500025000518798812e+01
