t,f
0.000000000000000000e+00,3.995305635963464663e+00
2.000400080016003206e-03,3.995305635963464663e+00
4.000800160032006413e-03,2.560731470376087060e+00
6.001200240048009185e-03,1.823501336861838462e+00
8.001600320064012825e-03,1.321986379492211761e+00
1.000200040008001647e-02,9.510390291610996139e-01
1.200240048009601837e-02,6.708718545214442663e-01
1.400280056011202201e-02,4.580481774548451623e-01
1.600320064012802565e-02,2.959952764984994378e-01
1.800360072014402929e-02,1.723817734475860675e-01
2.000400080016003293e-02,7.791278882242197446e-02
2.200440088017603657e-02,5.558279078259176220e-03
2.400480096019203674e-02,-5.000428964314945768e-02
2.600520104020804038e-02,-9.280637258077950591e-02
2.800560112022404402e-02,-1.259023913553392604e-01
3.000600120024004766e-02,-1.516071761735352519e-01
3.200640128025605130e-02,-1.716756217755398550e-01
3.400680136027205147e-02,-1.874386500368697139e-01
3.600720144028805858e-02,-1.999061142851122908e-01
3.800760152030405875e-02,-2.098446880289261129e-01
4.000800160032006586e-02,-2.178368235128707031e-01
4.200840168033606603e-02,-2.243253848695108965e-01
4.400880176035207314e-02,-2.296474401425606660e-01
4.600920184036807331e-02,-2.340598485362685166e-01
4.800960192038407348e-02,-2.377586376717682193e-01
5.001000200040008059e-02,-2.408936802339531891e-01
5.201040208041608076e-02,-2.435798121677401062e-01
5.401080216043208787e-02,-2.459052567677153522e-01
5.601120224044808804e-02,-2.479380088188821718e-01
5.801160232046409515e-02,-2.497306739187928892e-01
6.001200240048009532e-02,-2.513241377865280679e-01
6.201240248049610243e-02,-2.527503493028654402e-01
6.401280256051210260e-02,-2.540344321204114908e-01
6.601320264052810971e-02,-2.551962875215421644e-01
6.801360272054410294e-02,-2.562518117235316750e-01
7.001400280056011005e-02,-2.572138209411827248e-01
7.201440288057611716e-02,-2.580927548884598410e-01
7.401480296059212427e-02,-2.588972122654702446e-01
7.601520304060811750e-02,-2.596343588019256465e-01
7.801560312062412461e-02,-2.603102386009032987e-01
8.001600320064013172e-02,-2.609300120820025604e-01
8.201640328065612495e-02,-2.614981381858397791e-01
8.401680336067213206e-02,-2.620185142281419854e-01
8.601720344068813917e-02,-2.624945835566699914e-01
8.801760352070414628e-02,-2.629294187106524516e-01
9.001800360072013951e-02,-2.633257859229534148e-01
9.201840368073614662e-02,-2.636861953981696205e-01
9.401880376075215373e-02,-2.640129407302146403e-01
9.601920384076814696e-02,-2.643081300136526091e-01
9.801960392078415407e-02,-2.645737105911697418e-01
1.000200040008001612e-01,-2.648114889094492774e-01
1.020204040808161683e-01,-2.650231466084654874e-01
1.040208041608321615e-01,-2.652102536961595813e-01
1.060212042408481686e-01,-2.653742794600998933e-01
1.080216043208641757e-01,-2.655166016126399575e-01
1.100220044008801829e-01,-2.656385140487061425e-01
1.120224044808961761e-01,-2.657412335065793552e-01
1.140228045609121832e-01,-2.658259053541092709e-01
1.160232046409281903e-01,-2.658936086719494440e-01
1.180236047209441835e-01,-2.659453607654660989e-01
1.200240048009601906e-01,-2.659821212080509256e-01
1.220244048809761978e-01,-2.660047954947810100e-01
1.240248049609922049e-01,-2.660142383692752910e-01
1.260252050410081981e-01,-2.660112568717886150e-01
1.280256051210242052e-01,-2.659966131484508001e-01
1.300260052010402123e-01,-2.659710270516010278e-01
1.320264052810562194e-01,-2.659351785564892379e-01
1.340268053610722265e-01,-2.658897100150334203e-01
1.360272054410882059e-01,-2.658352282627517993e-01
1.380276055211042130e-01,-2.657723065933942919e-01
1.400280056011202201e-01,-2.657014866123385555e-01
1.420284056811362272e-01,-2.656232799795016919e-01
1.440288057611522343e-01,-2.655381700495426656e-01
1.460292058411682414e-01,-2.654466134181426296e-01
1.480296059211842485e-01,-2.653490413791983471e-01
1.500300060012002279e-01,-2.652458613007704358e-01
1.520304060812162350e-01,-2.651374579237826268e-01
1.540308061612322421e-01,-2.650241945886912531e-01
1.560312062412482492e-01,-2.649064143947218453e-01
1.580316063212642563e-01,-2.647844412954799553e-01
1.600320064012802634e-01,-2.646585811346844896e-01
1.620324064812962706e-01,-2.645291226257841521e-01
1.640328065613122499e-01,-2.643963382778141691e-01
1.660332066413282570e-01,-2.642604852716746722e-01
1.680336067213442641e-01,-2.641218062887416007e-01
1.700340068013602712e-01,-2.639805302950459787e-01
1.720344068813762783e-01,-2.638368732824748486e-01
1.740348069613922855e-01,-2.636910389706895730e-01
1.760352070414082926e-01,-2.635432194713214216e-01
1.780356071214242719e-01,-2.633935959158570927e-01
1.800360072014402790e-01,-2.632423390501431038e-01
1.820364072814562861e-01,-2.630896097968767333e-01
1.840368073614722932e-01,-2.629355597880067008e-01
1.860372074414883004e-01,-2.627803318682774281e-01
1.880376075215043075e-01,-2.626240605719341037e-01
1.900380076015203146e-01,-2.624668725737719921e-01
1.920384076815362939e-01,-2.623088871159353075e-01
1.940388077615523010e-01,-2.621502164118554856e-01
1.960392078415683081e-01,1.380428845404175888e+02
1.980396079215843153e-01,1.503254910320434021e+02
2.000400080016003224e-01,1.561335835020569789e+02
2.020404080816163295e-01,1.589244183815665679e+02
2.040408081616323366e-01,1.577797528755385201e+02
2.060412082416483437e-01,1.516106388599947365e+02
2.080416083216643230e-01,1.456611495199555293e+02
2.100420084016803302e-01,1.399709371163865228e+02
2.120424084816963373e-01,1.345458259396759217e+02
2.140428085617123444e-01,1.293872474205422236e+02
2.160432086417283515e-01,1.244932551182584746e+02
2.180436087217443586e-01,1.198593146775796754e+02
2.200440088017603657e-01,1.154789270013901614e+02
2.220444088817763451e-01,1.113441250202605062e+02
2.240448089617923522e-01,1.074458725645426398e+02
2.260452090418083593e-01,1.037743859111527343e+02
2.280456091218243664e-01,1.003193932317044954e+02
2.300460092018403735e-01,9.707034351603493860e+01
2.320464092818563806e-01,9.401657400212695848e+01
2.340468093618723877e-01,9.114742454543889494e+01
2.360472094418883671e-01,8.844568935109906249e+01
2.380476095219043742e-01,8.590000625161063397e+01
2.400480096019203813e-01,8.350738960392820331e+01
2.420484096819363884e-01,7.914222974466443361e+01
2.440488097619523955e-01,7.502052640299504560e+01
2.460492098419684026e-01,7.121814074063375699e+01
2.480496099219844097e-01,6.771457061840096969e+01
2.500500100020003891e-01,6.449067769641713710e+01
2.520504100820163962e-01,6.152755635896875219e+01
2.540508101620324033e-01,5.879552250005909286e+01
2.560512102420484104e-01,5.627906527520964630e+01
2.580516103220644175e-01,5.396848379189020051e+01
2.600520104020804246e-01,5.184928442059074882e+01
2.620524104820964317e-01,4.990657740060630232e+01
2.640528105621124388e-01,4.812908390100680833e+01
2.660532106421284460e-01,4.650781998193882316e+01
2.680536107221444531e-01,4.503205755650192543e+01
2.700540108021604602e-01,4.369077923019941068e+01
2.720544108821764118e-01,4.247363971383728654e+01
2.740548109621924189e-01,4.137239936198391632e+01
2.760552110422084260e-01,4.037832405371308653e+01
2.780556111222244331e-01,3.948234983668779563e+01
2.800560112022404402e-01,3.867595999049145661e+01
2.820564112822564473e-01,3.795121688398058524e+01
2.840568113622724544e-01,3.730076889311259691e+01
2.860572114422884615e-01,3.671784034035959365e+01
2.880576115223044686e-01,3.619621024117141417e+01
2.900580116023204758e-01,3.573018404244541557e+01
2.920584116823364829e-01,3.531456135666223872e+01
2.940588117623524900e-01,3.494460182309005347e+01
2.960592118423684971e-01,3.461599058361168346e+01
2.980596119223845042e-01,3.432480438762082287e+01
3.000600120024004558e-01,3.406747899408564706e+01
3.020604120824164629e-01,3.384077828747479799e+01
3.040608121624324700e-01,3.364176534333133617e+01
3.060612122424484771e-01,3.346777555094890033e+01
3.080616123224644842e-01,3.331639181100756275e+01
3.100620124024804913e-01,3.318542176522277742e+01
3.120624124824964984e-01,3.307287697522786374e+01
3.140628125625125056e-01,3.297695394314631301e+01
3.160632126425285127e-01,3.289601685277510512e+01
3.180636127225445198e-01,3.282858190435517542e+01
3.200640128025605269e-01,3.277330311529143358e+01
3.220644128825765340e-01,3.272895946247827226e+01
3.240648129625925411e-01,3.269444324736477370e+01
3.260652130426085482e-01,3.266874957158450599e+01
3.280656131226244998e-01,3.265096681914852894e+01
3.300660132026405069e-01,3.264026804884279187e+01
3.320664132826565140e-01,3.263590320866390471e+01
3.340668133626725211e-01,3.263719209185326520e+01
3.360672134426885282e-01,3.264351796156122987e+01
3.380676135227045354e-01,3.265432177800028057e+01
3.400680136027205425e-01,3.266909696845955580e+01
3.420684136827365496e-01,3.268738468646480300e+01
3.440688137627525567e-01,3.270876951178578196e+01
3.460692138427685638e-01,3.273287554781266806e+01
3.480696139227845709e-01,3.275936287746016973e+01
3.500700140028005780e-01,3.278792434248979504e+01
3.520704140828165851e-01,3.281828261502685251e+01
3.540708141628325922e-01,3.285018753310965423e+01
3.560712142428485438e-01,3.288341367494310674e+01
3.580716143228645509e-01,3.291775814936249134e+01
3.600720144028805580e-01,3.295303858207741854e+01
3.620724144828965652e-01,3.298909127941582398e+01
3.640728145629125723e-01,3.302576955320188290e+01
3.660732146429285794e-01,3.306294219193785722e+01
3.680736147229445865e-01,3.310049206501135899e+01
3.700740148029605936e-01,3.313831484787726822e+01
3.720744148829766007e-01,3.317631785746630868e+01
3.740748149629926078e-01,3.321441898792323144e+01
3.760752150430086149e-01,3.325254573797757729e+01
3.780756151230246220e-01,3.329063432179834336e+01
3.800760152030406291e-01,3.332862885617095117e+01
3.820764152830566363e-01,3.336648061737820115e+01
3.840768153630725879e-01,3.340414736183661404e+01
3.860772154430885950e-01,3.344159270502200343e+01
3.880776155231046021e-01,3.347878555376055232e+01
3.900780156031206092e-01,3.351569958743309741e+01
3.920784156831366163e-01,3.355231278388104244e+01
3.940788157631526234e-01,3.358860698638417119e+01
3.960792158431686305e-01,3.362456750820096119e+01
3.980796159231846376e-01,3.366018277167198391e+01
4.000800160032006447e-01,3.369544397881517028e+01
4.020804160832166518e-01,3.373034481104802751e+01
4.040808161632326589e-01,3.376488115546529656e+01
4.060812162432486661e-01,3.379905085553438937e+01
4.080816163232646732e-01,3.383285348418435490e+01
4.100820164032806803e-01,3.386629013746151884e+01
4.120824164832966874e-01,3.389936324703003123e+01
4.140828165633126390e-01,3.393207640995173335e+01
4.160832166433286461e-01,3.396443423435126618e+01
4.180836167233446532e-01,3.399644219960247682e+01
4.200840168033606603e-01,3.402810652985598949e+01
4.220844168833766674e-01,3.405943407977079573e+01
4.240848169633926745e-01,3.409043223147510560e+01
4.260852170434086816e-01,3.412110880171487537e+01
4.280856171234246887e-01,3.415147195844775041e+01
4.300860172034406959e-01,3.418153014597102413e+01
4.320864172834567030e-01,3.421129201793120700e+01
4.340868173634727101e-01,3.424076637747404561e+01
4.360872174434887172e-01,3.426996212394885788e+01
4.380876175235047243e-01,3.429888820563802909e+01
4.400880176035207314e-01,3.432755357783393890e+01
4.420884176835366830e-01,3.435596716595925670e+01
4.440888177635526901e-01,3.438413783319922601e+01
4.460892178435686972e-01,3.441207435216426092e+01
4.480896179235847043e-01,3.443978538038960124e+01
4.500900180036007114e-01,3.446727943912873826e+01
4.520904180836167185e-01,3.449456489522967217e+01
4.540908181636327257e-01,3.452164994582833657e+01
4.560912182436487328e-01,3.454854260548184186e+01
4.580916183236647399e-01,3.457525069558492703e+01
4.600920184036807470e-01,3.460178183581837175e+01
4.620924184836967541e-01,3.462814343741538181e+01
4.640928185637127612e-01,3.465434269805972178e+01
4.660932186437287683e-01,3.468038659824693326e+01
4.680936187237447754e-01,3.470628189893048443e+01
4.700940188037607270e-01,3.473203514036048745e+01
4.720944188837767341e-01,3.475765264190734172e+01
4.740948189637927412e-01,3.478314050281474579e+01
4.760952190438087483e-01,3.480850460371204491e+01
4.780956191238247555e-01,3.483375060889668617e+01
4.800960192038407626e-01,3.485888396911079923e+01
4.820964192838567697e-01,3.488390992490555220e+01
4.840968193638727768e-01,3.490883351047483529e+01
4.860972194438887839e-01,3.493365955778906340e+01
4.880976195239047910e-01,3.495839270109812702e+01
4.900980196039207981e-01,3.498303738169067145e+01
4.920984196839368052e-01,3.500759785284344616e+01
4.940988197639528123e-01,3.503207818496250070e+01
4.960992198439688194e-01,3.505648227082781432e+01
4.980996199239847710e-01,3.508081383094108219e+01
5.001000200040007782e-01,3.510507641892741759e+01
5.021004200840167853e-01,3.512927342697173572e+01
5.041008201640327924e-01,3.515340809126119836e+01
5.061012202440487995e-01,3.517748349740124070e+01
5.081016203240648066e-01,3.520150258577043445e+01
5.101020204040808137e-01,3.522546815690287758e+01
5.121024204840968208e-01,3.524938287670983073e+01
5.141028205641128279e-01,3.527324928165651841e+01
5.161032206441288350e-01,3.529706978387209659e+01
5.181036207241448421e-01,3.532084667609977657e+01
5.201040208041608492e-01,3.534458213659380021e+01
5.221044208841768564e-01,3.536827823386217062e+01
5.241048209641928635e-01,3.539193693129994500e+01
5.261052210442088706e-01,3.541556009169871544e+01
5.281056211242248777e-01,3.543914948162118606e+01
5.301060212042408848e-01,3.546270677566013063e+01
5.321064212842568919e-01,3.548623356052182487e+01
5.341068213642728990e-01,3.550973133905144863e+01
5.361072214442889061e-01,3.553320153402776072e+01
5.381076215243049132e-01,3.555664549190669277e+01
5.401080216043209203e-01,3.558006448641206276e+01
5.421084216843368164e-01,3.560345972194168951e+01
5.441088217643528235e-01,3.562683233693226725e+01
5.461092218443688306e-01,3.565018340701273303e+01
5.481096219243848378e-01,3.567351394809362830e+01
5.501100220044008449e-01,3.569682491930989698e+01
5.521104220844168520e-01,3.572011722583152249e+01
5.541108221644328591e-01,3.574339172157235822e+01
5.561112222444488662e-01,3.576664921179288115e+01
5.581116223244648733e-01,3.578989045558013515e+01
5.601120224044808804e-01,3.581311616820106991e+01
5.621124224844968875e-01,3.583632702338859843e+01
5.641128225645128946e-01,3.585952365549728427e+01
5.661132226445289017e-01,3.588270666159038313e+01
5.681136227245449088e-01,3.590587660339459575e+01
5.701140228045609160e-01,3.592903400918185497e+01
5.721144228845769231e-01,3.595217937557506360e+01
5.741148229645929302e-01,3.597531316925399381e+01
5.761152230446089373e-01,3.599843582856709645e+01
5.781156231246249444e-01,3.602154776511015655e+01
5.801160232046409515e-01,3.604464936516043139e+01
5.821164232846569586e-01,3.606774099111583354e+01
5.841168233646729657e-01,3.609082298278669754e+01
5.861172234446889728e-01,3.611389565868652340e+01
5.881176235247049799e-01,3.613695931722396892e+01
5.901180236047209871e-01,3.616001423783885116e+01
5.921184236847369942e-01,3.618306068207721893e+01
5.941188237647530013e-01,3.620609889463028708e+01
5.961192238447690084e-01,3.622912910427998412e+01
5.981196239247849045e-01,3.625215152485147740e+01
6.001200240048009116e-01,3.627516635605320516e+01
6.021204240848169187e-01,3.629817378431756936e+01
6.041208241648329258e-01,3.632117398357551963e+01
6.061212242448489329e-01,3.634416711598487382e+01
6.081216243248649400e-01,3.636715333266269568e+01
6.101220244048809471e-01,3.639013277429742743e+01
6.121224244848969542e-01,3.641310557179708951e+01
6.141228245649129613e-01,3.643607184689162182e+01
6.161232246449289685e-01,3.645903171265096887e+01
6.181236247249449756e-01,3.648198527404357350e+01
6.201240248049609827e-01,3.650493262841669662e+01
6.221244248849769898e-01,3.652787386596041586e+01
6.241248249649929969e-01,3.655080907015581460e+01
6.261252250450090040e-01,3.657373831818413379e+01
6.281256251250250111e-01,3.659666168132805097e+01
6.301260252050410182e-01,3.661957922532314313e+01
6.321264252850570253e-01,3.664249101071469283e+01
6.341268253650730324e-01,3.666539709318426787e+01
6.361272254450890395e-01,3.668829752386220378e+01
6.381276255251050467e-01,3.671119234959510180e+01
6.401280256051210538e-01,3.673408161325045285e+01
6.421284256851370609e-01,3.675696535394510533e+01
6.441288257651530680e-01,3.677984360730145141e+01
6.461292258451690751e-01,3.680271640565374724e+01
6.481296259251850822e-01,3.682558377829406737e+01
6.501300260052010893e-01,3.684844575163040759e+01
6.521304260852170964e-01,3.687130234941444229e+01
6.541308261652331035e-01,3.689415359287642815e+01
6.561312262452489996e-01,3.691699950092716875e+01
6.581316263252650067e-01,3.693984009027989401e+01
6.601320264052810138e-01,3.696267537561971750e+01
6.621324264852970209e-01,3.698550536973674241e+01
6.641328265653130281e-01,3.700833008362612020e+01
6.661332266453290352e-01,3.703114952664542869e+01
6.681336267253450423e-01,3.705396370659921246e+01
6.701340268053610494e-01,3.707677262986082667e+01
6.721344268853770565e-01,3.709957630144307927e+01
6.741348269653930636e-01,3.712237472513525205e+01
6.761352270454090707e-01,3.714516790353059150e+01
6.781356271254250778e-01,3.716795583815824955e+01
6.801360272054410849e-01,3.719073852953687265e+01
6.821364272854570920e-01,3.721351597722475191e+01
6.841368273654730991e-01,3.723628817992623397e+01
6.861372274454891063e-01,3.725905513552015691e+01
6.881376275255051134e-01,3.728181684112199434e+01
6.901380276055211205e-01,3.730457329316136139e+01
6.921384276855371276e-01,3.732732448738624953e+01
6.941388277655531347e-01,3.735007041894672852e+01
6.961392278455691418e-01,3.737281108243656291e+01
6.981396279255851489e-01,3.739554647190952608e+01
7.001400280056011560e-01,3.741827658093009745e+01
7.021404280856171631e-01,3.744100140261495824e+01
7.041408281656331702e-01,3.746372092965986411e+01
7.061412282456491774e-01,3.748643515435202289e+01
7.081416283256651845e-01,3.750914406863655870e+01
7.101420284056811916e-01,3.753184766410605988e+01
7.121424284856970877e-01,3.755454593204854064e+01
7.141428285657130948e-01,3.757723886344350461e+01
7.161432286457291019e-01,3.759992644902669667e+01
7.181436287257451090e-01,3.762260867925993324e+01
7.201440288057611161e-01,3.764528554438550145e+01
7.221444288857771232e-01,3.766795703441707843e+01
7.241448289657931303e-01,3.769062313918317386e+01
7.261452290458091374e-01,3.771328384831637948e+01
7.281456291258251445e-01,3.773593915127260345e+01
7.301460292058411516e-01,3.775858903735340988e+01
7.321464292858571588e-01,3.778123349571912115e+01
7.341468293658731659e-01,3.780387251536960491e+01
7.361472294458891730e-01,3.782650608519635682e+01
7.381476295259051801e-01,3.784913419396847445e+01
7.401480296059211872e-01,3.787175683033243700e+01
7.421484296859371943e-01,3.789437398283820357e+01
7.441488297659532014e-01,3.791698563993847415e+01
7.461492298459692085e-01,3.793959179000274418e+01
7.481496299259852156e-01,3.796219242130502636e+01
7.501500300060012227e-01,3.798478752205568298e+01
7.521504300860172298e-01,3.800737708038010254e+01
7.541508301660332370e-01,3.802996108434430056e+01
7.561512302460492441e-01,3.805253952193748290e+01
7.581516303260652512e-01,3.807511238111117535e+01
7.601520304060812583e-01,3.809767964974876264e+01
7.621524304860972654e-01,3.812024131567103780e+01
7.641528305661132725e-01,3.814279736667650411e+01
7.661532306461292796e-01,3.816534779049248982e+01
7.681536307261451757e-01,3.818789257481801513e+01
7.701540308061611828e-01,3.821043170730118277e+01
7.721544308861771899e-01,3.823296517556948970e+01
7.741548309661931970e-01,3.825549296718928360e+01
7.761552310462092041e-01,3.827801506970960332e+01
7.781556311262252112e-01,3.830053147065007835e+01
7.801560312062412184e-01,3.832304215748588661e+01
7.821564312862572255e-01,3.834554711766676860e+01
7.841568313662732326e-01,3.836804633862242042e+01
7.861572314462892397e-01,3.839053980774824026e+01
7.881576315263052468e-01,3.841302751241654079e+01
7.901580316063212539e-01,3.843550943997817626e+01
7.921584316863372610e-01,3.845798557775143678e+01
7.941588317663532681e-01,3.848045591304105528e+01
7.961592318463692752e-01,3.850292043312659018e+01
7.981596319263852823e-01,3.852537912527028396e+01
8.001600320064012895e-01,3.854783197671122252e+01
8.021604320864172966e-01,3.857027897466470989e+01
8.041608321664333037e-01,3.859272010632794547e+01
8.061612322464493108e-01,3.861515535889189721e+01
8.081616323264653179e-01,3.863758471951815210e+01
8.101620324064813250e-01,3.866000817535698530e+01
8.121624324864973321e-01,3.868242571352880077e+01
8.141628325665133392e-01,3.870483732115174291e+01
8.161632326465293463e-01,3.872724298532796183e+01
8.181636327265453534e-01,3.874964269313423415e+01
8.201640328065613605e-01,3.877203643163822733e+01
8.221644328865773677e-01,3.879442418788742941e+01
8.241648329665933748e-01,3.881680594892688418e+01
8.261652330466092709e-01,3.883918170177434348e+01
8.281656331266252780e-01,3.886155143343747653e+01
8.301660332066412851e-01,3.888391513090854090e+01
8.321664332866572922e-01,3.890627278115918841e+01
8.341668333666732993e-01,3.892862437117700125e+01
8.361672334466893064e-01,3.895096988789703829e+01
8.381676335267053135e-01,3.897330931826557077e+01
8.401680336067213206e-01,3.899564264921281875e+01
8.421684336867373277e-01,3.901796986764400543e+01
8.441688337667533348e-01,3.904029096046986069e+01
8.461692338467693419e-01,3.906260591457702702e+01
8.481696339267853491e-01,3.908491471684592966e+01
8.501700340068013562e-01,3.910721735414053768e+01
8.521704340868173633e-01,3.912951381331010481e+01
8.541708341668333704e-01,3.915180408119698541e+01
8.561712342468493775e-01,3.917408814464189959e+01
8.581716343268653846e-01,3.919636599045497150e+01
8.601720344068813917e-01,3.921863760544710686e+01
8.621724344868973988e-01,3.924090297641389213e+01
8.641728345669134059e-01,3.926316209013859293e+01
8.661732346469294130e-01,3.928541493340804180e+01
8.681736347269454201e-01,3.930766149297524237e+01
8.701740348069614273e-01,3.932990175560444612e+01
8.721744348869774344e-01,3.935213570803068706e+01
8.741748349669934415e-01,3.937436333700570401e+01
8.761752350470094486e-01,3.939658462923290472e+01
8.781756351270254557e-01,3.941879957143621027e+01
8.801760352070414628e-01,3.944100815032800966e+01
8.821764352870573589e-01,3.946321035259595789e+01
8.841768353670733660e-01,3.948540616492490329e+01
8.861772354470893731e-01,3.950759557399724287e+01
8.881776355271053802e-01,3.952977856648251276e+01
8.901780356071213873e-01,3.955195512903346611e+01
8.921784356871373944e-01,3.957412524830418477e+01
8.941788357671534015e-01,3.959628891094082803e+01
8.961792358471694087e-01,3.961844610357296403e+01
8.981796359271854158e-01,3.964059681283097802e+01
9.001800360072014229e-01,3.966274102532554480e+01
9.021804360872174300e-01,3.968487872766483804e+01
9.041808361672334371e-01,3.970700990645724460e+01
9.061812362472494442e-01,3.972913454829824786e+01
9.081816363272654513e-01,3.975125263976612899e+01
9.101820364072814584e-01,3.977336416744017811e+01
9.121824364872974655e-01,3.979546911790134800e+01
9.141828365673134726e-01,3.981756747770710092e+01
9.161832366473294798e-01,3.983965923341700943e+01
9.181836367273454869e-01,3.986174437157646366e+01
9.201840368073614940e-01,3.988382287874138399e+01
9.221844368873775011e-01,3.990589474143462212e+01
9.241848369673935082e-01,3.992795994620266953e+01
9.261852370474095153e-01,3.995001847955814611e+01
9.281856371274255224e-01,3.997207032803116533e+01
9.301860372074415295e-01,3.999411547812285761e+01
9.321864372874575366e-01,4.001615391634157248e+01
9.341868373674735437e-01,4.003818562919698110e+01
9.361872374474895508e-01,4.006021060318075655e+01
9.381876375275055580e-01,4.008222882477956261e+01
9.401880376075214540e-01,4.010424028048814904e+01
9.421884376875374612e-01,4.012624495677049197e+01
9.441888377675534683e-01,4.014824284011989164e+01
9.461892378475694754e-01,4.017023391698781865e+01
9.481896379275854825e-01,4.019221817385287920e+01
9.501900380076014896e-01,4.021419559717119796e+01
9.521904380876174967e-01,4.023616617339565948e+01
9.541908381676335038e-01,4.025812988898311318e+01
9.561912382476495109e-01,4.028008673037692233e+01
9.581916383276655180e-01,4.030203668402131711e+01
9.601920384076815251e-01,4.032397973635718103e+01
9.621924384876975322e-01,4.034591587381462574e+01
9.641928385677135394e-01,4.036784508283346184e+01
9.661932386477295465e-01,4.038976734983405237e+01
9.681936387277455536e-01,4.041168266124971353e+01
9.701940388077615607e-01,4.043359100349130841e+01
9.721944388877775678e-01,4.045549236297972584e+01
9.741948389677935749e-01,4.047738672613718336e+01
9.761952390478095820e-01,4.049927407936477408e+01
9.781956391278255891e-01,4.052115440907532218e+01
9.801960392078415962e-01,4.054302770166955838e+01
9.821964392878576033e-01,4.056489394356701439e+01
9.841968393678736104e-01,4.058675312114732492e+01
9.861972394478896176e-01,4.060860522081906510e+01
9.881976395279056247e-01,4.063045022897635050e+01
9.901980396079216318e-01,4.065228813201702707e+01
9.921984396879376389e-01,4.067411891632606569e+01
9.941988397679536460e-01,4.069594256829842038e+01
9.961992398479695421e-01,4.071775907431953101e+01
9.981996399279855492e-01,4.073956842076625406e+01
1.000200040008001556e+00,4.076137059403360752e+01
1.002200440088017563e+00,4.078316558049856155e+01
1.004200840168033571e+00,4.080495336654609417e+01
1.006201240248049578e+00,4.082673393855122868e+01
1.008201640328065585e+00,4.084850728289121236e+01
1.010202040408081592e+00,4.087027338594146642e+01
1.012202440488097599e+00,4.089203223408826915e+01
1.014202840568113606e+00,4.091378381369303696e+01
1.016203240648129613e+00,4.093552811113626433e+01
1.018203640728145620e+00,4.095726511278635940e+01
1.020204040808161627e+00,4.097899480502329794e+01
1.022204440888177635e+00,4.100071717420919981e+01
1.024204840968193642e+00,4.102243220671991253e+01
1.026205241048209649e+00,4.104413988892250131e+01
1.028205641128225656e+00,4.106584020718703698e+01
1.030206041208241663e+00,4.108753314788891942e+01
1.032206441288257670e+00,4.110921869739267720e+01
1.034206841368273677e+00,4.113089684206789798e+01
1.036207241448289684e+00,4.115256756828463125e+01
1.038207641528305691e+00,4.117423086241207386e+01
1.040208041608321698e+00,4.119588671081344700e+01
1.042208441688337706e+00,4.121753509986383079e+01
1.044208841768353713e+00,4.123917601593833382e+01
1.046209241848369720e+00,4.126080944540201756e+01
1.048209641928385727e+00,4.128243537462059720e+01
1.050210042008401734e+00,4.130405378997056687e+01
1.052210442088417741e+00,4.132566467782338293e+01
1.054210842168433748e+00,4.134726802455048755e+01
1.056211242248449755e+00,4.136886381652462319e+01
1.058211642328465762e+00,4.139045204012081314e+01
1.060212042408481770e+00,4.141203268170934138e+01
1.062212442488497777e+00,4.143360572767804939e+01
1.064212842568513784e+00,4.145517116438841754e+01
1.066213242648529791e+00,4.147672897822813098e+01
1.068213642728545798e+00,4.149827915557193592e+01
1.070214042808561805e+00,4.151982168280261476e+01
1.072214442888577812e+00,4.154135654629502739e+01
1.074214842968593819e+00,4.156288373244645129e+01
1.076215243048609826e+00,4.158440322763333796e+01
1.078215643128625834e+00,4.160591501823682847e+01
1.080216043208641841e+00,4.162741909064953916e+01
1.082216443288657626e+00,4.164891543126245921e+01
1.084216843368673633e+00,4.167040402645466202e+01
1.086217243448689640e+00,4.169188486263986704e+01
1.088217643528705647e+00,4.171335792619870375e+01
1.090218043608721654e+00,4.173482320352312058e+01
1.092218443688737661e+00,4.175628068102104606e+01
1.094218843768753668e+00,4.177773034508927452e+01
1.096219243848769676e+00,4.179917218212956698e+01
1.098219643928785683e+00,4.182060617854737217e+01
1.100220044008801690e+00,4.184203232074873569e+01
1.102220444088817697e+00,4.186345059514363243e+01
1.104220844168833704e+00,4.188486098814454550e+01
1.106221244248849711e+00,4.190626348615856500e+01
1.108221644328865718e+00,4.192765807560836322e+01
1.110222044408881725e+00,4.194904474291292473e+01
1.112222444488897732e+00,4.197042347448862643e+01
1.114222844568913739e+00,4.199179425675854560e+01
1.116223244648929747e+00,4.201315707615125916e+01
1.118223644728945754e+00,4.203451191909857698e+01
1.120224044808961761e+00,4.205585877202253187e+01
1.122224444888977768e+00,4.207719762136510155e+01
1.124224844968993775e+00,4.209852845356505924e+01
1.126225245049009782e+00,4.211985125505373162e+01
1.128225645129025789e+00,4.214116601228664649e+01
1.130226045209041796e+00,4.216247271169713429e+01
1.132226445289057803e+00,4.218377133973407922e+01
1.134226845369073811e+00,4.220506188286267957e+01
1.136227245449089818e+00,4.222634432752369804e+01
1.138227645529105825e+00,4.224761866018364742e+01
1.140228045609121832e+00,4.226888486729810523e+01
1.142228445689137839e+00,4.229014293533637669e+01
1.144228845769153846e+00,4.231139285076826440e+01
1.146229245849169853e+00,4.233263460005432677e+01
1.148229645929185860e+00,4.235386816968419765e+01
1.150230046009201867e+00,4.237509354612052448e+01
1.152230446089217875e+00,4.239631071585135658e+01
1.154230846169233882e+00,4.241751966536615015e+01
1.156231246249249889e+00,4.243872038114603384e+01
1.158231646329265896e+00,4.245991284968184942e+01
1.160232046409281903e+00,4.248109705748221643e+01
1.162232446489297910e+00,4.250227299103094225e+01
1.164232846569313917e+00,4.252344063683516140e+01
1.166233246649329924e+00,4.254459998140795562e+01
1.168233646729345931e+00,4.256575101125378069e+01
1.170234046809361939e+00,4.258689371289055714e+01
1.172234446889377946e+00,4.260802807283456417e+01
1.174234846969393953e+00,4.262915407760334574e+01
1.176235247049409960e+00,4.265027171372779691e+01
1.178235647129425967e+00,4.267138096774161227e+01
1.180236047209441974e+00,4.269248182617184995e+01
1.182236447289457981e+00,4.271357427555358299e+01
1.184236847369473988e+00,4.273465830243211627e+01
1.186237247449489995e+00,4.275573389336626207e+01
1.188237647529506003e+00,4.277680103488440722e+01
1.190238047609522010e+00,4.279785971355512686e+01
1.192238447689538017e+00,4.281890991593057549e+01
1.194238847769554024e+00,4.283995162857124228e+01
1.196239247849569809e+00,4.286098483805606207e+01
1.198239647929585816e+00,4.288200953094764856e+01
1.200240048009601823e+00,4.290302569381741193e+01
1.202240448089617830e+00,4.292403331325341043e+01
1.204240848169633837e+00,4.294503237583721500e+01
1.206241248249649844e+00,4.296602286815417671e+01
1.208241648329665852e+00,4.298700477680188925e+01
1.210242048409681859e+00,4.300797808837236147e+01
1.212242448489697866e+00,4.302894278947317730e+01
1.214242848569713873e+00,4.304989886670774268e+01
1.216243248649729880e+00,4.307084630669357495e+01
1.218243648729745887e+00,4.309178509603608376e+01
1.220244048809761894e+00,4.311271522136611622e+01
1.222244448889777901e+00,4.313363666929351581e+01
1.224244848969793908e+00,4.315454942646682923e+01
1.226245249049809916e+00,4.317545347950210299e+01
1.228245649129825923e+00,4.319634881505731272e+01
1.230246049209841930e+00,4.321723541976326288e+01
1.232246449289857937e+00,4.323811328027108658e+01
1.234246849369873944e+00,4.325898238323615885e+01
1.236247249449889951e+00,4.327984271531332894e+01
1.238247649529905958e+00,4.330069426316936898e+01
1.240248049609921965e+00,4.332153701346499730e+01
1.242248449689937972e+00,4.334237095288873576e+01
1.244248849769953980e+00,4.336319606810594962e+01
1.246249249849969987e+00,4.338401234579897192e+01
1.248249649929985994e+00,4.340481977266202307e+01
1.250250050010002001e+00,4.342561833537806137e+01
1.252250450090018008e+00,4.344640802065747920e+01
1.254250850170034015e+00,4.346718881519365141e+01
1.256251250250050022e+00,4.348796070569389371e+01
1.258251650330066029e+00,4.350872367887753001e+01
1.260252050410082036e+00,4.352947772146323047e+01
1.262252450490098044e+00,4.355022282016673074e+01
1.264252850570114051e+00,4.357095896171812655e+01
1.266253250650130058e+00,4.359168613285497429e+01
1.268253650730146065e+00,4.361240432031761571e+01
1.270254050810162072e+00,4.363311351084729495e+01
1.272254450890178079e+00,4.365381369118686194e+01
1.274254850970194086e+00,4.367450484810188982e+01
1.276255251050210093e+00,4.369518696834099813e+01
1.278255651130226100e+00,4.371586003868138448e+01
1.280256051210242108e+00,4.373652404588432319e+01
1.282256451290258115e+00,4.375717897672791423e+01
1.284256851370274122e+00,4.377782481799791015e+01
1.286257251450290129e+00,4.379846155646996664e+01
1.288257651530306136e+00,4.381908917894491395e+01
1.290258051610322143e+00,4.383970767221563847e+01
1.292258451690338150e+00,4.386031702309399094e+01
1.294258851770354157e+00,4.388091721838026871e+01
1.296259251850370164e+00,4.390150824489153791e+01
1.298259651930386172e+00,4.392209008943952853e+01
1.300260052010402179e+00,4.394266273885140350e+01
1.302260452090418186e+00,4.396322617996656845e+01
1.304260852170434193e+00,4.398378039961092867e+01
1.306261252250450200e+00,4.400432538463627452e+01
1.308261652330466207e+00,4.402486112187972367e+01
1.310262052410481992e+00,4.404538759819450178e+01
1.312262452490497999e+00,4.406590480044646796e+01
1.314262852570514006e+00,4.408641271549400642e+01
1.316263252650530013e+00,4.410691133020593213e+01
1.318263652730546021e+00,4.412740063146222980e+01
1.320264052810562028e+00,4.414788060613302889e+01
1.322264452890578035e+00,4.416835124112444788e+01
1.324264852970594042e+00,4.418881252331206611e+01
1.326265253050610049e+00,4.420926443959783825e+01
1.328265653130626056e+00,4.422970697689213182e+01
1.330266053210642063e+00,4.425014012209853576e+01
1.332266453290658070e+00,4.427056386213116213e+01
1.334266853370674077e+00,4.429097818391443298e+01
1.336267253450690085e+00,4.431138307437411328e+01
1.338267653530706092e+00,4.433177852044916989e+01
1.340268053610722099e+00,4.435216450907116581e+01
1.342268453690738106e+00,4.437254102718695492e+01
1.344268853770754113e+00,4.439290806174714277e+01
1.346269253850770120e+00,4.441326559970875820e+01
1.348269653930786127e+00,4.443361362803856451e+01
1.350270054010802134e+00,4.445395213369236131e+01
1.352270454090818141e+00,4.447428110365785869e+01
1.354270854170834149e+00,4.449460052490636031e+01
1.356271254250850156e+00,4.451491038443309378e+01
1.358271654330866163e+00,4.453521066922344573e+01
1.360272054410882170e+00,4.455550136627130087e+01
1.362272454490898177e+00,4.457578246259612342e+01
1.364272854570914184e+00,4.459605394519489607e+01
1.366273254650930191e+00,4.461631580108573303e+01
1.368273654730946198e+00,4.463656801729741375e+01
1.370274054810962205e+00,4.465681058085603894e+01
1.372274454890978213e+00,4.467704347879102755e+01
1.374274854970994220e+00,4.469726669814357223e+01
1.376275255051010227e+00,4.471748022596491268e+01
1.378275655131026234e+00,4.473768404930653020e+01
1.380276055211042241e+00,4.475787815522999580e+01
1.382276455291058248e+00,4.477806253079855736e+01
1.384276855371074255e+00,4.479823716308550274e+01
1.386277255451090262e+00,4.481840203916069498e+01
1.388277655531106269e+00,4.483855714611615895e+01
1.390278055611122277e+00,4.485870247104061548e+01
1.392278455691138284e+00,4.487883800102336096e+01
1.394278855771154291e+00,4.489896372317290485e+01
1.396279255851170298e+00,4.726729124720435493e+01
1.398279655931186305e+00,4.718641732643801134e+01
1.400280056011202312e+00,4.707850354498590661e+01
1.402280456091218319e+00,4.695226510618377347e+01
1.404280856171234326e+00,4.681462517526097855e+01
1.406281256251250333e+00,4.667103831697627925e+01
1.408281656331266340e+00,4.437789421520309219e+01
1.410282056411282348e+00,4.432786331423459814e+01
1.412282456491298355e+00,4.430563604195129557e+01
1.414282856571314362e+00,4.430538651494077129e+01
1.416283256651330369e+00,4.432233136905906434e+01
1.418283656731346376e+00,4.435255376398529847e+01
1.420284056811362383e+00,4.439285626965410358e+01
1.422284456891378390e+00,4.444063801892617960e+01
1.424284856971394175e+00,4.449379221481522251e+01
1.426285257051410182e+00,4.455062068804914333e+01
1.428285657131426190e+00,4.460976272120147001e+01
1.430286057211442197e+00,4.467013579896164543e+01
1.432286457291458204e+00,4.473088632056398950e+01
1.434286857371474211e+00,4.479134862843817899e+01
1.436287257451490218e+00,4.485101097543982007e+01
1.438287657531506225e+00,4.490948727853515976e+01
1.440288057611522232e+00,4.496649369613285074e+01
1.442288457691538239e+00,4.502182922511579477e+01
1.444288857771554246e+00,4.507535964612616652e+01
1.446289257851570254e+00,4.512700425717647335e+01
1.448289657931586261e+00,4.517672492804423712e+01
1.450290058011602268e+00,4.522451708574187279e+01
1.452290458091618275e+00,4.527040230596671933e+01
1.454290858171634282e+00,4.531442223929125390e+01
1.456291258251650289e+00,4.535663364620887705e+01
1.458291658331666296e+00,4.539710435245796560e+01
1.460292058411682303e+00,4.543590996759239431e+01
1.462292458491698310e+00,4.547313123579095873e+01
1.464292858571714318e+00,4.550885190988280726e+01
1.466293258651730325e+00,4.554315705759441357e+01
1.468293658731746332e+00,4.557613172436856530e+01
1.470294058811762339e+00,4.560785988963920090e+01
1.472294458891778346e+00,4.563842366419851260e+01
1.474294858971794353e+00,4.566790268496003335e+01
1.476295259051810360e+00,4.569637367078306767e+01
1.478295659131826367e+00,4.572391010941165490e+01
1.480296059211842374e+00,4.575058205034356007e+01
1.482296459291858381e+00,4.812780553248558846e+01
1.484296859371874389e+00,4.805019324135466974e+01
1.486297259451890396e+00,4.794527275941928224e+01
1.488297659531906403e+00,4.782173779955382997e+01
1.490298059611922410e+00,4.547108795686241223e+01
1.492298459691938417e+00,4.542833861907075743e+01
1.494298859771954424e+00,4.540767856023519755e+01
1.496299259851970431e+00,4.540454980755254866e+01
1.498299659931986438e+00,4.541520522703346074e+01
1.500300060012002445e+00,4.543657237767515511e+01
1.502300460092018453e+00,4.546613953737723790e+01
1.504300860172034460e+00,4.550186040098629547e+01
1.506301260252050467e+00,4.554207447283742738e+01
1.508301660332066474e+00,4.558544062981791001e+01
1.510302060412082481e+00,4.563088172215280736e+01
1.512302460492098488e+00,4.567753841458679887e+01
1.514302860572114495e+00,4.572473075610527360e+01
1.516303260652130502e+00,4.577192620885639229e+01
1.518303660732146509e+00,4.581871307204141175e+01
1.520304060812162517e+00,4.586477840921786964e+01
1.522304460892178524e+00,4.590988973315679544e+01
1.524304860972194531e+00,4.595387982435183716e+01
1.526305261052210538e+00,4.599663416191838650e+01
1.528305661132226545e+00,4.603808053123324839e+01
1.530306061212242552e+00,4.607818044472157482e+01
1.532306461292258559e+00,4.611692207202337102e+01
1.534306861372274566e+00,4.615431442612414514e+01
1.536307261452290351e+00,4.619038259396543822e+01
1.538307661532306359e+00,4.857509682164744191e+01
1.540308061612322366e+00,4.850525294141985455e+01
1.542308461692338373e+00,4.840786494455866773e+01
1.544308861772354380e+00,4.604306849009154234e+01
1.546309261852370387e+00,4.601566054463128097e+01
1.548309661932386394e+00,4.600589184346650740e+01
1.550310062012402401e+00,4.601007147513465867e+01
1.552310462092418408e+00,4.602516766753631572e+01
1.554310862172434415e+00,4.604869719504652181e+01
1.556311262252450422e+00,4.607863272228076568e+01
1.558311662332466430e+00,4.611332527654212754e+01
1.560312062412482437e+00,4.615143945292834360e+01
1.562312462492498444e+00,4.619189931651829539e+01
1.564312862572514451e+00,4.623384327800761895e+01
1.566313262652530458e+00,4.627658648790636420e+01
1.568313662732546465e+00,4.631958952369978277e+01
1.570314062812562472e+00,4.636243233960227172e+01
1.572314462892578479e+00,4.640479261409814171e+01
1.574314862972594486e+00,4.644642777011343071e+01
1.576315263052610494e+00,4.648716006061931694e+01
1.578315663132626501e+00,4.652686421131002703e+01
1.580316063212642508e+00,4.891869788355026571e+01
1.582316463292658515e+00,4.885204108552032665e+01
1.584316863372674522e+00,4.875802401750895854e+01
1.586317263452690529e+00,4.639326039451710670e+01
1.588317663532706536e+00,4.637013111009139266e+01
1.590318063612722543e+00,4.636438716076011701e+01
1.592318463692738550e+00,4.637233857928854519e+01
1.594318863772754558e+00,4.639095696748111664e+01
1.596319263852770565e+00,4.641776445748800484e+01
1.598319663932786572e+00,4.645074065099885274e+01
1.600320064012802579e+00,4.648824473302546068e+01
1.602320464092818586e+00,4.652895036495066705e+01
1.604320864172834593e+00,4.657179131929677141e+01
1.606321264252850600e+00,4.661591612950914509e+01
1.608321664332866607e+00,4.666065029570099654e+01
1.610322064412882614e+00,4.670546481663782856e+01
1.612322464492898622e+00,4.674995001342474410e+01
1.614322864572914629e+00,4.679379377606210966e+01
1.616323264652930636e+00,4.683676350422663859e+01
1.618323664732946643e+00,4.687869113158024703e+01
1.620324064812962650e+00,4.691946072264086354e+01
1.622324464892978657e+00,4.932160115326929883e+01
1.624324864972994664e+00,4.925466632925655830e+01
1.626325265053010671e+00,4.916040168576235203e+01
1.628325665133026678e+00,4.678643687764576242e+01
1.630326065213042686e+00,4.676426110253926538e+01
1.632326465293058693e+00,4.675930997936317368e+01
1.634326865373074700e+00,4.676791592999167335e+01
1.636327265453090707e+00,4.678706921282346798e+01
1.638327665533106714e+00,4.681430762042372606e+01
1.640328065613122721e+00,4.684762399358594820e+01
1.642328465693138728e+00,4.688538878616730443e+01
1.644328865773154735e+00,4.692628531383311241e+01
1.646329265853170742e+00,4.696925567097861887e+01
1.648329665933186750e+00,4.701345560544947233e+01
1.650330066013202535e+00,4.705821690484071951e+01
1.652330466093218542e+00,4.710301607411752656e+01
1.654330866173234549e+00,4.714744827760100065e+01
1.656331266253250556e+00,4.719120568218855993e+01
1.658331666333266563e+00,4.723405947757578360e+01
1.660332066413282570e+00,4.727584496639290279e+01
1.662332466493298577e+00,4.745400817356793510e+01
1.664332866573314584e+00,4.972595842209277350e+01
1.666333266653330591e+00,4.965647782245879682e+01
1.668333666733346599e+00,4.956009697850208084e+01
1.670334066813362606e+00,4.717140624913312053e+01
1.672334466893378613e+00,4.714903409146285895e+01
1.674334866973394620e+00,4.714401868472692314e+01
1.676335267053410627e+00,4.715266073143258296e+01
1.678335667133426634e+00,4.717192429283932142e+01
1.680336067213442641e+00,4.719932566260452944e+01
1.682336467293458648e+00,4.723284016071478675e+01
1.684336867373474655e+00,4.727082407362332361e+01
1.686337267453490663e+00,4.731194936459958456e+01
1.688337667533506670e+00,4.735514912900136153e+01
1.690338067613522677e+00,4.739957207496013325e+01
1.692338467693538684e+00,4.744454457473892717e+01
1.694338867773554691e+00,4.748953905854978075e+01
1.696339267853570698e+00,4.769333154822083287e+01
1.698339667933586705e+00,4.773205387127241295e+01
1.700340068013602712e+00,4.776840523306442066e+01
1.702340468093618719e+00,5.001679127464239372e+01
1.704340868173634727e+00,4.994799301207699926e+01
1.706341268253650734e+00,4.985313071118665817e+01
1.708341668333666741e+00,4.746413701035744026e+01
1.710342068413682748e+00,4.744476935630078174e+01
1.712342468493698755e+00,4.744289785133481985e+01
1.714342868573714762e+00,4.745474616389090983e+01
1.716343268653730769e+00,4.747721758116664148e+01
1.718343668733746776e+00,4.750778105219777814e+01
1.720344068813762783e+00,4.754437560555176390e+01
1.722344468893778791e+00,4.758533029928226910e+01
1.724344868973794798e+00,4.762929726804430430e+01
1.726345269053810805e+00,4.767519579114495798e+01
1.728345669133826812e+00,4.789851140171622035e+01
1.730346069213842819e+00,4.794017268427002421e+01
1.732346469293858826e+00,4.798008485151987657e+01
1.734346869373874833e+00,4.801830661871323258e+01
1.736347269453890840e+00,4.805490596014196569e+01
1.738347669533906847e+00,4.808995745985447456e+01
1.740348069613922855e+00,4.812354007321829386e+01
1.742348469693938862e+00,5.035763443845220877e+01
1.744348869773954869e+00,5.028794577636339369e+01
1.746349269853970876e+00,5.019284471568705186e+01
1.748349669933986883e+00,4.795353459597991730e+01
1.750350070014002890e+00,4.793179062467999074e+01
1.752350470094018897e+00,4.775904489121192142e+01
1.754350870174034904e+00,4.777028917155985255e+01
1.756351270254050911e+00,4.779305628274958195e+01
1.758351670334066918e+00,4.782459941404570714e+01
1.760352070414082926e+00,4.786268231321825084e+01
1.762352470494098933e+00,4.809285846234406847e+01
1.764352870574114718e+00,4.813310141147859156e+01
1.766353270654130725e+00,4.817370483118167357e+01
1.768353670734146732e+00,4.821422956643063884e+01
1.770354070814162739e+00,4.825433734829757526e+01
1.772354470894178746e+00,4.829377273691439143e+01
1.774354870974194753e+00,4.833234795439011577e+01
1.776355271054210760e+00,4.836993018700365354e+01
1.778355671134226768e+00,4.840643098799855437e+01
1.780356071214242775e+00,5.063560655015827905e+01
1.782356471294258782e+00,5.056980103866404619e+01
1.784356871374274789e+00,5.047874502180924594e+01
1.786357271454290796e+00,4.825079477171166076e+01
1.788357671534306803e+00,4.823271233177209183e+01
1.790358071614322810e+00,4.823050808005267953e+01
1.792358471694338817e+00,4.805421845890076327e+01
1.794358871774354824e+00,4.807929562996202577e+01
1.796359271854370832e+00,4.811352947053671159e+01
1.798359671934386839e+00,4.835389094553728739e+01
1.800360072014402846e+00,4.839363740326860608e+01
1.802360472094418853e+00,4.843486608811624450e+01
1.804360872174434860e+00,4.847686503905333666e+01
1.806361272254450867e+00,4.851907396057991662e+01
1.808361672334466874e+00,4.856105758471453981e+01
1.810362072414482881e+00,4.860248330522171045e+01
1.812362472494498888e+00,4.864310244892860879e+01
1.814362872574514896e+00,4.868273463276797486e+01
1.816363272654530903e+00,4.872125473079682223e+01
1.818363672734546910e+00,5.095302878134403102e+01
1.820364072814562917e+00,5.088929565130111854e+01
1.822364472894578924e+00,5.080021222042081774e+01
1.824364872974594931e+00,4.857288549062862870e+01
1.826365273054610938e+00,4.855649252633166668e+01
1.828365673134626945e+00,4.855582972750841719e+01
1.830366073214642952e+00,4.856749857256468772e+01
1.832366473294658960e+00,4.858870460919879264e+01
1.834366873374674967e+00,4.861715940452159401e+01
1.836367273454690974e+00,4.865099732600771176e+01
1.838367673534706981e+00,4.868870512840435794e+01
1.840368073614722988e+00,4.872906253707845536e+01
1.842368473694738995e+00,4.877109223071365562e+01
1.844368873774755002e+00,4.881401782778872445e+01
1.846369273854771009e+00,4.885722866658701236e+01
1.848369673934787016e+00,4.890025033577520475e+01
1.850370074014803023e+00,4.894272006148678855e+01
1.852370474094819031e+00,5.117466469592714162e+01
1.854370874174835038e+00,5.111584301241042283e+01
1.856371274254851045e+00,5.103180714389615957e+01
1.858371674334867052e+00,4.881313799020657740e+01
1.860372074414883059e+00,4.880147652340946962e+01
1.862372474494899066e+00,4.859689950108381140e+01
1.864372874574915073e+00,4.861862579939911910e+01
1.866373274654931080e+00,4.865166121896345430e+01
1.868373674734947087e+00,4.869314866290998367e+01
1.870374074814963095e+00,4.896800257852939353e+01
1.872374474894979102e+00,4.901265082189492972e+01
1.874374874974995109e+00,4.905796897502278853e+01
1.876375275055011116e+00,4.910336113204991193e+01
1.878375675135026901e+00,4.914836578192390704e+01
1.880376075215042908e+00,4.919263190731938806e+01
1.882376475295058915e+00,4.923589889328091829e+01
1.884376875375074922e+00,5.146114439153983255e+01
1.886377275455090929e+00,5.140249313989778557e+01
1.888377675535106937e+00,5.131853434736953545e+01
1.890378075615122944e+00,4.910748984197754652e+01
1.892378475695138951e+00,4.909574613522366349e+01
1.894378875775154958e+00,4.909932436221698993e+01
1.896379275855170965e+00,4.911484843243776055e+01
1.898379675935186972e+00,4.913954594962650901e+01
1.900380076015202979e+00,4.917115014367993808e+01
1.902380476095218986e+00,4.920781659045819367e+01
1.904380876175234993e+00,4.924805271956161334e+01
1.906381276255251001e+00,4.929065831609641890e+01
1.908381676335267008e+00,4.933467542842920750e+01
1.910382076415283015e+00,4.937934629128556452e+01
1.912382476495299022e+00,4.942407805603821913e+01
1.914382876575315029e+00,4.946841328564106988e+01
1.916383276655331036e+00,4.951200531935322857e+01
1.918383676735347043e+00,5.173956712695260762e+01
1.920384076815363050e+00,5.168166748595847793e+01
1.922384476895379057e+00,5.159851575361687281e+01
1.924384876975395064e+00,4.938608315727998388e+01
1.926385277055411072e+00,4.937518907751263697e+01
1.928385677135427079e+00,4.937960498912621432e+01
1.930386077215443086e+00,4.939594164910130303e+01
1.932386477295459093e+00,4.942141664126278755e+01
1.934386877375475100e+00,4.945375579522497134e+01
1.936387277455491107e+00,4.949110945727215238e+01
1.938387677535507114e+00,4.953198160965744279e+01
1.940388077615523121e+00,4.957517003905518749e+01
1.942388477695539128e+00,4.961971596086330294e+01
1.944388877775555136e+00,4.966486170277894274e+01
1.946389277855571143e+00,4.971001523405108458e+01
1.948389677935587150e+00,5.193225897640189004e+01
1.950390078015603157e+00,5.187712882332461106e+01
1.952390478095619164e+00,5.179712002027300599e+01
1.954390878175635171e+00,4.959546561669463927e+01
1.956391278255651178e+00,4.958783056673861722e+01
1.958391678335667185e+00,4.959542357389349831e+01
1.960392078415683192e+00,4.961482498156149745e+01
1.962392478495699200e+00,4.964323011412956532e+01
1.964392878575715207e+00,4.967834923023858806e+01
1.966393278655731214e+00,4.971832254730355061e+01
1.968393678735747221e+00,4.976164830761659630e+01
1.970394078815763228e+00,4.980712206221022598e+01
1.972394478895779235e+00,4.985378555601243278e+01
1.974394878975795242e+00,4.990088379708055299e+01
1.976395279055811249e+00,4.994782907796498961e+01
1.978395679135827256e+00,4.999417088517667196e+01
1.980396079215843264e+00,5.221891109276943155e+01
1.982396479295859271e+00,5.216405135337404175e+01
1.984396879375875278e+00,5.208398132418821547e+01
1.986397279455891285e+00,4.988012859518622122e+01
1.988397679535907292e+00,4.987210362604566427e+01
1.990398079615923299e+00,4.987914006653705457e+01
1.992398479695939084e+00,4.989785973349638937e+01
1.994398879775955091e+00,4.992549153350868352e+01
1.996399279855971098e+00,4.995977282486794024e+01
1.998399679935987105e+00,4.999886559994718027e+01
2.000400080016003113e+00,5.004128550414161225e+01
2.002400480096019120e+00,5.008584190457232665e+01
2.004400880176035127e+00,5.013158742214270802e+01
2.006401280256051134e+00,5.017777553449134587e+01
2.008401680336067141e+00,5.239332381128974703e+01
2.010402080416083148e+00,5.233996055074807430e+01
2.012402480496099155e+00,5.226199358253312255e+01
2.014402880576115162e+00,5.007073072459572671e+01
2.016403280656131169e+00,5.006526341659603219e+01
2.018403680736147177e+00,5.007486822255307857e+01
2.020404080816163184e+00,5.009612466820142629e+01
2.022404480896179191e+00,5.012622913286956816e+01
2.024404880976195198e+00,5.016289451511261888e+01
2.026405281056211205e+00,5.020426497200922711e+01
2.028405681136227212e+00,5.024884371737883271e+01
2.030406081216243219e+00,5.029543206290345125e+01
2.032406481296259226e+00,5.034307808928705441e+01
2.034406881376275233e+00,5.039103353089502235e+01
2.036407281456291241e+00,5.043871764075113617e+01
2.038407681536307248e+00,5.048568696984808213e+01
2.040408081616323255e+00,5.270730163560695303e+01
2.042408481696339262e+00,5.265292676855852960e+01
2.044408881776355269e+00,5.257333842590163897e+01
2.046409281856371276e+00,5.247626434466170764e+01
2.048409681936387283e+00,5.029185953840524803e+01
2.050410082016403290e+00,5.027767902120066879e+01
2.052410482096419297e+00,5.028161903450362047e+01
2.054410882176435305e+00,5.029963609751008136e+01
2.056411282256451312e+00,5.032841133783491472e+01
2.058411682336467319e+00,5.036523307217015599e+01
2.060412082416483326e+00,5.040789695380802016e+01
2.062412482496499333e+00,5.045462135862062780e+01
2.064412882576515340e+00,5.050397590464906727e+01
2.066413282656531347e+00,5.055482123070684253e+01
2.068413682736547354e+00,5.060625838500018858e+01
2.070414082816563361e+00,5.065758638571475103e+01
2.072414482896579369e+00,5.070826670936843783e+01
2.074414882976595376e+00,5.075789363629404249e+01
2.076415283056611383e+00,5.080616953672328862e+01
2.078415683136627390e+00,5.085288431588440972e+01
2.080416083216643397e+00,5.307478227841340157e+01
2.082416483296659404e+00,5.301896841564385454e+01
2.084416883376675411e+00,5.293757331816375711e+01
2.086417283456691418e+00,5.283842852467476803e+01
2.088417683536707425e+00,5.065058470414400205e+01
2.090418083616723433e+00,5.063422816790498615e+01
2.092418483696739440e+00,5.063588705943996615e+01
2.094418883776755447e+00,5.065157049221883767e+01
2.096419283856771454e+00,5.067800066031120565e+01
2.098419683936787461e+00,5.071249758097579985e+01
2.100420084016803468e+00,5.075288101357702431e+01
2.102420484096819475e+00,5.079738729752260440e+01
2.104420884176835482e+00,5.084459906170298638e+01
2.106421284256851489e+00,5.089338597816880139e+01
2.108421684336867497e+00,5.094285494930539926e+01
2.110422084416883504e+00,5.099230832210152897e+01
2.112422484496899511e+00,5.104120891090200729e+01
2.114422884576915518e+00,5.108915077932714865e+01
2.116423284656931525e+00,5.330227739987210356e+01
2.118423684736947532e+00,5.324873423532314121e+01
2.120424084816963539e+00,5.316998554988281711e+01
2.122424484896979546e+00,5.307373137348630365e+01
2.124424884976995553e+00,5.089957491873965267e+01
2.126425285057011560e+00,5.088605507094295177e+01
2.128425685137027568e+00,5.089036249357602770e+01
2.130426085217043575e+00,5.090850935609321937e+01
2.132426485297059582e+00,5.093722222209687089e+01
2.134426885377075589e+00,5.097382656185982341e+01
2.136427285457091596e+00,5.101614844638884705e+01
2.138427685537107603e+00,5.106243117626601702e+01
2.140428085617123610e+00,5.111126480351611434e+01
2.142428485697139617e+00,5.116152672142561642e+01
2.144428885777155624e+00,5.121233171175720855e+01
2.146429285857171632e+00,5.126299004179286101e+01
2.148429685937187639e+00,5.131297239082446993e+01
2.150430086017203646e+00,5.136188055445246903e+01
2.152430486097219653e+00,5.356747029648561664e+01
2.154430886177235660e+00,5.351494506119617256e+01
2.156431286257251667e+00,5.343725050965461776e+01
2.158431686337267674e+00,5.125733341045506819e+01
2.160432086417283681e+00,5.125132540779183188e+01
2.162432486497299244e+00,5.125975093945881156e+01
2.164432886577315251e+00,5.127933825696816683e+01
2.166433286657331259e+00,5.130740417812308607e+01
2.168433686737347266e+00,5.134175890194549652e+01
2.170434086817363273e+00,5.138062494995432417e+01
2.172434486897379280e+00,5.142256839946663405e+01
2.174434886977395287e+00,5.360135178613711560e+01
2.176435287057411294e+00,5.354809514324210085e+01
2.178435687137427301e+00,5.138543111690943732e+01
2.180436087217443308e+00,5.139358769807547134e+01
2.182436487297459315e+00,5.141300990642628221e+01
2.184436887377475323e+00,5.144099445767298562e+01
2.186437287457491330e+00,5.147533370417335163e+01
2.188437687537507337e+00,5.151423465790280432e+01
2.190438087617523344e+00,5.368134848926296598e+01
2.192438487697539351e+00,5.362727483938261486e+01
2.194438887777555358e+00,5.147487761199234058e+01
2.196439287857571365e+00,5.148366954584895439e+01
2.198439687937587372e+00,5.150407542040000664e+01
2.200440088017603379e+00,5.153329624297864342e+01
2.202440488097619387e+00,5.156904675081558764e+01
2.204440888177635394e+00,5.160947145356810495e+01
2.206441288257651401e+00,5.165307326177380531e+01
2.208441688337667408e+00,5.169865303613497076e+01
2.210442088417683415e+00,5.387591201840881183e+01
2.212442488497699422e+00,5.382483560902763742e+01
2.214442888577715429e+00,5.166796379481012735e+01
2.216443288657731436e+00,5.167721133979031833e+01
2.218443688737747443e+00,5.169727258987434482e+01
2.220444088817763451e+00,5.172553473946064884e+01
2.222444488897779458e+00,5.175986469005428603e+01
2.224444888977795465e+00,5.391316096310720951e+01
2.226445289057811472e+00,5.385678839241450078e+01
2.228445689137827479e+00,5.171397780732620220e+01
2.230446089217843486e+00,5.172214494906147308e+01
2.232446489297859493e+00,5.174231471965632068e+01
2.234446889377875500e+00,5.177159842392209299e+01
2.236447289457891507e+00,5.180763710828643553e+01
2.238447689537907515e+00,5.184851508009303700e+01
2.240448089617923522e+00,5.189268636549659419e+01
2.242448489697939529e+00,5.193891240198866655e+01
2.244448889777955536e+00,5.198620942096540887e+01
2.246449289857971543e+00,5.416280122019288967e+01
2.248449689937987550e+00,5.411223290018460830e+01
2.250450090018003557e+00,5.403794860857153282e+01
2.252450490098019564e+00,5.189225371751126659e+01
2.254450890178035571e+00,5.189077017718389584e+01
2.256451290258051579e+00,5.190366268311509401e+01
2.258451690338067586e+00,5.192760078684588620e+01
2.260452090418083593e+00,5.195985651227741897e+01
2.262452490498099600e+00,5.199820689702090704e+01
2.264452890578115607e+00,5.204085094310938331e+01
2.266453290658131614e+00,5.208633912722440584e+01
2.268453690738147621e+00,5.213351377707635947e+01
2.270454090818163628e+00,5.218145879231777684e+01
2.272454490898179635e+00,5.435449662899728906e+01
2.274454890978195643e+00,5.430427944570193688e+01
2.276455291058211650e+00,5.423024769095517428e+01
2.278455691138227657e+00,5.208864465052676707e+01
2.280456091218243664e+00,5.208718394188685608e+01
2.282456491298259671e+00,5.209995900457655438e+01
2.284456891378275678e+00,5.212367096965147084e+01
2.286457291458291685e+00,5.215561751205376595e+01
2.288457691538307692e+00,5.219359645462201769e+01
2.290458091618323699e+00,5.223582359044812051e+01
2.292458491698339706e+00,5.228086290894113830e+01
2.294458891778355714e+00,5.232756756076032190e+01
2.296459291858371721e+00,5.237503006300899955e+01
2.298459691938387728e+00,5.454542353742505156e+01
2.300460092018403735e+00,5.449475988958488415e+01
2.302460492098419742e+00,5.442033570887114990e+01
2.304460892178435749e+00,5.228058092944297641e+01
2.306461292258451756e+00,5.227880845283549860e+01
2.308461692338467763e+00,5.229123442444556247e+01
2.310462092418483770e+00,5.231457154547744892e+01
2.312462492498499778e+00,5.234612656478334003e+01
2.314462892578515785e+00,5.238370438656159678e+01
2.316463292658531792e+00,5.242552629324611502e+01
2.318463692738547799e+00,5.247016049099146073e+01
2.320464092818563806e+00,5.251646333004188705e+01
2.322464492898579813e+00,5.467683206349001779e+01
2.324464892978595820e+00,5.462647865083789611e+01
2.326465293058611827e+00,5.455295770729109961e+01
2.328465693138627834e+00,5.242437580625410476e+01
2.330466093218643842e+00,5.242401664415017137e+01
2.332466493298659849e+00,5.243790312014336052e+01
2.334466893378675856e+00,5.246271454074877028e+01
2.336467293458691863e+00,5.249573136404154639e+01
2.338467693538707870e+00,5.253473812771264306e+01
2.340468093618723877e+00,5.257794065827159358e+01
2.342468493698739884e+00,5.262389575128427310e+01
2.344468893778755891e+00,5.267145165758269343e+01
2.346469293858771898e+00,5.271969787357150494e+01
2.348469693938787906e+00,5.488114921106941324e+01
2.350470094018803913e+00,5.483141364377004123e+01
2.352470494098819920e+00,5.475800856234647540e+01
2.354470894178835927e+00,5.262904323311235544e+01
2.356471294258851934e+00,5.262814618907137998e+01
2.358471694338867941e+00,5.264124619797445348e+01
2.360472094418883948e+00,5.266508823840775477e+01
2.362472494498899955e+00,5.269700581904497483e+01
2.364472894578915962e+00,5.273482610802381032e+01
2.366473294658931970e+00,5.277678897300955896e+01
2.368473694738947977e+00,5.282147818327800337e+01
2.370474094818963984e+00,5.496466815107969239e+01
2.372474494898979991e+00,5.491455413798504992e+01
2.374474894978995998e+00,5.279357852575413546e+01
2.376475295059012005e+00,5.280458364342575095e+01
2.378475695139028012e+00,5.282618690234131265e+01
2.380476095219044019e+00,5.285578775760533432e+01
2.382476495299060026e+00,5.289126418576675803e+01
2.384476895379076034e+00,5.501555688057110416e+01
2.386477295459092041e+00,5.289993150992472692e+01
2.388477695539108048e+00,5.499085436226308587e+01
2.390478095619123611e+00,5.288024631455249391e+01
2.392478495699139618e+00,5.289507003861843515e+01
2.394478895779155625e+00,5.291988623921416490e+01
2.396479295859171632e+00,5.295218444692602588e+01
2.398479695939187639e+00,5.298991990865945212e+01
2.400480096019203646e+00,5.303143737998370000e+01
2.402480496099219653e+00,5.516443247832525998e+01
2.404480896179235661e+00,5.511274401029499614e+01
2.406481296259251668e+00,5.299908689792083294e+01
2.408481696339267675e+00,5.300971199386719945e+01
2.410482096419283682e+00,5.303119645310248842e+01
2.412482496499299689e+00,5.306087852675577921e+01
2.414482896579315696e+00,5.309658588491110009e+01
2.416483296659331703e+00,5.521347000808794547e+01
2.418483696739347710e+00,5.310623874658460863e+01
2.420484096819363717e+00,5.312993031826971446e+01
2.422484496899379725e+00,5.522874524823224363e+01
2.424484896979395732e+00,5.312390472484056403e+01
2.426485297059411739e+00,5.314294963088897106e+01
2.428485697139427746e+00,5.317067748568582175e+01
2.430486097219443753e+00,5.320483232588361489e+01
2.432486497299459760e+00,5.531767705282837255e+01
2.434486897379475767e+00,5.526253491953170993e+01
2.436487297459491774e+00,5.316272492807781447e+01
2.438487697539507781e+00,5.317272764246206407e+01
2.440488097619523788e+00,5.319430977892073287e+01
2.442488497699539796e+00,5.322464042681833263e+01
2.444488897779555803e+00,5.326140857529367878e+01
2.446489297859571810e+00,5.330273869394651598e+01
2.448489697939587817e+00,5.334711876341253856e+01
2.450490098019603824e+00,5.339333917512015404e+01
2.452490498099619831e+00,5.552899247374737257e+01
2.454490898179635838e+00,5.547939646504651989e+01
2.456491298259651845e+00,5.540710510748409945e+01
2.458491698339667852e+00,5.330514253526535384e+01
2.460492098419683860e+00,5.330604764162728770e+01
2.462492498499699867e+00,5.332081587883418905e+01
2.464492898579715874e+00,5.334619014508056267e+01
2.466493298659731881e+00,5.337950316779694049e+01
2.468493698739747888e+00,5.341858263073869040e+01
2.470494098819763895e+00,5.346167011914416634e+01
2.472494498899779902e+00,5.350735217708839286e+01
2.474494898979795909e+00,5.355450189155644836e+01
2.476495299059811916e+00,5.568745547526158646e+01
2.478495699139827924e+00,5.563839013652092547e+01
2.480496099219843931e+00,5.556647384048374505e+01
2.482496499299859938e+00,5.346799887759087966e+01
2.484496899379875945e+00,5.346896697288791245e+01
2.486497299459891952e+00,5.348364820061230063e+01
2.488497699539907959e+00,5.350881895648584674e+01
2.490498099619923966e+00,5.354183924863820465e+01
2.492498499699939973e+00,5.358055891631629208e+01
2.494498899779955980e+00,5.362323747674948038e+01
2.496499299859971988e+00,5.366847592780002429e+01
2.498499699939987995e+00,5.371515894813256864e+01
2.500500100020004002e+00,5.584583020011287857e+01
2.502500500100020009e+00,5.579631856578905769e+01
2.504500900180036016e+00,5.572399689587172844e+01
2.506501300260052023e+00,5.563584056062469330e+01
2.508501700340068030e+00,5.355577156359868241e+01
2.510502100420084037e+00,5.355046013932246751e+01
2.512502500500100044e+00,5.356163816209220130e+01
2.514502900580116052e+00,5.358549606423989076e+01
2.516503300660132059e+00,5.361890950864907524e+01
2.518503700740148066e+00,5.365932970293366111e+01
2.520504100820164073e+00,5.370468958418344130e+01
2.522504500900180080e+00,5.375332394520122392e+01
2.524504900980196087e+00,5.380390169841440695e+01
2.526505301060212094e+00,5.385536863082343473e+01
2.528505701140228101e+00,5.390689917348821325e+01
2.530506101220244108e+00,5.395785587929768212e+01
2.532506501300260116e+00,5.400775546495572854e+01
2.534506901380276123e+00,5.614744186158577577e+01
2.536507301460292130e+00,5.609765654102621113e+01
2.538507701540308137e+00,5.602370862551938302e+01
2.540508101620324144e+00,5.593290653869529905e+01
2.542508501700340151e+00,5.384090172817246867e+01
2.544508901780356158e+00,5.383194839289453881e+01
2.546509301860372165e+00,5.383921081149851062e+01
2.548509701940388172e+00,5.385899417102690023e+01
2.550510102020404180e+00,5.388826489473703418e+01
2.552510502100420187e+00,5.392454521341461771e+01
2.554510902180436194e+00,5.396582290105334323e+01
2.556511302260452201e+00,5.401047435782561479e+01
2.558511702340468208e+00,5.405719933165169522e+01
2.560512102420484215e+00,5.410496571250710218e+01
2.562512502500500222e+00,5.622537304189272334e+01
2.564512902580516229e+00,5.617675219956817045e+01
2.566513302660532236e+00,5.610525753223291900e+01
2.568513702740548243e+00,5.401989009823850552e+01
2.570514102820564251e+00,5.402090624280638309e+01
2.572514502900580258e+00,5.403532866614725805e+01
2.574514902980596265e+00,5.406000072867983874e+01
2.576515303060612272e+00,5.409233673977811208e+01
2.578515703140628279e+00,5.413023050124208879e+01
2.580516103220644286e+00,5.417197704512206968e+01
2.582516503300660293e+00,5.421620597757944893e+01
2.584516903380676300e+00,5.632675299425655879e+01
2.586517303460692307e+00,5.627669262424544172e+01
2.588517703540708315e+00,5.620466547004785696e+01
2.590518103620724322e+00,5.412742227749532020e+01
2.592518503700740329e+00,5.412900651324185475e+01
2.594518903780756336e+00,5.414423860613491968e+01
2.596519303860772343e+00,5.416989339303841433e+01
2.598519703940788350e+00,5.420332960771584396e+01
2.600520104020804357e+00,5.424239631240524062e+01
2.602520504100820364e+00,5.428535283279487089e+01
2.604520904180836371e+00,5.433080056996050899e+01
2.606521304260852379e+00,5.643460259143379432e+01
2.608521704340868386e+00,5.638595970302998239e+01
2.610522104420884393e+00,5.631542192935435054e+01
2.612522504500900400e+00,5.424771491397541467e+01
2.614522904580916407e+00,5.425059134791124649e+01
2.616523304660932414e+00,5.426696307493391913e+01
2.618523704740947977e+00,5.429362144285916258e+01
2.620524104820963984e+00,5.432793954978303219e+01
2.622524504900979991e+00,5.436777903231591580e+01
2.624524904980995998e+00,5.441141028494086385e+01
2.626525305061012006e+00,5.445744450058133168e+01
2.628525705141028013e+00,5.450477601825110696e+01
2.630526105221044020e+00,5.661261806759178228e+01
2.632526505301060027e+00,5.656419229063254761e+01
2.634526905381076034e+00,5.649321955227597414e+01
2.636527305461092041e+00,5.442117966377505667e+01
2.638527705541108048e+00,5.442286115348991160e+01
2.640528105621124055e+00,5.443779962449431054e+01
2.642528505701140062e+00,5.446285865672792426e+01
2.644528905781156070e+00,5.449546936716715351e+01
2.646529305861172077e+00,5.453353966083705728e+01
2.648529705941188084e+00,5.457537650985916855e+01
2.650530106021204091e+00,5.666383608116287718e+01
2.652530506101220098e+00,5.661362130763125577e+01
2.654530906181236105e+00,5.454712410066036199e+01
2.656531306261252112e+00,5.455930460436575657e+01
2.658531706341268119e+00,5.458177110338544935e+01
2.660532106421284126e+00,5.461195547358195768e+01
2.662532506501300134e+00,5.667611033989668101e+01
2.664532906581316141e+00,5.461573781245471082e+01
2.666533306661332148e+00,5.463814895611117350e+01
2.668533706741348155e+00,5.668907163712947295e+01
2.670534106821364162e+00,5.463196209263579561e+01
2.672534506901380169e+00,5.465151149482530002e+01
2.674534906981396176e+00,5.467960654872248938e+01
2.676535307061412183e+00,5.471399270095965051e+01
2.678535707141428190e+00,5.678424399684143964e+01
2.680536107221444198e+00,5.673021296768159516e+01
2.682536507301460205e+00,5.467508902897817791e+01
2.684536907381476212e+00,5.468628230653082767e+01
2.686537307461492219e+00,5.470847980105909159e+01
2.688537707541508226e+00,5.473895041330145261e+01
2.690538107621524233e+00,5.477546498958159304e+01
2.692538507701540240e+00,5.481621534399082663e+01
2.694538907781556247e+00,5.689394271518872870e+01
2.696539307861572254e+00,5.684348789092028653e+01
2.698539707941588262e+00,5.478739653086012140e+01
2.700540108021604269e+00,5.479986943224130158e+01
2.702540508101620276e+00,5.482265936066768575e+01
2.704540908181636283e+00,5.485318209215036234e+01
2.706541308261652290e+00,5.488932949142042617e+01
2.708541708341668297e+00,5.695799436611626732e+01
2.710542108421684304e+00,5.690491636845153778e+01
2.712542508501700311e+00,5.485308688796693133e+01
2.714542908581716318e+00,5.486453489524708260e+01
2.716543308661732326e+00,5.488672727748544133e+01
2.718543708741748333e+00,5.491698924050427877e+01
2.720544108821764340e+00,5.495313782405289516e+01
2.722544508901780347e+00,5.701569635738358954e+01
2.724544908981796354e+00,5.496482944225175515e+01
2.726545309061812361e+00,5.699644308182638497e+01
2.728545709141828368e+00,5.494976072726120009e+01
2.730546109221844375e+00,5.496656451504150454e+01
2.732546509301860382e+00,5.499262723753761861e+01
2.734546909381876389e+00,5.502555508262143036e+01
2.736547309461892397e+00,5.506339978143764569e+01
2.738547709541908404e+00,5.713182981881965361e+01
2.740548109621924411e+00,5.707954072020542924e+01
2.742548509701940418e+00,5.700722866763132402e+01
2.744548909781956425e+00,5.497005851112359665e+01
2.746549309861972432e+00,5.497312441817626905e+01
2.748549709941988439e+00,5.498988916369953728e+01
2.750550110022004446e+00,5.501707979684570660e+01
2.752550510102020453e+00,5.505201654604065453e+01
2.754550910182036461e+00,5.509251809587869531e+01
2.756551310262052468e+00,5.513682040052925970e+01
2.758551710342068475e+00,5.518350744807028718e+01
2.760552110422084482e+00,5.523145247057823326e+01
2.762552510502100489e+00,5.527976821137082908e+01
2.764552910582116496e+00,5.737233852056161965e+01
2.766553310662132503e+00,5.732408676448724094e+01
2.768553710742148510e+00,5.725307139431644288e+01
2.770554110822164517e+00,5.716619086600130117e+01
2.772554510902180525e+00,5.512648423987269553e+01
2.774554910982196532e+00,5.512151453268140955e+01
2.776555311062212539e+00,5.513208259488026641e+01
2.778555711142228546e+00,5.515458257473908077e+01
2.780556111222244553e+00,5.518605532270706959e+01
2.782556511302260560e+00,5.522408586157915522e+01
2.784556911382276567e+00,5.526671536509164895e+01
2.786557311462292574e+00,5.531236598668908755e+01
2.788557711542308581e+00,5.535977694889906076e+01
2.790558111622324589e+00,5.540795041678717325e+01
2.792558511702340596e+00,5.545610581439777320e+01
2.794558911782356603e+00,5.754978428694568038e+01
2.796559311862372610e+00,5.750084494019673542e+01
2.798559711942388617e+00,5.742895325023680186e+01
2.800560112022404624e+00,5.734106043210887549e+01
2.802560512102420631e+00,5.724270011723621820e+01
2.804560912182436638e+00,5.522237557331140323e+01
2.806561312262452645e+00,5.521347602560418011e+01
2.808561712342468653e+00,5.522214800916034960e+01
2.810562112422484660e+00,5.524434763051694119e+01
2.812562512502500667e+00,5.527675378287229080e+01
2.814562912582516674e+00,5.531665380130331755e+01
2.816563312662532681e+00,5.536184525715386684e+01
2.818563712742548688e+00,5.541055205826600627e+01
2.820564112822564695e+00,5.546135309330696117e+01
2.822564512902580702e+00,5.551312178099202299e+01
2.824564912982596709e+00,5.556497503340369803e+01
2.826565313062612717e+00,5.561623030037209503e+01
2.828565713142628724e+00,5.566636951777288544e+01
2.830566113222644731e+00,5.571500893058562554e+01
2.832566513302660738e+00,5.781377802393596710e+01
2.834566913382676745e+00,5.776329901263002853e+01
2.836567313462692752e+00,5.768909866832082400e+01
2.838567713542708759e+00,5.759833373543106205e+01
2.840568113622724766e+00,5.749670394076091640e+01
2.842568513702740773e+00,5.546648010576962662e+01
2.844568913782756781e+00,5.545412189431932859e+01
2.846569313862772344e+00,5.545930932058462304e+01
2.848569713942788351e+00,5.547804993548405150e+01
2.850570114022804358e+00,5.550706196181351260e+01
2.852570514102820365e+00,5.554366220373864849e+01
2.854570914182836372e+00,5.558566970778866789e+01
2.856571314262852379e+00,5.563132340627873873e+01
2.858571714342868386e+00,5.567921203532423391e+01
2.860572114422884393e+00,5.572821473330019870e+01
2.862572514502900400e+00,5.577745086705551358e+01
2.864572914582916408e+00,5.582623778417906379e+01
2.866573314662932415e+00,5.791194515091274297e+01
2.868573714742948422e+00,5.786334670772957622e+01
2.870574114822964429e+00,5.779169435051228731e+01
2.872574514902980436e+00,5.770394768950981756e+01
2.874574914982996443e+00,5.760564798299483158e+01
2.876575315063012450e+00,5.559346686627252865e+01
2.878575715143028457e+00,5.558431572794106756e+01
2.880576115223044464e+00,5.559250054841164257e+01
2.882576515303060471e+00,5.561403225509992865e+01
2.884576915383076479e+00,5.564563394687855435e+01
2.886577315463092486e+00,5.568462851886372533e+01
2.888577715543108493e+00,5.572884205701474514e+01
2.890578115623124500e+00,5.577652124104032083e+01
2.892578515703140507e+00,5.582626305093085506e+01
2.894578915783156514e+00,5.587695518353385182e+01
2.896579315863172521e+00,5.592772572512014051e+01
2.898579715943188528e+00,5.597790077624995320e+01
2.900580116023204535e+00,5.602696887560796313e+01
2.902580516103220543e+00,5.811073554083594672e+01
2.904580916183236550e+00,5.806163660747875355e+01
2.906581316263252557e+00,5.798919857042853465e+01
2.908581716343268564e+00,5.790045147528786629e+01
2.910582116423284571e+00,5.780099387308049330e+01
2.912582516503300578e+00,5.578906764344053926e+01
2.914582916583316585e+00,5.577856823856765089e+01
2.916583316663332592e+00,5.578531055273116124e+01
2.918583716743348599e+00,5.580534363070137971e+01
2.920584116823364607e+00,5.583542059453397854e+01
2.922584516903380614e+00,5.587288776185614836e+01
2.924584916983396621e+00,5.591558926839842769e+01
2.926585317063412628e+00,5.596178548067342007e+01
2.928585717143428635e+00,5.601008353248317206e+01
2.930586117223444642e+00,5.605937842367045221e+01
2.932586517303460649e+00,5.610880325294850479e+01
2.934586917383476656e+00,5.615768730262920627e+01
2.936587317463492663e+00,5.823019306948179263e+01
2.938587717543508671e+00,5.818197102831529577e+01
2.940588117623524678e+00,5.811083208737881733e+01
2.942588517703540685e+00,5.802368309663555124e+01
2.944588917783556692e+00,5.600330457026474562e+01
2.946589317863572699e+00,5.599737229340714606e+01
2.948589717943588706e+00,5.600646160106265370e+01
2.950590118023604713e+00,5.602709005443611545e+01
2.952590518103620720e+00,5.605639795729669572e+01
2.954590918183636727e+00,5.609205024922291472e+01
2.956591318263652735e+00,5.613215208538522205e+01
2.958591718343668742e+00,5.617517660251893119e+01
2.960592118423684749e+00,5.621990340733263736e+01
2.962592518503700756e+00,5.827621533062914239e+01
2.964592918583716763e+00,5.822712632573729508e+01
2.966593318663732770e+00,5.815650202481761255e+01
2.968593718743748777e+00,5.807091509784270755e+01
2.970594118823764784e+00,5.606766597982221612e+01
2.972594518903780791e+00,5.606430210689560312e+01
2.974594918983796799e+00,5.607610706355885810e+01
2.976595319063812806e+00,5.609952470528395452e+01
2.978595719143828813e+00,5.613163693717071823e+01
2.980596119223844820e+00,5.617006302500710291e+01
2.982596519303860827e+00,5.621287297775005243e+01
2.984596919383876834e+00,5.625851345256747749e+01
2.986597319463892841e+00,5.630574467400312955e+01
2.988597719543908848e+00,5.635358695123888850e+01
2.990598119623924855e+00,5.840871051114660162e+01
2.992598519703940863e+00,5.836137661274367616e+01
2.994598919783956870e+00,5.829193673967981226e+01
2.996599319863972877e+00,5.627461152937522826e+01
2.998599719943988884e+00,5.627698862824728820e+01
3.000600120024004891e+00,5.629162773523807317e+01
3.002600520104020898e+00,5.631558975914811072e+01
3.004600920184036905e+00,5.634646666893218026e+01
3.006601320264052912e+00,5.836153700331512795e+01
3.008601720344068919e+00,5.830623437364934603e+01
3.010602120424084926e+00,5.630371561255201840e+01
3.012602520504100934e+00,5.631452520286605790e+01
3.014602920584116941e+00,5.633597208187480021e+01
3.016603320664132948e+00,5.636538672547247586e+01
3.018603720744148955e+00,5.640058977299558052e+01
3.020604120824164962e+00,5.841755222539768511e+01
3.022604520904180969e+00,5.641147099963825440e+01
3.024604920984196976e+00,5.839922580571822408e+01
3.026605321064212983e+00,5.639664265629652817e+01
3.028605721144228990e+00,5.641331432245450372e+01
3.030606121224244998e+00,5.643875537125565955e+01
3.032606521304261005e+00,5.843776794129723839e+01
3.034606921384277012e+00,5.643720657983406852e+01
3.036607321464293019e+00,5.645807540410250880e+01
3.038607721544309026e+00,5.844834340544188223e+01
3.040608121624325033e+00,5.645069917756993760e+01
3.042608521704341040e+00,5.646991526625878777e+01
3.044608921784357047e+00,5.649731954896358843e+01
3.046609321864373054e+00,5.849710477096292038e+01
3.048609721944389062e+00,5.649838862543455775e+01
3.050610122024405069e+00,5.652004106243575166e+01
3.052610522104421076e+00,5.851044222264143713e+01
3.054610922184437083e+00,5.651350267625789314e+01
3.056611322264453090e+00,5.653286746228549475e+01
3.058611722344469097e+00,5.656028003254911596e+01
3.060612122424485104e+00,5.855988104404213601e+01
3.062612522504501111e+00,5.850282228918667471e+01
3.064612922584517118e+00,5.651291681806688416e+01
3.066613322664533126e+00,5.652338393455316634e+01
3.068613722744549133e+00,5.654473504565379471e+01
3.070614122824565140e+00,5.657424030315328167e+01
3.072614522904580703e+00,5.660967049588476385e+01
3.074614922984596710e+00,5.664921710430045465e+01
3.076615323064612717e+00,5.669142366805927225e+01
3.078615723144628724e+00,5.872325274576412824e+01
3.080616123224644731e+00,5.867343589552528726e+01
3.082616523304660738e+00,5.860296100513710371e+01
3.084616923384676745e+00,5.851817117358595510e+01
3.086617323464692753e+00,5.653985127692085655e+01
3.088617723544708760e+00,5.653757849750591191e+01
3.090618123624724767e+00,5.655025724117428609e+01
3.092618523704740774e+00,5.657435687354632137e+01
3.094618923784756781e+00,5.660698064748260094e+01
3.096619323864772788e+00,5.664576593276286332e+01
3.098619723944788795e+00,5.668879828410143062e+01
3.100620124024804802e+00,5.673453786025466172e+01
3.102620524104820809e+00,5.678175673102359866e+01
3.104620924184836817e+00,5.682948568940049938e+01
3.106621324264852824e+00,5.687696929712119953e+01
3.108621724344868831e+00,5.892315146818643967e+01
3.110622124424884838e+00,5.887458521302197312e+01
3.112622524504900845e+00,5.880364764304452052e+01
3.114622924584916852e+00,5.871708522094013460e+01
3.116623324664932859e+00,5.672335636476607590e+01
3.118623724744948866e+00,5.671789205649948684e+01
3.120624124824964873e+00,5.672705257372565057e+01
3.122624524904980881e+00,5.674742781987611551e+01
3.124624924984996888e+00,5.677621720875900024e+01
3.126625325065012895e+00,5.681113408026984501e+01
3.128625725145028902e+00,5.685032329420817376e+01
3.130626125225044909e+00,5.689229061030953005e+01
3.132626525305060916e+00,5.891312281994493816e+01
3.134626925385076923e+00,5.886358422220179420e+01
3.136627325465092930e+00,5.879358532258102343e+01
3.138627725545108937e+00,5.680810735720866234e+01
3.140628125625124945e+00,5.681141835539913387e+01
3.142628525705140952e+00,5.682710956904342936e+01
3.144628925785156959e+00,5.685218588930504779e+01
3.146629325865172966e+00,5.688419410366706330e+01
3.148629725945188973e+00,5.692113733345067317e+01
3.150630126025204980e+00,5.696140135855475251e+01
3.152630526105220987e+00,5.897685259478249264e+01
3.154630926185236994e+00,5.892641119416734341e+01
3.156631326265253001e+00,5.885589636059756202e+01
3.158631726345269009e+00,5.687458996869050765e+01
3.160632126425285016e+00,5.687784750542799372e+01
3.162632526505301023e+00,5.689357158639111134e+01
3.164632926585317030e+00,5.691874494278570751e+01
3.166633326665333037e+00,5.695089616558085055e+01
3.168633726745349044e+00,5.698801354685077314e+01
3.170634126825365051e+00,5.702847088117069774e+01
3.172634526905381058e+00,5.707096394226411462e+01
3.174634926985397065e+00,5.909600446162092879e+01
3.176635327065413072e+00,5.904590023313701153e+01
3.178635727145429080e+00,5.897492339010251783e+01
3.180636127225445087e+00,5.888945976524935588e+01
3.182636527305461094e+00,5.691675889599957827e+01
3.184636927385477101e+00,5.691343507482488917e+01
3.186637327465493108e+00,5.692483856283789123e+01
3.188637727545509115e+00,5.694749853666041162e+01
3.190638127625525122e+00,5.697856622420195549e+01
3.192638527705541129e+00,5.701571729262706612e+01
3.194638927785557136e+00,5.705706768666296114e+01
3.196639327865573144e+00,5.710110150081656144e+01
3.198639727945589151e+00,5.714660947966270754e+01
3.200640128025605158e+00,5.719263681031210922e+01
3.202640528105621165e+00,5.922253730429315510e+01
3.204640928185637172e+00,5.917393992264610603e+01
3.206641328265653179e+00,5.910359058985640957e+01
3.208641728345669186e+00,5.901806757147535620e+01
3.210642128425685193e+00,5.704161979895732060e+01
3.212642528505701200e+00,5.703734880808898566e+01
3.214642928585717208e+00,5.704755113926628951e+01
3.216643328665733215e+00,5.706882751753013849e+01
3.218643728745749222e+00,5.709838695479948711e+01
3.220644128825765229e+00,5.713395147923692718e+01
3.222644528905781236e+00,5.717367394158354443e+01
3.224644928985797243e+00,5.721606753792941191e+01
3.226645329065813250e+00,5.725994569141255397e+01
3.228645729145829257e+00,5.928038491219102468e+01
3.230646129225845264e+00,5.923112113273261059e+01
3.232646529305861272e+00,5.916074314693798897e+01
3.234646929385877279e+00,5.907567618313859015e+01
3.236647329465893286e+00,5.710859247787879411e+01
3.238647729545909293e+00,5.710519945210563719e+01
3.240648129625925300e+00,5.711632305178412850e+01
3.242648529705941307e+00,5.713853871860212053e+01
3.244648929785957314e+00,5.716903541643542042e+01
3.246649329865973321e+00,5.720551950808273745e+01
3.248649729945989328e+00,5.724613182562771385e+01
3.250650130026005336e+00,5.728937656234973730e+01
3.252650530106021343e+00,5.733406061722224223e+01
3.254650930186037350e+00,5.737924208632534828e+01
3.256651330266053357e+00,5.940484356053354986e+01
3.258651730346069364e+00,5.935549511184256488e+01
3.260652130426085371e+00,5.928446062216033852e+01
3.262652530506101378e+00,5.919830423970830680e+01
3.264652930586117385e+00,5.722477505411075782e+01
3.266653330666133392e+00,5.721988274773048033e+01
3.268653730746149400e+00,5.722941013627873730e+01
3.270654130826165407e+00,5.724997404512703270e+01
3.272654530906181414e+00,5.727879619875598394e+01
3.274654930986197421e+00,5.731360860962050197e+01
3.276655331066213428e+00,5.735257191528970822e+01
3.278655731146229435e+00,5.739420532918852302e+01
3.280656131226245442e+00,5.939828491995344706e+01
3.282656531306261449e+00,5.934872165847391301e+01
3.284656931386277456e+00,5.927888532887154582e+01
3.286657331466293464e+00,5.731021673554118934e+01
3.288657731546309471e+00,5.731347706460974223e+01
3.290658131626325478e+00,5.732883987117265434e+01
3.292658531706341485e+00,5.735336218362408545e+01
3.294658931786357492e+00,5.738463343822450469e+01
3.296659331866373499e+00,5.742069167513557204e+01
3.298659731946389506e+00,5.745995128174889288e+01
3.300660132026405069e+00,5.946079832666069365e+01
3.302660532106421076e+00,5.940957994886674243e+01
3.304660932186437083e+00,5.933845568107840762e+01
3.306661332266453091e+00,5.737035735803326020e+01
3.308661732346469098e+00,5.737288910958600496e+01
3.310662132426485105e+00,5.738766454906493664e+01
3.312662532506501112e+00,5.741171454603983904e+01
3.314662932586517119e+00,5.744260662431331355e+01
3.316663332666533126e+00,5.747836053405899293e+01
3.318663732746549133e+00,5.946287251029793453e+01
3.320664132826565140e+00,5.941066061478161942e+01
3.322664532906581147e+00,5.744411359772629311e+01
3.324664932986597154e+00,5.745575069786745104e+01
3.326665333066613162e+00,5.747693551464397643e+01
3.328665733146629169e+00,5.750521635199430648e+01
3.330666133226645176e+00,5.947602250972342830e+01
3.332666533306661183e+00,5.941940459755105763e+01
3.334666933386677190e+00,5.745876175651318363e+01
3.336667333466693197e+00,5.746868598325029609e+01
3.338667733546709204e+00,5.748886959504412175e+01
3.340668133626725211e+00,5.751671197404845515e+01
3.342668533706741218e+00,5.755008958879366077e+01
3.344668933786757226e+00,5.758728019150833433e+01
3.346669333866773233e+00,5.957927980177462501e+01
3.348669733946789240e+00,5.952696397478548107e+01
3.350670134026805247e+00,5.945521488218633976e+01
3.352670534106821254e+00,5.749449580432421669e+01
3.354670934186837261e+00,5.749689871112435924e+01
3.356671334266853268e+00,5.751160841805128854e+01
3.358671734346869275e+00,5.753563720983842700e+01
3.360672134426885282e+00,5.756653734857624727e+01
3.362672534506901290e+00,5.760231618066003989e+01
3.364672934586917297e+00,5.764136291325125683e+01
3.366673334666933304e+00,5.963327350125662463e+01
3.368673734746949311e+00,5.958215778230462689e+01
3.370674134826965318e+00,5.951129066516739385e+01
3.372674534906981325e+00,5.755249475868972553e+01
3.374674934986997332e+00,5.755523049311879902e+01
3.376675335067013339e+00,5.757009436655356183e+01
3.378675735147029346e+00,5.759413488414835314e+01
3.380676135227045354e+00,5.762493423674838056e+01
3.382676535307061361e+00,5.766052442331974248e+01
3.384676935387077368e+00,5.769931488854812329e+01
3.386677335467093375e+00,5.969020030128078957e+01
3.388677735547109382e+00,5.963876941566851286e+01
3.390678135627125389e+00,5.956757361872801226e+01
3.392678535707141396e+00,5.760915844843272993e+01
3.394678935787157403e+00,5.761153840688235306e+01
3.396679335867173410e+00,5.762602712988819320e+01
3.398679735947189418e+00,5.764968053691354299e+01
3.400680136027205425e+00,5.768008666012180896e+01
3.402680536107221432e+00,5.771528205909723397e+01
3.404680936187237439e+00,5.775367969808588242e+01
3.406681336267253446e+00,5.974389578903860354e+01
3.408681736347269453e+00,5.969208938474370996e+01
3.410682136427285460e+00,5.962053580059425428e+01
3.412682536507301467e+00,5.953532705217104848e+01
3.414682936587317474e+00,5.759626043022382191e+01
3.416683336667333482e+00,5.759344292108067975e+01
3.418683736747349489e+00,5.760504408963321765e+01
3.420684136827365496e+00,5.762763596682756173e+01
3.422684536907381503e+00,5.765840518008427296e+01
3.424684936987397510e+00,5.769505689750352673e+01
3.426685337067413517e+00,5.773573186125680934e+01
3.428685737147429524e+00,5.777893518204358259e+01
3.430686137227445531e+00,5.782347555532511052e+01
3.432686537307461538e+00,5.786841361277895857e+01
3.434686937387477546e+00,5.791301821293385643e+01
3.436687337467493553e+00,5.992681692956820427e+01
3.438687737547509560e+00,5.987618138756764807e+01
3.440688137627525567e+00,5.980361996861415008e+01
3.442688537707541574e+00,5.971574560947180288e+01
3.444688937787557581e+00,5.961782260078260265e+01
3.446689337867573588e+00,5.767591021108102467e+01
3.448689737947589595e+00,5.766607803575237767e+01
3.450690138027605602e+00,5.767227509687360509e+01
3.452690538107621609e+00,5.769078150417588091e+01
3.454690938187637617e+00,5.771853877278822864e+01
3.456691338267653624e+00,5.775304697883451155e+01
3.458691738347669631e+00,5.779227583899293563e+01
3.460692138427685638e+00,5.783458832689427709e+01
3.462692538507701645e+00,5.787867541621447742e+01
3.464692938587717652e+00,5.792350058959735293e+01
3.466693338667733659e+00,5.796825284365365150e+01
3.468693738747749666e+00,5.997341713932206630e+01
3.470694138827765673e+00,5.992353924201763959e+01
3.472694538907781681e+00,5.985196198867165407e+01
3.474694938987797688e+00,5.976522604997197874e+01
3.476695339067813695e+00,5.781069113776737822e+01
3.478695739147829702e+00,5.780457190738631823e+01
3.480696139227845709e+00,5.781245879976718527e+01
3.482696539307861716e+00,5.783106260582893299e+01
3.484696939387877723e+00,5.785768116517349569e+01
3.486697339467893730e+00,5.789010799427675380e+01
3.488697739547909737e+00,5.792655327275611654e+01
3.490698139627925745e+00,5.796557596341987306e+01
3.492698539707941752e+00,5.995177010346629487e+01
3.494698939787957759e+00,5.989999654823872532e+01
3.496699339867973766e+00,5.982818703686999839e+01
3.498699739947989773e+00,5.787311233820577883e+01
3.500700140028005780e+00,5.787432031153471712e+01
3.502700540108021787e+00,5.788743580147037449e+01
3.504700940188037794e+00,5.790956810451122294e+01
3.506701340268053801e+00,5.793834832276785818e+01
3.508701740348069809e+00,5.989385331839619653e+01
3.510702140428085816e+00,5.794013081027645740e+01
3.512702540508101823e+00,5.986918627191678155e+01
3.514702940588117830e+00,5.791972274323061498e+01
3.516703340668133837e+00,5.793379222849222288e+01
3.518703740748149844e+00,5.795635396418699514e+01
3.520704140828165851e+00,5.990048441417013692e+01
3.522704540908181858e+00,5.795008784798469748e+01
3.524704940988197865e+00,5.796845610297068419e+01
3.526705341068213873e+00,5.990631291176030260e+01
3.528705741148229436e+00,5.984371226764243090e+01
3.530706141228245443e+00,5.790527956192870818e+01
3.532706541308261450e+00,5.791235840808287350e+01
3.534706941388277457e+00,5.793035202750623114e+01
3.536707341468293464e+00,5.795652005668607387e+01
3.538707741548309471e+00,5.798862253840184877e+01
3.540708141628325478e+00,5.802484081438069552e+01
3.542708541708341485e+00,5.806370935856310211e+01
3.544708941788357492e+00,6.004425978242272777e+01
3.546709341868373500e+00,5.999252296288957353e+01
3.548709741948389507e+00,5.992087132053063669e+01
3.550710142028405514e+00,5.797180190794684762e+01
3.552710542108421521e+00,5.797317572975083522e+01
3.554710942188437528e+00,5.798638490405507895e+01
3.556711342268453535e+00,5.800854733536439767e+01
3.558711742348469542e+00,5.803730144182048178e+01
3.560712142428485549e+00,5.807072461749717007e+01
3.562712542508501556e+00,6.003652690285512961e+01
3.564712942588517564e+00,5.998224263938362100e+01
3.566713342668533571e+00,5.990935507901835422e+01
3.568713742748549578e+00,5.797185956406423912e+01
3.570714142828565585e+00,5.797360143081860429e+01
3.572714542908581592e+00,5.798756102057563311e+01
3.574714942988597599e+00,5.801075674855240294e+01
3.576715343068613606e+00,5.804074592626148643e+01
3.578715743148629613e+00,5.807554025510530948e+01
3.580716143228645620e+00,5.811353285650108802e+01
3.582716543308661628e+00,5.815343566485433513e+01
3.584716943388677635e+00,6.013733374704834489e+01
3.586717343468693642e+00,6.008562790332823056e+01
3.588717743548709649e+00,6.001356570370218435e+01
3.590718143628725656e+00,5.992736204618817908e+01
3.592718543708741663e+00,5.799336636167916481e+01
3.594718943788757670e+00,5.798865732122406058e+01
3.596719343868773677e+00,5.799801209090441745e+01
3.598719743948789684e+00,5.801809437285101012e+01
3.600720144028805692e+00,5.804616485481565746e+01
3.602720544108821699e+00,5.807998823944724620e+01
3.604720944188837706e+00,5.811775283994269614e+01
3.606721344268853713e+00,5.815800150144767144e+01
3.608721744348869720e+00,5.819957258168502534e+01
3.610722144428885727e+00,6.018159299301120058e+01
3.612722544508901734e+00,6.013091007017037981e+01
3.614722944588917741e+00,6.005955925536333950e+01
3.616723344668933748e+00,5.810987522829035612e+01
3.618723744748949755e+00,5.811039903709342980e+01
3.620724144828965763e+00,5.812243017654603960e+01
3.622724544908981770e+00,5.814316956682652204e+01
3.624724944988997777e+00,5.817032317398984276e+01
3.626725345069013784e+00,6.012001331388038494e+01
3.628725745149029791e+00,6.006205159279223693e+01
3.630726145229045798e+00,5.811940831892459869e+01
3.632726545309061805e+00,5.812720450789975501e+01
3.634726945389077812e+00,5.814486085458611342e+01
3.636727345469093819e+00,5.816986793154996604e+01
3.638727745549109827e+00,6.011108015863876375e+01
3.640728145629125834e+00,5.816610378996516317e+01
3.642728545709141841e+00,6.008175301944893931e+01
3.644728945789157848e+00,5.814208730498710054e+01
3.646729345869173855e+00,5.815469389599856243e+01
3.648729745949189862e+00,5.817590876213210294e+01
3.650730146029205869e+00,5.820345271130292275e+01
3.652730546109221876e+00,6.015215876170753262e+01
3.654730946189237883e+00,6.009446486939246768e+01
3.656731346269253891e+00,5.815342027402748926e+01
3.658731746349269898e+00,5.816141030611270679e+01
3.660732146429285905e+00,5.817920496919030882e+01
3.662732546509301912e+00,5.820430264136336262e+01
3.664732946589317919e+00,6.014428524552995725e+01
3.666733346669333926e+00,6.008557111116799376e+01
3.668733746749349933e+00,5.815157117966118250e+01
3.670734146829365940e+00,5.815959494767599836e+01
3.672734546909381947e+00,5.817767389915221798e+01
3.674734946989397955e+00,5.820324405452743832e+01
3.676735347069413962e+00,5.823421163100447018e+01
3.678735747149429969e+00,5.826887861581026584e+01
3.680736147229445976e+00,6.023349537039995738e+01
3.682736547309461983e+00,6.017928632406972866e+01
3.684736947389477990e+00,6.010596356568331800e+01
3.686737347469493997e+00,5.816904079391859739e+01
3.688737747549510004e+00,5.816953127388522660e+01
3.690738147629526011e+00,5.818197788624649291e+01
3.692738547709542019e+00,5.820346543942029882e+01
3.694738947789558026e+00,5.823160514864071757e+01
3.696739347869574033e+00,5.826445224542742096e+01
3.698739747949590040e+00,6.021691721327112390e+01
3.700740148029606047e+00,6.016248636127614446e+01
3.702740548109622054e+00,5.822339947219706602e+01
3.704740948189638061e+00,5.823261314146521528e+01
3.706741348269654068e+00,5.825104992155237227e+01
3.708741748349670075e+00,5.827632515065622698e+01
3.710742148429686083e+00,6.021731920927496162e+01
3.712742548509702090e+00,6.015817758692824668e+01
3.714742948589718097e+00,5.822218999777533099e+01
3.716743348669734104e+00,5.822933428776260456e+01
3.718743748749750111e+00,5.824641519650609922e+01
3.720744148829766118e+00,5.827090382724045270e+01
3.722744548909782125e+00,5.830073468622541100e+01
3.724744948989798132e+00,6.025053529147881903e+01
3.726745349069814139e+00,6.019391339555301101e+01
3.728745749149830147e+00,5.825346837796332267e+01
3.730746149229846154e+00,5.826134389816478176e+01
3.732746549309862161e+00,5.827868607025161651e+01
3.734746949389878168e+00,6.020100613779480625e+01
3.736747349469894175e+00,5.826483221294379433e+01
3.738747749549910182e+00,5.828025661509624200e+01
3.740748149629926189e+00,5.830321874883433964e+01
3.742748549709942196e+00,6.023863227558625510e+01
3.744748949789958203e+00,6.017816698008308407e+01
3.746749349869974210e+00,5.824543963612881470e+01
3.748749749949990218e+00,5.825207660361859752e+01
3.750750150030006225e+00,5.826885157432788276e+01
3.752750550110022232e+00,5.829319044096139635e+01
3.754750950190038239e+00,5.832299041002751494e+01
3.756751350270053802e+00,6.026842624391375836e+01
3.758751750350069809e+00,6.021204368469449975e+01
3.760752150430085816e+00,5.827644461189456138e+01
3.762752550510101823e+00,5.828460922697654212e+01
3.764752950590117830e+00,5.830222233068691651e+01
3.766753350670133837e+00,5.832685245229384208e+01
3.768753750750149845e+00,6.026227100588350538e+01
3.770754150830165852e+00,6.020286403096600480e+01
3.772754550910181859e+00,5.827194859253584980e+01
3.774754950990197866e+00,5.827895516515331309e+01
3.776755351070213873e+00,5.829590191212140127e+01
3.778755751150229880e+00,5.832025372395712282e+01
3.780756151230245887e+00,5.834994024306914184e+01
3.782756551310261894e+00,6.029444504990921416e+01
3.784756951390277901e+00,6.023782647043238825e+01
3.786757351470293909e+00,5.830262938402734818e+01
3.788757751550309916e+00,5.831041800317913015e+01
3.790758151630325923e+00,5.832761715543115599e+01
3.792758551710341930e+00,5.835180644966126096e+01
3.794758951790357937e+00,6.028624012929786602e+01
3.796759351870373944e+00,5.834586417305702355e+01
3.798759751950389951e+00,6.025462566376157980e+01
3.800760152030405958e+00,5.831910127036032776e+01
3.802760552110421965e+00,5.833009633756790890e+01
3.804760952190437973e+00,5.834958005499773748e+01
3.806761352270453980e+00,6.027458365692907449e+01
3.808761752350469987e+00,5.833780452573311948e+01
3.810762152430485994e+00,5.835338371437280358e+01
3.812762552510502001e+00,6.027285095894187350e+01
3.814762952590518008e+00,6.020785772002970759e+01
3.816763352670534015e+00,5.828301619315293181e+01
3.818763752750550022e+00,5.828758087345083538e+01
3.820764152830566029e+00,5.830291353394366638e+01
3.822764552910582037e+00,5.832630906469546517e+01
3.824764952990598044e+00,5.835555589719866276e+01
3.826765353070614051e+00,5.838885816672711115e+01
3.828765753150630058e+00,5.842476857948143021e+01
3.830766153230646065e+00,6.038892332506235050e+01
3.832766553310662072e+00,6.033466936811237957e+01
3.834766953390678079e+00,6.026068841055884917e+01
3.836767353470694086e+00,6.017303827799984361e+01
3.838767753550710093e+00,5.825495163918442643e+01
3.840768153630726101e+00,5.824889309119362935e+01
3.842768553710742108e+00,5.825680382110254385e+01
3.844768953790758115e+00,5.827535922267486512e+01
3.846769353870774122e+00,5.830182968273784638e+01
3.848769753950790129e+00,5.833398804449319641e+01
3.850770154030806136e+00,5.837002953157502105e+01
3.852770554110822143e+00,5.840850291884690648e+01
3.854770954190838150e+00,5.844825170337878717e+01
3.856771354270854157e+00,5.848836406473805738e+01
3.858771754350870165e+00,6.046720294596320855e+01
3.860772154430886172e+00,6.041401453685568868e+01
3.862772554510902179e+00,6.033969204134266562e+01
3.864772954590918186e+00,6.025062450676672654e+01
3.866773354670934193e+00,5.831684584779718961e+01
3.868773754750950200e+00,5.830822217838077393e+01
3.870774154830966207e+00,5.831336485518169610e+01
3.872774554910982214e+00,5.832903021806576760e+01
3.874774954990998221e+00,5.835255325152546391e+01
3.876775355071014229e+00,5.838175778879621447e+01
3.878775755151030236e+00,5.841487876710668559e+01
3.880776155231046243e+00,5.845049537244785398e+01
3.882776555311062250e+00,6.041387790245690326e+01
3.884776955391078257e+00,6.035928396233308035e+01
3.886777355471094264e+00,6.028488950666599067e+01
3.888777755551110271e+00,6.019676929813529398e+01
3.890778155631126278e+00,5.827840282494341295e+01
3.892778555711142285e+00,5.827173045608667223e+01
3.894778955791158292e+00,5.827901193561971382e+01
3.896779355871174300e+00,5.829692851659920905e+01
3.898779755951190307e+00,5.832275529224522614e+01
3.900780156031206314e+00,5.835426883789850194e+01
3.902780556111222321e+00,5.838966729240776488e+01
3.904780956191238328e+00,5.842750166579860149e+01
3.906781356271254335e+00,5.846661712808273847e+01
3.908781756351270342e+00,5.850610307035614710e+01
3.910782156431286349e+00,6.048472011788147285e+01
3.912782556511302356e+00,6.043095206883824488e+01
3.914782956591318364e+00,6.035604707691993553e+01
3.916783356671334371e+00,6.026639628225204603e+01
3.918783756751350378e+00,5.833161919110604998e+01
3.920784156831366385e+00,5.832239118737566486e+01
3.922784556911382392e+00,5.832694459194517123e+01
3.924784956991398399e+00,5.834203396099414363e+01
3.926785357071414406e+00,5.836499275152080912e+01
3.928785757151430413e+00,5.839364347619430617e+01
3.930786157231446420e+00,5.842621992104707118e+01
3.932786557311462428e+00,6.037458568718405871e+01
3.934786957391478435e+00,6.031915998695762937e+01
3.936787357471494442e+00,5.838162206705082724e+01
3.938787757551510449e+00,5.838876241674773837e+01
3.940788157631526456e+00,5.840486117835714452e+01
3.942788557711542463e+00,6.032401236186379379e+01
3.944788957791558470e+00,5.838759365483044661e+01
3.946789357871574477e+00,6.028295310331127865e+01
3.948789757951590484e+00,5.835417564460364304e+01
3.950790158031606492e+00,5.836287794817584285e+01
3.952790558111622499e+00,5.838056623728215300e+01
3.954790958191638506e+00,5.840488660956528122e+01
3.956791358271654513e+00,6.033567823125418528e+01
3.958791758351670520e+00,6.027571853434228899e+01
3.960792158431686527e+00,5.834793707285133735e+01
3.962792558511702534e+00,5.835371581546542075e+01
3.964792958591718541e+00,5.836927129356085686e+01
3.966793358671734548e+00,5.839210085072445366e+01
3.968793758751750556e+00,5.842016112365791258e+01
3.970794158831766563e+00,6.035984787192034418e+01
3.972794558911782570e+00,6.030168334356615389e+01
3.974794958991798577e+00,5.836803503532635062e+01
3.976795359071814584e+00,5.837400815805320775e+01
3.978795759151830591e+00,5.838934874385642360e+01
3.980796159231846598e+00,5.841164802570367698e+01
3.982796559311862605e+00,6.034153897244608089e+01
3.984796959391878168e+00,6.027996276457756153e+01
3.986797359471894175e+00,5.835008024549754424e+01
3.988797759551910183e+00,5.835471349461177937e+01
3.990798159631926190e+00,5.836927204703894034e+01
3.992798559711942197e+00,5.839122998770928774e+01
3.994798959791958204e+00,5.841852419147924280e+01
3.996799359871974211e+00,6.035814310807309369e+01
3.998799759951990218e+00,6.029934884316001131e+01
4.000800160032006225e+00,5.836455865422051659e+01
4.002800560112022232e+00,5.837002466317408533e+01
4.004800960192038239e+00,5.838490761644970917e+01
4.006801360272054247e+00,5.840679039877187506e+01
4.008801760352070254e+00,6.033685467290489868e+01
4.010802160432086261e+00,6.027491151292009164e+01
4.012802560512102268e+00,5.834414448117640717e+01
4.014802960592118275e+00,5.834844587605727639e+01
4.016803360672134282e+00,5.836269419852663276e+01
4.018803760752150289e+00,5.838435949922130419e+01
4.020804160832166296e+00,5.841137532536367871e+01
4.022804560912182303e+00,6.035124886539811229e+01
4.024804960992198311e+00,6.029218848847823864e+01
4.026805361072214318e+00,6.021520716378306304e+01
4.028805761152230325e+00,5.829492908276154850e+01
4.030806161232246332e+00,5.829277175929565402e+01
4.032806561312262339e+00,5.830280729214613444e+01
4.034806961392278346e+00,5.832205659260966968e+01
4.036807361472294353e+00,5.834807878819146509e+01
4.038807761552310360e+00,5.837888695028895114e+01
4.040808161632326367e+00,5.841287528456432909e+01
4.042808561712342375e+00,5.844875663185196402e+01
4.044808961792358382e+00,6.040990969672967026e+01
4.046809361872374389e+00,6.035492821213634329e+01
4.048809761952390396e+00,6.027980471516656280e+01
4.050810162032406403e+00,5.834294145884533123e+01
4.052810562112422410e+00,5.833976771905009429e+01
4.054810962192438417e+00,5.834809569679720198e+01
4.056811362272454424e+00,5.836512389141601176e+01
4.058811762352470431e+00,5.838855632067303958e+01
4.060812162432486438e+00,6.031931348569680296e+01
4.062812562512502446e+00,5.838006356167498723e+01
4.064812962592518453e+00,6.028474490443963418e+01
4.066813362672534460e+00,5.834941841170015664e+01
4.068813762752550467e+00,5.835799226568552456e+01
4.070814162832566474e+00,5.837490208111645984e+01
4.072814562912582481e+00,6.029562433968992252e+01
4.074814962992598488e+00,6.023059942390550248e+01
4.076815363072614495e+00,5.830357868742726879e+01
4.078815763152630502e+00,5.830633063078806799e+01
4.080816163232646510e+00,5.831945983594833649e+01
4.082816563312662517e+00,5.834034606771717080e+01
4.084816963392678524e+00,5.836684814336905447e+01
4.086817363472694531e+00,5.839722823364684245e+01
4.088817763552710538e+00,6.034581475800558792e+01
4.090818163632726545e+00,6.028812691649259392e+01
4.092818563712742552e+00,6.021154932817687921e+01
4.094818963792758559e+00,5.828373053233510603e+01
4.096819363872774566e+00,5.828066449368886026e+01
4.098819763952790574e+00,5.828950255523904644e+01
4.100820164032806581e+00,5.830733898300322693e+01
4.102820564112822588e+00,5.833179291626071716e+01
4.104820964192838595e+00,5.836092619654213109e+01
4.106821364272854602e+00,5.839317236979895398e+01
4.108821764352870609e+00,6.034597762183270220e+01
4.110822164432886616e+00,6.028912442077426448e+01
4.112822564512902623e+00,6.021288733989548092e+01
4.114822964592918630e+00,5.828171531617626044e+01
4.116823364672934638e+00,5.827831653287805835e+01
4.118823764752950645e+00,5.828666676411914693e+01
4.120824164832966652e+00,5.830389949340403177e+01
4.122824564912982659e+00,5.832766591819876822e+01
4.124824964992998666e+00,5.835605391996357838e+01
4.126825365073014673e+00,5.838751804548773805e+01
4.128825765153030680e+00,6.034335367955046792e+01
4.130826165233046687e+00,6.028559898127367234e+01
4.132826565313062694e+00,6.020840786807223566e+01
4.134826965393078702e+00,6.011777506926359393e+01
4.136827365473094709e+00,5.820147412596772085e+01
4.138827765553110716e+00,5.819240615133128358e+01
4.140828165633126723e+00,5.819740403380867377e+01
4.142828565713142730e+00,5.821312222571315687e+01
4.144828965793158737e+00,5.823681418309080016e+01
4.146829365873174744e+00,5.826623906664476493e+01
4.148829765953190751e+00,5.829958105427968462e+01
4.150830166033206758e+00,5.833538001945342444e+01
4.152830566113222766e+00,5.837247230418373078e+01
4.154830966193238773e+00,5.840994035674933826e+01
4.156831366273254780e+00,5.844707008466768627e+01
4.158831766353270787e+00,6.043227844147587291e+01
4.160832166433286794e+00,6.037518597059706593e+01
4.162832566513302801e+00,6.029644867922169738e+01
4.164832966593318808e+00,6.020259833579974895e+01
4.166833366673334815e+00,6.009883479908928194e+01
4.168833766753350822e+00,5.817307025640184293e+01
4.170834166833366830e+00,5.815664144181130979e+01
4.172834566913382837e+00,5.815597658689353722e+01
4.174834966993398844e+00,5.816742124134364644e+01
4.176835367073414851e+00,5.818796987642600271e+01
4.178835767153430858e+00,5.821516522115376091e+01
4.180836167233446865e+00,5.824701115635119919e+01
4.182836567313462872e+00,5.828189783897450127e+01
4.184836967393478879e+00,5.831853769673290344e+01
4.186837367473494886e+00,5.835591097476530820e+01
4.188837767553510893e+00,5.839321960010683199e+01
4.190838167633526901e+00,6.037514583078846897e+01
4.192838567713542908e+00,6.031869525184336567e+01
4.194838967793558915e+00,6.024074779819491710e+01
4.196839367873574922e+00,6.014778567564352585e+01
4.198839767953590929e+00,6.004496910343241467e+01
4.200840168033606936e+00,5.812398266455053886e+01
4.202840568113622943e+00,5.810837190390793694e+01
4.204840968193638950e+00,5.810847507886526131e+01
4.206841368273654957e+00,5.812063407316193064e+01
4.208841768353670965e+00,5.814184124961962397e+01
4.210842168433686972e+00,5.816963845475555672e+01
4.212842568513702979e+00,5.820202964268295887e+01
4.214842968593718986e+00,5.823740577947696551e+01
4.216843368673734993e+00,5.827448065943980993e+01
4.218843768753751000e+00,5.831223630732109342e+01
4.220844168833767007e+00,5.834987672634084532e+01
4.222844568913783014e+00,6.032742351630398758e+01
4.224844968993799021e+00,6.027140073687888133e+01
4.226845369073815029e+00,6.019388472042879812e+01
4.228845769153831036e+00,6.010134519906182504e+01
4.230846169233847043e+00,5.816214481534023406e+01
4.232846569313863050e+00,5.814935992728322134e+01
4.234846969393879057e+00,5.815035953438146521e+01
4.236847369473895064e+00,5.816190442374464453e+01
4.238847769553911071e+00,5.818133335828856190e+01
4.240848169633927078e+00,5.820647320245875278e+01
4.242848569713943085e+00,5.823556117612663741e+01
4.244848969793959093e+00,5.826717804394703393e+01
4.246849369873975100e+00,6.022823012284845134e+01
4.248849769953991107e+00,6.016993748028637157e+01
4.250850170034007114e+00,6.009177514045650526e+01
4.252850570114023121e+00,5.999983927041586895e+01
4.254850970194039128e+00,5.807604121044089140e+01
4.256851370274055135e+00,5.806520230932952842e+01
4.258851770354071142e+00,5.806844416532346287e+01
4.260852170434087149e+00,5.808242592283740890e+01
4.262852570514103157e+00,5.810440486366058366e+01
4.264852970594119164e+00,5.813214312345416346e+01
4.266853370674135171e+00,5.816382706304507622e+01
4.268853770754151178e+00,5.819799802851519388e+01
4.270854170834167185e+00,5.823349321545524049e+01
4.272854570914183192e+00,5.826939539900173060e+01
4.274854970994199199e+00,6.024505145697217046e+01
4.276855371074215206e+00,6.018801892556497535e+01
4.278855771154231213e+00,6.010977596500959663e+01
4.280856171234247221e+00,6.001673008586582370e+01
4.282856571314263228e+00,5.807800978633128608e+01
4.284856971394279235e+00,5.806495420749190117e+01
4.286857371474295242e+00,5.806578640149569281e+01
4.288857771554311249e+00,5.807723869991414034e+01
4.290858171634327256e+00,5.809662697515767604e+01
4.292858571714343263e+00,5.812175977914102987e+01
4.294858971794359270e+00,5.815085978013073031e+01
4.296859371874375277e+00,5.818249627598980567e+01
4.298859771954391285e+00,6.014192370295890555e+01
4.300860172034407292e+00,6.008373953652612443e+01
4.302860572114423299e+00,6.000567332816466859e+01
4.304860972194439306e+00,5.806423504768173416e+01
4.306861372274455313e+00,5.805827625913774170e+01
4.308861772354471320e+00,5.806407159673149465e+01
4.310862172434487327e+00,5.807876281687165232e+01
4.312862572514503334e+00,5.810000796059037498e+01
4.314862972594519341e+00,5.812590037896980277e+01
4.316863372674535348e+00,6.007155922827416816e+01
4.318863772754551356e+00,6.001059454664572002e+01
4.320864172834567363e+00,5.806475130453180356e+01
4.322864572914583370e+00,5.806676016269726404e+01
4.324864972994598489e+00,5.807809122626299114e+01
4.326865373074614496e+00,5.999511374001421871e+01
4.328865773154630503e+00,5.805240576919639750e+01
4.330866173234646510e+00,5.806142469807267759e+01
4.332866573314662517e+00,5.807799358541224422e+01
4.334866973394678524e+00,6.000790668960909358e+01
4.336867373474694531e+00,5.994153144621704854e+01
4.338867773554710539e+00,5.800197442523354141e+01
4.340868173634726546e+00,5.800203157860163117e+01
4.342868573714742553e+00,5.801233940019581325e+01
4.344868973794758560e+00,5.803030969774419390e+01
4.346869373874774567e+00,5.805382816827194858e+01
4.348869773954790574e+00,5.999363486197731277e+01
4.350870174034806581e+00,5.993154442992890552e+01
4.352870574114822588e+00,5.798968962415177941e+01
4.354870974194838595e+00,5.799152271958902105e+01
4.356871374274854603e+00,5.800293088398079533e+01
4.358871774354870610e+00,5.802146159471384124e+01
4.360872174434886617e+00,5.804511331729904100e+01
4.362872574514902624e+00,5.999094287347734422e+01
4.364872974594918631e+00,5.992828609979055443e+01
4.366873374674934638e+00,5.984736458384784896e+01
4.368873774754950645e+00,5.791325969438607046e+01
4.370874174834966652e+00,5.790660309638646197e+01
4.372874574914982659e+00,5.791230064963717439e+01
4.374874974994998666e+00,5.792734984267868015e+01
4.376875375075014674e+00,5.794929077693365116e+01
4.378875775155030681e+00,5.797612089959247328e+01
4.380876175235046688e+00,5.800622144622705179e+01
4.382876575315062695e+00,5.803829437714911421e+01
4.384876975395078702e+00,6.000359805600395902e+01
4.386877375475094709e+00,5.994499842967828585e+01
4.388877775555110716e+00,5.986609722147279200e+01
4.390878175635126723e+00,5.791747414024990803e+01
4.392878575715142730e+00,5.791017022520136948e+01
4.394878975795158738e+00,5.791457957768304965e+01
4.396879375875174745e+00,5.792785999529544227e+01
4.398879775955190752e+00,5.794768262502527278e+01
4.400880176035206759e+00,5.797215138346313523e+01
4.402880576115222766e+00,5.992196038840243943e+01
4.404880976195238773e+00,5.985949382205563296e+01
4.406881376275254780e+00,5.977840751186836599e+01
4.408881776355270787e+00,5.784004452174373512e+01
4.410882176435286794e+00,5.783273957715204006e+01
4.412882576515302802e+00,5.783772705688876670e+01
4.414882976595318809e+00,5.785202255684941264e+01
4.416883376675334816e+00,5.787318106592451983e+01
4.418883776755350823e+00,5.789921214281645945e+01
4.420884176835366830e+00,5.792850676392401965e+01
4.422884576915382837e+00,5.795977462233968680e+01
4.424884976995398844e+00,5.992805654878139165e+01
4.426885377075414851e+00,5.986860156868962690e+01
4.428885777155430858e+00,5.978879185055109247e+01
4.430886177235446866e+00,5.783541627070137281e+01
4.432886577315462873e+00,5.782721084192022687e+01
4.434886977395478880e+00,5.783079065804658825e+01
4.436887377475494887e+00,5.784330316841746367e+01
4.438887777555510894e+00,5.786241086787700993e+01
4.440888177635526901e+00,5.979909670953662726e+01
4.442888577715542908e+00,5.784579201014958016e+01
4.444888977795558915e+00,5.975593493983087257e+01
4.446889377875574922e+00,5.780690987993423846e+01
4.448889777955590930e+00,5.781121544951986380e+01
4.450890178035606937e+00,5.782405843250328559e+01
4.452890578115622944e+00,5.784318630759556612e+01
4.454890978195638951e+00,5.978546015322111629e+01
4.456891378275654958e+00,5.971986663116767602e+01
4.458891778355670965e+00,5.776884559216475878e+01
4.460892178435686972e+00,5.776797531449281564e+01
4.462892578515702979e+00,5.777705039682779642e+01
4.464892978595718986e+00,5.779355206973379211e+01
4.466893378675734994e+00,5.972640819974723314e+01
4.468893778755751001e+00,5.777367472117037295e+01
4.470894178835767008e+00,5.968059216915438014e+01
4.472894578915783015e+00,5.773338234135741942e+01
4.474894978995799022e+00,5.773739901639142147e+01
4.476895379075815029e+00,5.775015886714093227e+01
4.478895779155831036e+00,5.776936015024310933e+01
4.480896179235847043e+00,5.970876337244821030e+01
4.482896579315863050e+00,5.964353217922456452e+01
4.484896979395879058e+00,5.769609850067742229e+01
4.486897379475895065e+00,5.769562240288539101e+01
4.488897779555911072e+00,5.770509902188184981e+01
4.490898179635927079e+00,5.772199842367655265e+01
4.492898579715943086e+00,5.774425538037944960e+01
4.494898979795959093e+00,5.777019543122963796e+01
4.496899379875975100e+00,5.973143305009848092e+01
4.498899779955991107e+00,5.966897669215681788e+01
4.500900180036007114e+00,5.958716908234829646e+01
4.502900580116023121e+00,5.763640199822582133e+01
4.504900980196039129e+00,5.762751842631035260e+01
4.506901380276055136e+00,5.763084509514516895e+01
4.508901780356071143e+00,5.764342587261922546e+01
4.510902180436087150e+00,5.766283888453634887e+01
4.512902580516103157e+00,5.768711239403234714e+01
4.514902980596119164e+00,5.771465229406938846e+01
4.516903380676135171e+00,5.967728560499190138e+01
4.518903780756151178e+00,5.961591715626719434e+01
4.520904180836167185e+00,5.953490961081723043e+01
4.522904580916183193e+00,5.758436987443860033e+01
4.524904980996199200e+00,5.757578849205425087e+01
4.526905381076215207e+00,5.757929936210566524e+01
4.528905781156231214e+00,5.759196767618101376e+01
4.530906181236247221e+00,5.761138949797818043e+01
4.532906581316263228e+00,5.763560812278438306e+01
4.534906981396279235e+00,5.766304199468149250e+01
4.536907381476295242e+00,5.962571160094466194e+01
4.538907781556311249e+00,5.956419648638418352e+01
4.540908181636327257e+00,5.759960104856121887e+01
4.542908581716343264e+00,5.759908438700512789e+01
4.544908981796359271e+00,5.760762813927175330e+01
4.546909381876375278e+00,5.953822107129082752e+01
4.548909781956391285e+00,5.946579520634085014e+01
4.550910182036407292e+00,5.751393379537928041e+01
4.552910582116423299e+00,5.750940990023721611e+01
4.554910982196439306e+00,5.751582334324947254e+01
4.556911382276455313e+00,5.753045426692961684e+01
4.558911782356471321e+00,5.755107946800140439e+01
4.560912182436487328e+00,5.757589349972668913e+01
4.562912582516503335e+00,5.760344083011356275e+01
4.564912982596519342e+00,5.957535760809232528e+01
4.566913382676535349e+00,5.951311512204006249e+01
4.568913782756551356e+00,5.943080810087839438e+01
4.570914182836567363e+00,5.933459930156280393e+01
4.572914582916583370e+00,5.739174732124269696e+01
4.574914982996599377e+00,5.737649291648789074e+01
4.576915383076615385e+00,5.737571364512243832e+01
4.578915783156631392e+00,5.738598835813783694e+01
4.580916183236647399e+00,5.740450947975559615e+01
4.582916583316663406e+00,5.742898671409984246e+01
4.584916983396679413e+00,5.745756402055790346e+01
4.586917383476695420e+00,5.748874845947950263e+01
4.588917783556711427e+00,5.752134952135798329e+01
4.590918183636727434e+00,5.755442762174933335e+01
4.592918583716743441e+00,5.758725054553599421e+01
4.594918983796759449e+00,5.958225281454490840e+01
4.596919383876775456e+00,5.952096878745557973e+01
4.598919783956791463e+00,5.943771452144861200e+01
4.600920184036807470e+00,5.933910985916229208e+01
4.602920584116823477e+00,5.737109190480371268e+01
4.604920984196839484e+00,5.735201758777557757e+01
4.606921384276855491e+00,5.734722776723403825e+01
4.608921784356871498e+00,5.735339601607692828e+01
4.610922184436887505e+00,5.736778990036896175e+01
4.612922584516903513e+00,5.738817795628270346e+01
4.614922984596919520e+00,5.741274945882389602e+01
4.616923384676935527e+00,5.744004564061229701e+01
4.618923784756951534e+00,5.941490639917841321e+01
4.620924184836967541e+00,5.935241651949998243e+01
4.622924584916983548e+00,5.926976064051452653e+01
4.624924984996999555e+00,5.730388096984103186e+01
4.626925385077015562e+00,5.729312582731854775e+01
4.628925785157031569e+00,5.729454392271890839e+01
4.630926185237047576e+00,5.730519685559587373e+01
4.632926585317063584e+00,5.732267752607999967e+01
4.634926985397079591e+00,5.734502625558800304e+01
4.636927385477095598e+00,5.930356796885766357e+01
4.638927785557111605e+00,5.923923446104864610e+01
4.640928185637127612e+00,5.727350700296835129e+01
4.642928585717143619e+00,5.727170367424344022e+01
4.644928985797159626e+00,5.727951903406830070e+01
4.646929385877175633e+00,5.729450033215314875e+01
4.648929785957191640e+00,5.731464653535159215e+01
4.650930186037207648e+00,5.927563419975293613e+01
4.652930586117223655e+00,5.920936661328558159e+01
4.654930986197239662e+00,5.912447221015073495e+01
4.656931386277255669e+00,5.716731353503919166e+01
4.658931786357271676e+00,5.715631161552574468e+01
4.660932186437287683e+00,5.715802829911722682e+01
4.662932586517303690e+00,5.716939198262912214e+01
4.664932986597319697e+00,5.718788677218597627e+01
4.666933386677335704e+00,5.721146462371214625e+01
4.668933786757351712e+00,5.723846973754844925e+01
4.670934186837367719e+00,5.726757386985457288e+01
4.672934586917383726e+00,5.729772125365531110e+01
4.674934986997399733e+00,5.928807953806255426e+01
4.676935387077415740e+00,5.922592759629830539e+01
4.678935787157431747e+00,5.914247956016868812e+01
4.680936187237447754e+00,5.904419171094313157e+01
4.682936587317463761e+00,5.708042468962707261e+01
4.684936987397479768e+00,5.706210199842228548e+01
4.686937387477495776e+00,5.705826017049758292e+01
4.688937787557511783e+00,5.706550280212837123e+01
4.690938187637527790e+00,5.708104196982451128e+01
4.692938587717543797e+00,5.710260258098767139e+01
4.694938987797559804e+00,5.712833997368443306e+01
4.696939387877575811e+00,5.715676934476621796e+01
4.698939787957591818e+00,5.718670560782759082e+01
4.700940188037607825e+00,5.721721235859137522e+01
4.702940588117623832e+00,5.921363571920959146e+01
4.704940988197639840e+00,5.915112114745743810e+01
4.706941388277655847e+00,5.906696305579477269e+01
4.708941788357671854e+00,5.896770687322333515e+01
4.710942188437687861e+00,5.699641553699999008e+01
4.712942588517703868e+00,5.697691126658615701e+01
4.714942988597719875e+00,5.697192169506074322e+01
4.716943388677735882e+00,5.697805461018045037e+01
4.718943788757751889e+00,5.699252508842393183e+01
4.720944188837767896e+00,5.701306000297529408e+01
4.722944588917783904e+00,5.703781577834372030e+01
4.724944988997799911e+00,5.706530796412079098e+01
4.726945389077815918e+00,5.709435122548415364e+01
4.728945789157831925e+00,5.908288253815550917e+01
4.730946189237847932e+00,5.902039033836298643e+01
4.732946589317863939e+00,5.893683638644213119e+01
4.734946989397879946e+00,5.695601170483327280e+01
4.736947389477895953e+00,5.694325160150629017e+01
4.738947789557911960e+00,5.694258477861533407e+01
4.740948189637927968e+00,5.695110381689704582e+01
4.742948589717943975e+00,5.696642698198842680e+01
4.744948989797959982e+00,5.698661507644046509e+01
4.746949389877975989e+00,5.895533775387344377e+01
4.748949789957991996e+00,5.888867281980706281e+01
4.750950190038008003e+00,5.690800637107952298e+01
4.752950590118024010e+00,5.690369822869299554e+01
4.754950990198040017e+00,5.690919266642744390e+01
4.756951390278056024e+00,5.692201178429717601e+01
4.758951790358072031e+00,5.887652668011461543e+01
4.760952190438088039e+00,5.689419806806366608e+01
4.762952590518104046e+00,5.882168507232164245e+01
4.764952990598120053e+00,5.684490495435534285e+01
4.766953390678136060e+00,5.684424954043170430e+01
4.768953790758152067e+00,5.685263946064693386e+01
4.770954190838168074e+00,5.686772447341981263e+01
4.772954590918184081e+00,5.688759089858037044e+01
4.774954990998200088e+00,5.886106203273389070e+01
4.776955391078216095e+00,5.879382572060431755e+01
4.778955791158232103e+00,5.870748003432180440e+01
4.780956191238247222e+00,5.673515122621569873e+01
4.782956591318263229e+00,5.672217452315733510e+01
4.784956991398279236e+00,5.672203553752543570e+01
4.786957391478295243e+00,5.673164305071891533e+01
4.788957791558311250e+00,5.674846552552740064e+01
4.790958191638327257e+00,5.677044232280461955e+01
4.792958591718343264e+00,5.679590740275244087e+01
4.794958991798359271e+00,5.682352411404320947e+01
4.796959391878375278e+00,5.685222971981122697e+01
4.798959791958391286e+00,5.885170740357706620e+01
4.800960192038407293e+00,5.878802376274052222e+01
4.802960592118423300e+00,5.870285333632139668e+01
4.804960992198439307e+00,5.860270933575353070e+01
4.806961392278455314e+00,5.662635746040382401e+01
4.808961792358471321e+00,5.660607398526511957e+01
4.810962192438487328e+00,5.660051059362901782e+01
4.812962592518503335e+00,5.660622160350184373e+01
4.814962992598519342e+00,5.662037931821252812e+01
4.816963392678535349e+00,5.664067652240159134e+01
4.818963792758551357e+00,5.666524260519491207e+01
4.820964192838567364e+00,5.669257180845617228e+01
4.822964592918583371e+00,5.672146213859225128e+01
4.824964992998599378e+00,5.675096357081621079e+01
4.826965393078615385e+00,5.678033429125388665e+01
4.828965793158631392e+00,5.879522899477134246e+01
4.830966193238647399e+00,5.873028018459800137e+01
4.832966593318663406e+00,5.864300749176606331e+01
4.834966993398679413e+00,5.854014837058575438e+01
4.836967393478695421e+00,5.842706818775275934e+01
4.838967793558711428e+00,5.645399597182387907e+01
4.840968193638727435e+00,5.642785383301924895e+01
4.842968593718743442e+00,5.641849711502955245e+01
4.844968993798759449e+00,5.642205973393996032e+01
4.846969393878775456e+00,5.643536556885414512e+01
4.848969793958791463e+00,5.645581974269659753e+01
4.850970194038807470e+00,5.648131511321162890e+01
4.852970594118823477e+00,5.651015228872025631e+01
4.854970994198839485e+00,5.654097153261176345e+01
4.856971394278855492e+00,5.657269502393670990e+01
4.858971794358871499e+00,5.660447807356175787e+01
4.860972194438887506e+00,5.663566803854362774e+01
4.862972594518903513e+00,5.666576982121938499e+01
4.864972994598919520e+00,5.868876977264765316e+01
4.866973394678935527e+00,5.862317679195211184e+01
4.868973794758951534e+00,5.853464094172277754e+01
4.870974194838967541e+00,5.843005835634431122e+01
4.872974594918983549e+00,5.831492286518286505e+01
4.874974994998999556e+00,5.633081869096172056e+01
4.876975395079015563e+00,5.630236310749358353e+01
4.878975795159031570e+00,5.629077535068590521e+01
4.880976195239047577e+00,5.629219607657390867e+01
4.882976595319063584e+00,5.630345361155941930e+01
4.884976995399079591e+00,5.632195558358196052e+01
4.886977395479095598e+00,5.634559573876379091e+01
4.888977795559111605e+00,5.637267425130388432e+01
4.890978195639127613e+00,5.640182988815566745e+01
4.892978595719143620e+00,5.643198249607370087e+01
4.894978995799159627e+00,5.646228441202691783e+01
4.896979395879175634e+00,5.649207954225640549e+01
4.898979795959191641e+00,5.652086899947065035e+01
4.900980196039207648e+00,5.855106412358287571e+01
4.902980596119223655e+00,5.848410275210391518e+01
4.904980996199239662e+00,5.839413346016570472e+01
4.906981396279255669e+00,5.828808630595509044e+01
4.908981796359271677e+00,5.817148172905420012e+01
4.910982196439287684e+00,5.617737089654606564e+01
4.912982596519303691e+00,5.614765945476371201e+01
4.914982996599319698e+00,5.613501058607995731e+01
4.916983396679335705e+00,5.613553019604631089e+01
4.918983796759351712e+00,5.614601797396441185e+01
4.920984196839367719e+00,5.616385791701069508e+01
4.922984596919383726e+00,5.618692424992089940e+01
4.924984996999399733e+00,5.621350100598902344e+01
4.926985397079415741e+00,5.624221359760121430e+01
4.928985797159431748e+00,5.627197081767708653e+01
4.930986197239447755e+00,5.630191585218803851e+01
4.932986597319463762e+00,5.633138503232078165e+01
4.934986997399479769e+00,5.835673650070633300e+01
4.936987397479495776e+00,5.829129653732584870e+01
4.938987797559511783e+00,5.820311063159053333e+01
4.940988197639527790e+00,5.809901865068617610e+01
4.942988597719543797e+00,5.609068317894514877e+01
4.944988997799559804e+00,5.606570697603227416e+01
4.946989397879575812e+00,5.605569195003925387e+01
4.948989797959591819e+00,5.605717952156293649e+01
4.950990198039607826e+00,5.606733026319012936e+01
4.952990598119623833e+00,5.608382593782233272e+01
4.954990998199639840e+00,5.610478535064115846e+01
4.956991398279655847e+00,5.612869244918692857e+01
4.958991798359671854e+00,5.615433516607934905e+01
4.960992198439687861e+00,5.816573590830834206e+01
4.962992598519703868e+00,5.809968255200664089e+01
4.964992998599719876e+00,5.801217772560415398e+01
4.966993398679735883e+00,5.600083212536404886e+01
4.968993798759751890e+00,5.598394598138028044e+01
4.970994198839767897e+00,5.597965785649086001e+01
4.972994598919783904e+00,5.598496209385557876e+01
4.974994998999799911e+00,5.599739711837965928e+01
4.976995399079815918e+00,5.601495876379803462e+01
4.978995799159831925e+00,5.603602592309560038e+01
4.980996199239847932e+00,5.803826768620953658e+01
4.982996599319863940e+00,5.797011731144306168e+01
4.984996999399879947e+00,5.788157621874857739e+01
4.986997399479895954e+00,5.587667854242103260e+01
4.988997799559911961e+00,5.586008432576596050e+01
4.990998199639927968e+00,5.585646540946692795e+01
4.992998599719943975e+00,5.586271745221168317e+01
4.994998999799959982e+00,5.587629879409278288e+01
4.996999399879975989e+00,5.589514066291656036e+01
4.998999799959991996e+00,5.591757019285265073e+01
5.001000200040008004e+00,5.594224475975156707e+01
5.003000600120024011e+00,5.596809621158490700e+01
5.005001000200040018e+00,5.798898499910362858e+01
5.007001400280056025e+00,5.792216882539472778e+01
5.009001800360072032e+00,5.783346080570557035e+01
5.011002200440088039e+00,5.772950180763872652e+01
5.013002600520104046e+00,5.572466267810121821e+01
5.015003000600120053e+00,5.570048727512239850e+01
5.017003400680136060e+00,5.569155930480756211e+01
5.019003800760152068e+00,5.569432848559898730e+01
5.021004200840168075e+00,5.570588231305593752e+01
5.023004600920184082e+00,5.572384474259772702e+01
5.025005001000200089e+00,5.574628926863441336e+01
5.027005401080216096e+00,5.577166473399179125e+01
5.029005801160232103e+00,5.579873228115313566e+01
5.031006201240248110e+00,5.582651197497768436e+01
5.033006601320264117e+00,5.585423776532262252e+01
5.035007001400280124e+00,5.788382551371898188e+01
5.037007401480296132e+00,5.781712613776364407e+01
5.039007801560312139e+00,5.772775389750245978e+01
5.041008201640328146e+00,5.762253887772342864e+01
5.043008601720344153e+00,5.560764613337387630e+01
5.045009001800360160e+00,5.558157057155579395e+01
5.047009401880376167e+00,5.557068767265332099e+01
5.049009801960392174e+00,5.557148231090332757e+01
5.051010202040408181e+00,5.558106980825267840e+01
5.053010602120424188e+00,5.559709580765242976e+01
5.055011002200440196e+00,5.561765038229713554e+01
5.057011402280456203e+00,5.564119472934142863e+01
5.059011802360472210e+00,5.566649887498693516e+01
5.061012202440488217e+00,5.569258893637233143e+01
5.063012602520504224e+00,5.571870262305478860e+01
5.065013002600520231e+00,5.775489233369992093e+01
5.067013402680536238e+00,5.768652858546637674e+01
5.069013802760552245e+00,5.759544327525191676e+01
5.071014202840568252e+00,5.748850124778313386e+01
5.073014602920584259e+00,5.546368333253358429e+01
5.075015003000600267e+00,5.543610180571612744e+01
5.077015403080616274e+00,5.542390365521163886e+01
5.079015803160632281e+00,5.542354460269602612e+01
5.081016203240648288e+00,5.543211558486417090e+01
5.083016603320664295e+00,5.544724178319229679e+01
5.085017003400680302e+00,5.546699605047346182e+01
5.087017403480696309e+00,5.548982504997801612e+01
5.089017803560712316e+00,5.551448650824385567e+01
5.091018203640728323e+00,5.553999610671927911e+01
5.093018603720744331e+00,5.757121313566854326e+01
5.095019003800760338e+00,5.750347082886020189e+01
5.097019403880776345e+00,5.741344351860396245e+01
5.099019803960792352e+00,5.537792729601776642e+01
5.101020204040808359e+00,5.535772654572552653e+01
5.103020604120824366e+00,5.535027506006655074e+01
5.105021004200840373e+00,5.535255773643459776e+01
5.107021404280856380e+00,5.536210489010900204e+01
5.109021804360872387e+00,5.537690509282574425e+01
5.111022204440888395e+00,5.738096327040190658e+01
5.113022604520904402e+00,5.534745512630987463e+01
5.115023004600920409e+00,5.732067198746256764e+01
5.117023404680936416e+00,5.529030030653130012e+01
5.119023804760952423e+00,5.528441002034781349e+01
5.121024204840968430e+00,5.528757544965748849e+01
5.123024604920984437e+00,5.529746869012306831e+01
5.125025005001000444e+00,5.729573935223772452e+01
5.127025405081016451e+00,5.722070386825932786e+01
5.129025805161032459e+00,5.519394464007113044e+01
5.131026205241048466e+00,5.518235974374876918e+01
5.133026605321064473e+00,5.518174523169089696e+01
5.135027005401080480e+00,5.518938908824309664e+01
5.137027405481096487e+00,5.520307765972214753e+01
5.139027805561112494e+00,5.522101510710517402e+01
5.141028205641128501e+00,5.524175459806321697e+01
5.143028605721144508e+00,5.726522014231944269e+01
5.145029005801160515e+00,5.719542235140687580e+01
5.147029405881176523e+00,5.710443159668918156e+01
5.149029805961192530e+00,5.507401114239773676e+01
5.151030206041208537e+00,5.505416434103389633e+01
5.153030606121224544e+00,5.504750873094369013e+01
5.155031006201240551e+00,5.505090937181875432e+01
5.157031406281256558e+00,5.506179980935502272e+01
5.159031806361272565e+00,5.507809093576200610e+01
5.161032206441288572e+00,5.509809300355578898e+01
5.163032606521304579e+00,5.512044920773243462e+01
5.165033006601320587e+00,5.514407934926791910e+01
5.167033406681336594e+00,5.717954114156827927e+01
5.169033806761352601e+00,5.711039423148741179e+01
5.171034206841368608e+00,5.701906719297770110e+01
5.173034606921384615e+00,5.497669682482820264e+01
5.175035007001400622e+00,5.495537637716108037e+01
5.177035407081416629e+00,5.494703601245078772e+01
5.179035807161432636e+00,5.494860914720036504e+01
5.181036207241448643e+00,5.495758444665317199e+01
5.183036607321464651e+00,5.497191684940041512e+01
5.185037007401480658e+00,5.498995143244557937e+01
5.187037407481496665e+00,5.501035856874717922e+01
5.189037807561512672e+00,5.704313143413354226e+01
5.191038207641528679e+00,5.697226217385345848e+01
5.193038607721544686e+00,5.687981670562960090e+01
5.195039007801560693e+00,5.483746355402529815e+01
5.197039407881576700e+00,5.481585258324980714e+01
5.199039807961592707e+00,5.480751358320054578e+01
5.201040208041608714e+00,5.480931028682977768e+01
5.203040608121624722e+00,5.481867461632018035e+01
5.205041008201640729e+00,5.483351550417717846e+01
5.207041408281656736e+00,5.485214091534584924e+01
5.209041808361672743e+00,5.487319146514094115e+01
5.211042208441688750e+00,5.489558413242848189e+01
5.213042608521704757e+00,5.693875720580538058e+01
5.215043008601720764e+00,5.686828948872380352e+01
5.217043408681736771e+00,5.677554454112851801e+01
5.219043808761752778e+00,5.472277234571794935e+01
5.221044208841768786e+00,5.470010654003648654e+01
5.223044608921784793e+00,5.469059575137780627e+01
5.225045009001800800e+00,5.469114363406220036e+01
5.227045409081816807e+00,5.469921429631546772e+01
5.229045809161832814e+00,5.471274236206591723e+01
5.231046209241848821e+00,5.473005606324266381e+01
5.233046609321864828e+00,5.474981177454338166e+01
5.235047009401879947e+00,5.678937213025378838e+01
5.237047409481895954e+00,5.671779444330582010e+01
5.239047809561911961e+00,5.662454203289520649e+01
5.241048209641927969e+00,5.457390454636208688e+01
5.243048609721943976e+00,5.455148156953659822e+01
5.245049009801959983e+00,5.454246684318338367e+01
5.247049409881975990e+00,5.454369605336828641e+01
5.249049809961991997e+00,5.455257837511969399e+01
5.251050210042008004e+00,5.456700428848544959e+01
5.253050610122024011e+00,5.458526679388130987e+01
5.255051010202040018e+00,5.460599438031896824e+01
5.257051410282056025e+00,5.462809421372531915e+01
5.259051810362072032e+00,5.667641339359305874e+01
5.261052210442088040e+00,5.660559115050273249e+01
5.263052610522104047e+00,5.651238809340790681e+01
5.265053010602120054e+00,5.445364382244013512e+01
5.267053410682136061e+00,5.443042554080629714e+01
5.269053810762152068e+00,5.442045983110418206e+01
5.271054210842168075e+00,5.442062779903830005e+01
5.273054610922184082e+00,5.442837549226733529e+01
5.275055011002200089e+00,5.444162308368379399e+01
5.277055411082216096e+00,5.445868726282109407e+01
5.279055811162232104e+00,5.447821520963226760e+01
5.281056211242248111e+00,5.652107575844145515e+01
5.283056611322264118e+00,5.644926357548324347e+01
5.285057011402280125e+00,5.438305379202715528e+01
5.287057411482296132e+00,5.436966662283551699e+01
5.289057811562312139e+00,5.436628949645150044e+01
5.291058211642328146e+00,5.437044745326083728e+01
5.293058611722344153e+00,5.638729679948612272e+01
5.295059011802360160e+00,5.432460671274692032e+01
5.297059411882376168e+00,5.432058878341892694e+01
5.299059811962392175e+00,5.632410657285024058e+01
5.301060212042408182e+00,5.426449305417862945e+01
5.303060612122424189e+00,5.425762168098405880e+01
5.305061012202440196e+00,5.425945949083845932e+01
5.307061412282456203e+00,5.426775103754595619e+01
5.309061812362472210e+00,5.629103707007175927e+01
5.311062212442488217e+00,5.422761537165249734e+01
5.313062612522504224e+00,5.422541140269306226e+01
5.315063012602520232e+00,5.623370049520443814e+01
5.317063412682536239e+00,5.417154007886581724e+01
5.319063812762552246e+00,5.416523305398672505e+01
5.321064212842568253e+00,5.416740289548440046e+01
5.323064612922584260e+00,5.417584061533284512e+01
5.325065013002600267e+00,5.620253509769219136e+01
5.327065413082616274e+00,5.413550760556261565e+01
5.329065813162632281e+00,5.413302932269589007e+01
5.331066213242648288e+00,5.614432204890938038e+01
5.333066613322664296e+00,5.407840061417053334e+01
5.335067013402680303e+00,5.407164564609569624e+01
5.337067413482696310e+00,5.407337214118849289e+01
5.339067813562712317e+00,5.408137421048473215e+01
5.341068213642728324e+00,5.611071715167612695e+01
5.343068613722744331e+00,5.404013072925639705e+01
5.345069013802760338e+00,5.403718776737353835e+01
5.347069413882776345e+00,5.605097778583320434e+01
5.349069813962792352e+00,5.398165801769842886e+01
5.351070214042808360e+00,5.397446292845852156e+01
5.353070614122824367e+00,5.397579086014999206e+01
5.355071014202840374e+00,5.398342998682676352e+01
5.357071414282856381e+00,5.601505865093336922e+01
5.359071814362872388e+00,5.593660376946193935e+01
5.361072214442888395e+00,5.386931182596138257e+01
5.363072614522904402e+00,5.385320863942064307e+01
5.365073014602920409e+00,5.384842176144623238e+01
5.367073414682936416e+00,5.385218679939826103e+01
5.369073814762952424e+00,5.386224743441997020e+01
5.371074214842968431e+00,5.387677275779518027e+01
5.373074614922984438e+00,5.389428685348559611e+01
5.375075015003000445e+00,5.391360905286406080e+01
5.377075415083016452e+00,5.597402009509973198e+01
5.379075815163032459e+00,5.590074732046193162e+01
5.381076215243048466e+00,5.580505813954346905e+01
5.383076615323064473e+00,5.372936800591895690e+01
5.385077015403080480e+00,5.370381532981776473e+01
5.387077415483096487e+00,5.369191007385377645e+01
5.389077815563112495e+00,5.369045347378833810e+01
5.391078215643128502e+00,5.369682662128438011e+01
5.393078615723144509e+00,5.370889686342972169e+01
5.395079015803160516e+00,5.372493794850348792e+01
5.397079415883176523e+00,5.374356218272608032e+01
5.399079815963192530e+00,5.376366299972140439e+01
5.401080216043208537e+00,5.378436649963050797e+01
5.403080616123224544e+00,5.585703203151963692e+01
5.405081016203240551e+00,5.578328266959829307e+01
5.407081416283256559e+00,5.568632055997964869e+01
5.409081816363272566e+00,5.359653957275767766e+01
5.411082216443288573e+00,5.356893800501750036e+01
5.413082616523304580e+00,5.355489942361916889e+01
5.415083016603320587e+00,5.355127110292443859e+01
5.417083416683336594e+00,5.355547058627157497e+01
5.419083816763352601e+00,5.356539367429677867e+01
5.421084216843368608e+00,5.357933593392241534e+01
5.423084616923384615e+00,5.359592601745523410e+01
5.425085017003400623e+00,5.361406921760303845e+01
5.427085417083416630e+00,5.568654661953880947e+01
5.429085817163432637e+00,5.561149615351361319e+01
5.431086217243448644e+00,5.551370884518851767e+01
5.433086617323464651e+00,5.342208715909670502e+01
5.435087017403480658e+00,5.339433951878320528e+01
5.437087417483496665e+00,5.338042371705011391e+01
5.439087817563512672e+00,5.337712088452978065e+01
5.441088217643528679e+00,5.338179488667870487e+01
5.443088617723544687e+00,5.339229815222910958e+01
5.445089017803560694e+00,5.340689138545049275e+01
5.447089417883576701e+00,5.342417539127332304e+01
5.449089817963592708e+00,5.344303338878120968e+01
5.451090218043608715e+00,5.551588258840006773e+01
5.453090618123624722e+00,5.544160122601441287e+01
5.455091018203640729e+00,5.534453939624311403e+01
5.457091418283656736e+00,5.325392522682107455e+01
5.459091818363672743e+00,5.322670726419450915e+01
5.461092218443688751e+00,5.321330982414082200e+01
5.463092618523704758e+00,5.321050585666214516e+01
5.465093018603720765e+00,5.321565333974903211e+01
5.467093418683736772e+00,5.322660061767140860e+01
5.469093818763752779e+00,5.324160572352379717e+01
5.471094218843768786e+00,5.325926789400827488e+01
5.473094618923784793e+00,5.327846963553511728e+01
5.475095019003800800e+00,5.329832786637044251e+01
5.477095419083816807e+00,5.331815282701497694e+01
5.479095819163832815e+00,5.540930767393513889e+01
5.481096219243848822e+00,5.533340253917635465e+01
5.483096619323864829e+00,5.523366910008648034e+01
5.485097019403880836e+00,5.511732960056884423e+01
5.487097419483896843e+00,5.302076775477250692e+01
5.489097819563912850e+00,5.298368646633754508e+01
5.491098219643928857e+00,5.296332530848963671e+01
5.493098619723944864e+00,5.295588814041455095e+01
5.495099019803960871e+00,5.295826088151748223e+01
5.497099419883976879e+00,5.296790152025938880e+01
5.499099819963992886e+00,5.298274635364138163e+01
5.501100220044008893e+00,5.300113037777556713e+01
5.503100620124024900e+00,5.302171992532228018e+01
5.505101020204040907e+00,5.304345583808010645e+01
5.507101420284056914e+00,5.306550565705539668e+01
5.509101820364072921e+00,5.308722349912618910e+01
5.511102220444088928e+00,5.310811646278852294e+01
5.513102620524104935e+00,5.312781656319068446e+01
5.515103020604120942e+00,5.523363926268292801e+01
5.517103420684136950e+00,5.515571992849574912e+01
5.519103820764152957e+00,5.505319808398505188e+01
5.521104220844168964e+00,5.493351567531001933e+01
5.523104620924184971e+00,5.480260272396853338e+01
5.525105021004200978e+00,5.270767674639535727e+01
5.527105421084216985e+00,5.266383396411708873e+01
5.529105821164232992e+00,5.263916260205316178e+01
5.531106221244248999e+00,5.262936101618903706e+01
5.533106621324265006e+00,5.263089783250420339e+01
5.535107021404281014e+00,5.264088774193461973e+01
5.537107421484297021e+00,5.265698566997521368e+01
5.539107821564313028e+00,5.267729694967835030e+01
5.541108221644329035e+00,5.270030133258698868e+01
5.543108621724345042e+00,5.272478889517938683e+01
5.545109021804361049e+00,5.274980612120969425e+01
5.547109421884377056e+00,5.277461065415251795e+01
5.549109821964393063e+00,5.279863341102740293e+01
5.551110222044409070e+00,5.282144692861049862e+01
5.553110622124425078e+00,5.284273897268742815e+01
5.555111022204441085e+00,5.286229058190970420e+01
5.557111422284457092e+00,5.287995784096942486e+01
5.559111822364473099e+00,5.289565678434380658e+01
5.561112222444489106e+00,5.501778829292497619e+01
5.563112622524505113e+00,5.493444809059356260e+01
5.565113022604521120e+00,5.482596622558548916e+01
5.567113422684537127e+00,5.469999465760623991e+01
5.569113822764553134e+00,5.456263017396667436e+01
5.571114222844569142e+00,5.243988141455891849e+01
5.573114622924585149e+00,5.239011955423688249e+01
5.575115023004601156e+00,5.236002073787378919e+01
5.577115423084617163e+00,5.234524123648630223e+01
5.579115823164633170e+00,5.234221192002877387e+01
5.581116223244649177e+00,5.234801336166909635e+01
5.583116623324665184e+00,5.236026947775309281e+01
5.585117023404681191e+00,5.237705728890543355e+01
5.587117423484697198e+00,5.239683060553591076e+01
5.589117823564713206e+00,5.241835567252141459e+01
5.591118223644729213e+00,5.244065703721924621e+01
5.593118623724745220e+00,5.246297212287240086e+01
5.595119023804761227e+00,5.248471319042118921e+01
5.597119423884777234e+00,5.250543555325397449e+01
5.599119823964793241e+00,5.252481107108518188e+01
5.601120224044809248e+00,5.254260609134482962e+01
5.603120624124825255e+00,5.466564234502891395e+01
5.605121024204841262e+00,5.458494047771633717e+01
5.607121424284857270e+00,5.447916207950832046e+01
5.609121824364873277e+00,5.435590419385125216e+01
5.611122224444889284e+00,5.422122074202564335e+01
5.613122624524905291e+00,5.210250633562877454e+01
5.615123024604921298e+00,5.205502155684740728e+01
5.617123424684937305e+00,5.202715726343357261e+01
5.619123824764953312e+00,5.201454197301876547e+01
5.621124224844969319e+00,5.201358642905331919e+01
5.623124624924985326e+00,5.202135713175958642e+01
5.625125025005001334e+00,5.203546871125256246e+01
5.627125425085017341e+00,5.205399266809087777e+01
5.629125825165033348e+00,5.207538023657526338e+01
5.631126225245049355e+00,5.209839736706869218e+01
5.633126625325065362e+00,5.212207006087746208e+01
5.635127025405081369e+00,5.214563851498641611e+01
5.637127425485097376e+00,5.216851873983925003e+01
5.639127825565113383e+00,5.219027049866288337e+01
5.641128225645129390e+00,5.221057058157403929e+01
5.643128625725145397e+00,5.222919057236457263e+01
5.645129025805161405e+00,5.224597839159568480e+01
5.647129425885177412e+00,5.226084300857752396e+01
5.649129825965193419e+00,5.439332372820912553e+01
5.651130226045209426e+00,5.430901682683867193e+01
5.653130626125225433e+00,5.419935843610095105e+01
5.655131026205241440e+00,5.407206308291186048e+01
5.657131426285257447e+00,5.393327769890901635e+01
5.659131826365273454e+00,5.179763146748722136e+01
5.661132226445289461e+00,5.174634133108558842e+01
5.663132626525305469e+00,5.171501959355662592e+01
5.665133026605321476e+00,5.169925713460544614e+01
5.667133426685337483e+00,5.169543216702597732e+01
5.669133826765353490e+00,5.170058285601967896e+01
5.671134226845369497e+00,5.171229897857944735e+01
5.673134626925385504e+00,5.172863010059705857e+01
5.675135027005401511e+00,5.174800799143335439e+01
5.677135427085417518e+00,5.176918124562915580e+01
5.679135827165433525e+00,5.179116032513366719e+01
5.681136227245449533e+00,5.181317146431444343e+01
5.683136627325465540e+00,5.183461808943636839e+01
5.685137027405481547e+00,5.185504859236208830e+01
5.687137427485497554e+00,5.187412946516116108e+01
5.689137827565513561e+00,5.189162294823344013e+01
5.691138227645528680e+00,5.190736847175976720e+01
5.693138627725544687e+00,5.192126727987736956e+01
5.695139027805560694e+00,5.406141529177590144e+01
5.697139427885576701e+00,5.397606628824506458e+01
5.699139827965592708e+00,5.386526520671190355e+01
5.701140228045608715e+00,5.373676616396853234e+01
5.703140628125624723e+00,5.359674738489130874e+01
5.705141028205640730e+00,5.145118475708427042e+01
5.707141428285656737e+00,5.139875340184136121e+01
5.709141828365672744e+00,5.136651224716506903e+01
5.711142228445688751e+00,5.135000830271177108e+01
5.713142628525704758e+00,5.134558408280435060e+01
5.715143028605720765e+00,5.135024868183836588e+01
5.717143428685736772e+00,5.136156819443555577e+01
5.719143828765752779e+00,5.137757289463562671e+01
5.721144228845768787e+00,5.139667884422863864e+01
5.723144628925784794e+00,5.141762186115722955e+01
5.725145029005800801e+00,5.143940203085875851e+01
5.727145429085816808e+00,5.146123717867688896e+01
5.729145829165832815e+00,5.148252393605910981e+01
5.731146229245848822e+00,5.150280522506946568e+01
5.733146629325864829e+00,5.152174315578321284e+01
5.735147029405880836e+00,5.153909647961193485e+01
5.737147429485896843e+00,5.155470187038305596e+01
5.739147829565912851e+00,5.156845841648161866e+01
5.741148229645928858e+00,5.158031480252334688e+01
5.743148629725944865e+00,5.373089365983416599e+01
5.745149029805960872e+00,5.364315424565806723e+01
5.747149429885976879e+00,5.352978952591039530e+01
5.749149829965992886e+00,5.339863056973244682e+01
5.751150230046008893e+00,5.325591631822703675e+01
5.753150630126024900e+00,5.109509443660934380e+01
5.755151030206040907e+00,5.104024775501560640e+01
5.757151430286056915e+00,5.100591047017466906e+01
5.759151830366072922e+00,5.098757966328491875e+01
5.761152230446088929e+00,5.098155634160557526e+01
5.763152630526104936e+00,5.098481496803746182e+01
5.765153030606120943e+00,5.099489264241769604e+01
5.767153430686136950e+00,5.100979528358697479e+01
5.769153830766152957e+00,5.102791843168569841e+01
5.771154230846168964e+00,5.104798056217911295e+01
5.773154630926184971e+00,5.106896706379629336e+01
5.775155031006200979e+00,5.109008327447389775e+01
5.777155431086216986e+00,5.111071518887501242e+01
5.779155831166232993e+00,5.113039664732298917e+01
5.781156231246249000e+00,5.114878198855640079e+01
5.783156631326265007e+00,5.116562330003242209e+01
5.785157031406281014e+00,5.118075152996222954e+01
5.787157431486297021e+00,5.119406083824758014e+01
5.789157831566313028e+00,5.120549565991158403e+01
5.791158231646329035e+00,5.336240897985526743e+01
5.793158631726345043e+00,5.327413350508590639e+01
5.795159031806361050e+00,5.316011040412304567e+01
5.797159431886377057e+00,5.302820775494940619e+01
5.799159831966393064e+00,5.288469412136618786e+01
5.801160232046409071e+00,5.071623397564496116e+01
5.803160632126425078e+00,5.066055620940952053e+01
5.805161032206441085e+00,5.062556591216580415e+01
5.807161432286457092e+00,5.060672187174679237e+01
5.809161832366473099e+00,5.060029425224873734e+01
5.811162232446489107e+00,5.060323267414529624e+01
5.813162632526505114e+00,5.061305423915527513e+01
5.815163032606521121e+00,5.062774878662629163e+01
5.817163432686537128e+00,5.064569895236835606e+01
5.819163832766553135e+00,5.066561288376437489e+01
5.821164232846569142e+00,5.068646773395709459e+01
5.823164632926585149e+00,5.070746230579050007e+01
5.825165033006601156e+00,5.072797744122600250e+01
5.827165433086617163e+00,5.074754295125694625e+01
5.829165833166633170e+00,5.076581005769552490e+01
5.831166233246649178e+00,5.078252847108196022e+01
5.833166633326665185e+00,5.079752736187096929e+01
5.835167033406681192e+00,5.081069959610298525e+01
5.837167433486697199e+00,5.082198870445660788e+01
5.839167833566713206e+00,5.083137813689744888e+01
5.841168233646729213e+00,5.299479003274099398e+01
5.843168633726745220e+00,5.290429328091598649e+01
5.845169033806761227e+00,5.278793513283324046e+01
5.847169433886777234e+00,5.265364259952277592e+01
5.849169833966793242e+00,5.250773052956740372e+01
5.851170234046809249e+00,5.032823669730695570e+01
5.853170634126825256e+00,5.027030567372658254e+01
5.855171034206841263e+00,5.023333920031082300e+01
5.857171434286857270e+00,5.021275386452884959e+01
5.859171834366873277e+00,5.020478476071683360e+01
5.861172234446889284e+00,5.020635223133503189e+01
5.863172634526905291e+00,5.021494882810240767e+01
5.865173034606921298e+00,5.022854371880932689e+01
5.867173434686937306e+00,5.024550206438434685e+01
5.869173834766953313e+00,5.026451718422669757e+01
5.871174234846969320e+00,5.028455360473707714e+01
5.873174634926985327e+00,5.030479934045390422e+01
5.875175035007001334e+00,5.032462598663595799e+01
5.877175435087017341e+00,5.034355540531107209e+01
5.879175835167033348e+00,5.036123196573765171e+01
5.881176235247049355e+00,5.037739945559697929e+01
5.883176635327065362e+00,5.039188191346308798e+01
5.885177035407081370e+00,5.040456774857874933e+01
5.887177435487097377e+00,5.041539661288391017e+01
5.889177835567113384e+00,5.042434857400709092e+01
5.891178235647129391e+00,5.043143520980672179e+01
5.893178635727145398e+00,5.260243970466306962e+01
5.895179035807161405e+00,5.250951613927433925e+01
5.897179435887177412e+00,5.239063589071191274e+01
5.899179835967193419e+00,5.225378435480801897e+01
5.901180236047209426e+00,5.210532196615395861e+01
5.903180636127225434e+00,4.991333392672470382e+01
5.905181036207241441e+00,4.985306006870880680e+01
5.907181436287257448e+00,4.981406330729745946e+01
5.909181836367273455e+00,4.979171106782106904e+01
5.911182236447289462e+00,4.978219762800497961e+01
5.913182636527305469e+00,4.978240931081722920e+01
5.915183036607321476e+00,4.978981020907031763e+01
5.917183436687337483e+00,4.980234560031692581e+01
5.919183836767353490e+00,4.981836052447000895e+01
5.921184236847369498e+00,4.983653130194105074e+01
5.923184636927385505e+00,4.985580805589230380e+01
5.925185037007401512e+00,4.987536656365761445e+01
5.927185437087417519e+00,4.989456799687966537e+01
5.929185837167433526e+00,4.991292531750461592e+01
5.931186237247449533e+00,4.993007527855934313e+01
5.933186637327465540e+00,4.994575513653619936e+01
5.935187037407481547e+00,4.995978331847628340e+01
5.937187437487497554e+00,4.997204340373505715e+01
5.939187837567513562e+00,4.998247088034943886e+01
5.941188237647529569e+00,4.999104222101050254e+01
5.943188637727545576e+00,4.999776589580003616e+01
5.945189037807561583e+00,5.000267500008280308e+01
5.947189437887577590e+00,5.218168033351631152e+01
5.949189837967593597e+00,5.208646316669393883e+01
5.951190238047609604e+00,5.196519177867136818e+01
5.953190638127625611e+00,5.182590894408483706e+01
5.955191038207641618e+00,4.960039983044782730e+01
5.957191438287657625e+00,4.954093605397206090e+01
5.959191838367673633e+00,4.950049309427740951e+01
5.961192238447689640e+00,4.947497219527021883e+01
5.963192638527705647e+00,4.946100439083018330e+01
5.965193038607721654e+00,4.945583148427728304e+01
5.967193438687737661e+00,4.945720520448850266e+01
5.969193838767753668e+00,4.946330200449285996e+01
5.971194238847769675e+00,4.947265125505725791e+01
5.973194638927785682e+00,4.948407486149388035e+01
5.975195039007801689e+00,4.949663658878099426e+01
5.977195439087817697e+00,4.950959961351806982e+01
5.979195839167833704e+00,4.952239103013218369e+01
5.981196239247849711e+00,4.953457222298914076e+01
5.983196639327865718e+00,4.954581417717056979e+01
5.985197039407881725e+00,4.955587694047360969e+01
5.987197439487897732e+00,5.173254896242544021e+01
5.989197839567913739e+00,5.164347085472503807e+01
5.991198239647929746e+00,5.152848602291705760e+01
5.993198639727945753e+00,4.930201366938847229e+01
5.995199039807961761e+00,4.925510530787668984e+01
5.997199439887977768e+00,4.922364876831467484e+01
5.999199839967993775e+00,4.920423489406161366e+01
6.001200240048009782e+00,4.919406691688419642e+01
6.003200640128025789e+00,4.919086010993807179e+01
6.005201040208041796e+00,4.919275683257387044e+01
6.007201440288057803e+00,4.919825480477403090e+01
6.009201840368073810e+00,4.920614669891837423e+01
6.011202240448089817e+00,4.921546937479358519e+01
6.013202640528105825e+00,4.922546130410170662e+01
6.015203040608121832e+00,4.923552693048090845e+01
6.017203440688137839e+00,4.924520688885742459e+01
6.019203840768153846e+00,5.142004886980628697e+01
6.021204240848169853e+00,5.133172167141562880e+01
6.023204640928185860e+00,5.121783734429104840e+01
6.025205041008201867e+00,4.899493447863941498e+01
6.027205441088217874e+00,4.894937000891980006e+01
6.029205841168233881e+00,4.891939407167179610e+01
6.031206241248249889e+00,4.890154088424404932e+01
6.033206641328265896e+00,4.889296913508448483e+01
6.035207041408281903e+00,4.889135940915016221e+01
6.037207441488297910e+00,4.889482739949995960e+01
6.039207841568313917e+00,4.890185067336901881e+01
6.041208241648329924e+00,4.891120702293628852e+01
6.043208641728345931e+00,4.892192267992679433e+01
6.045209041808361938e+00,4.893322890150449922e+01
6.047209441888377945e+00,4.894452564171871956e+01
6.049209841968393953e+00,4.895535120609697088e+01
6.051210242048409960e+00,4.896535694829623253e+01
6.053210642128425967e+00,4.897428620823436063e+01
6.055211042208441974e+00,4.898195681241965360e+01
6.057211442288457981e+00,4.898824656188187987e+01
6.059211842368473988e+00,5.117900248216565018e+01
6.061212242448489995e+00,5.108544191018555836e+01
6.063212642528506002e+00,5.096570172279113820e+01
6.065213042608522009e+00,5.082783184910581298e+01
6.067213442688538017e+00,4.859369702152499571e+01
6.069213842768554024e+00,4.853531647187792686e+01
6.071214242848570031e+00,4.849619854384442874e+01
6.073214642928586038e+00,4.827539159359357512e+01
6.075215043008602045e+00,4.826932722208190540e+01
6.077215443088618052e+00,4.827404011353459623e+01
6.079215843168634059e+00,4.828668320509842715e+01
6.081216243248650066e+00,4.830495579385311089e+01
6.083216643328666073e+00,4.853884080826276914e+01
6.085217043408682080e+00,4.855535403248372717e+01
6.087217443488698088e+00,4.857098652994260846e+01
6.089217843568714095e+00,4.858541755061681044e+01
6.091218243648730102e+00,4.859841544567836280e+01
6.093218643728746109e+00,4.860982094708002421e+01
6.095219043808762116e+00,4.861953316216134624e+01
6.097219443888778123e+00,4.862749788686190300e+01
6.099219843968794130e+00,4.863369789033799861e+01
6.101220244048810137e+00,4.863814486916902524e+01
6.103220644128826144e+00,4.864087281085902958e+01
6.105221044208842152e+00,4.864193254295559399e+01
6.107221444288858159e+00,4.864138727698232145e+01
6.109221844368874166e+00,5.083062814155712772e+01
6.111222244448890173e+00,5.072979266353966921e+01
6.113222644528906180e+00,5.060283166172777669e+01
6.115223044608922187e+00,5.045788874525866419e+01
6.117223444688938194e+00,4.821223195379471349e+01
6.119223844768954201e+00,4.814746260025662394e+01
6.121224244848970208e+00,4.810236630285302084e+01
6.123224644928986216e+00,4.789360946645140871e+01
6.125225045009002223e+00,4.788180827642022308e+01
6.127225445089018230e+00,4.788098760594158421e+01
6.129225845169034237e+00,4.788832967871780255e+01
6.131226245249050244e+00,4.790155357359569877e+01
6.133226645329066251e+00,4.811138936059792570e+01
6.135227045409082258e+00,4.812406569150483904e+01
6.137227445489098265e+00,4.813630957952474176e+01
6.139227845569114272e+00,4.814774560741872023e+01
6.141228245649130280e+00,4.815809464752520341e+01
6.143228645729146287e+00,4.816715608509800006e+01
6.145229045809161406e+00,4.817479292941120406e+01
6.147229445889177413e+00,4.818091938511923900e+01
6.149229845969193420e+00,4.818549051176973563e+01
6.151230246049209427e+00,4.818849364944344416e+01
6.153230646129225434e+00,4.818994133385467649e+01
6.155231046209241441e+00,4.818986546398119941e+01
6.157231446289257448e+00,4.818831252032294543e+01
6.159231846369273455e+00,4.818533966231684929e+01
6.161232246449289462e+00,4.818101155956938442e+01
6.163232646529305470e+00,5.037430947415710136e+01
6.165233046609321477e+00,5.026995719511374006e+01
6.167233446689337484e+00,5.013958261791845672e+01
6.169233846769353491e+00,4.999135926722964740e+01
6.171234246849369498e+00,4.773490976136459096e+01
6.173234646929385505e+00,4.766723986091952270e+01
6.175235047009401512e+00,4.746474940530519149e+01
6.177235447089417519e+00,4.743765565283910490e+01
6.179235847169433526e+00,4.742444063769354301e+01
6.181236247249449534e+00,4.742179098515603641e+01
6.183236647329465541e+00,4.742701182428500317e+01
6.185237047409481548e+00,4.743792054081468734e+01
6.187237447489497555e+00,4.745275816781667544e+01
6.189237847569513562e+00,4.764158714606495693e+01
6.191238247649529569e+00,4.765381828071900117e+01
6.193238647729545576e+00,4.766492655011907686e+01
6.195239047809561583e+00,4.767471163404039203e+01
6.197239447889577590e+00,4.768303635754046610e+01
6.199239847969593598e+00,4.768981456325072799e+01
6.201240248049609605e+00,4.769500095696191266e+01
6.203240648129625612e+00,4.769858264141028314e+01
6.205241048209641619e+00,4.770057208721577524e+01
6.207241448289657626e+00,4.770100132233771006e+01
6.209241848369673633e+00,4.769991715062393212e+01
6.211242248449689640e+00,4.769737723651772399e+01
6.213242648529705647e+00,4.769344691653808610e+01
6.215243048609721654e+00,4.768819661853468261e+01
6.217243448689737662e+00,4.768169978788819918e+01
6.219243848769753669e+00,4.987665640790126531e+01
6.221244248849769676e+00,4.977029480065340294e+01
6.223244648929785683e+00,4.963793479178387003e+01
6.225245049009801690e+00,4.736030566813837339e+01
6.227245449089817697e+00,4.729727826266624646e+01
6.229245849169833704e+00,4.725100042944068690e+01
6.231246249249849711e+00,4.721796054298548029e+01
6.233246649329865718e+00,4.719526868581774437e+01
6.235247049409881726e+00,4.718055476523789338e+01
6.237247449489897733e+00,4.717188244114083773e+01
6.239247849569913740e+00,4.716767657596052743e+01
6.241248249649929747e+00,4.716666220495593365e+01
6.243248649729945754e+00,4.716781329037226556e+01
6.245249049809961761e+00,4.717030976196584646e+01
6.247249449889977768e+00,4.717350155995949734e+01
6.249249849969993775e+00,4.717687858368767451e+01
6.251250250050009782e+00,4.718004561240228156e+01
6.253250650130025790e+00,4.718270140628879261e+01
6.255251050210041797e+00,4.718462131691019579e+01
6.257251450290057804e+00,4.718564284061665148e+01
6.259251850370073811e+00,4.718565363694084880e+01
6.261252250450089818e+00,4.718458160958001457e+01
6.263252650530105825e+00,4.938966652440097960e+01
6.265253050610121832e+00,4.928890723527550932e+01
6.267253450690137839e+00,4.916188783672295415e+01
6.269253850770153846e+00,4.688406398980682610e+01
6.271254250850169853e+00,4.671506698156603932e+01
6.273254650930185861e+00,4.667646761224334284e+01
6.275255051010201868e+00,4.665214820762724912e+01
6.277255451090217875e+00,4.663885032705269396e+01
6.279255851170233882e+00,4.663391579812671495e+01
6.281256251250249889e+00,4.663518419938584003e+01
6.283256651330265896e+00,4.664090727945247039e+01
6.285257051410281903e+00,4.664967758128005215e+01
6.287257451490297910e+00,4.666036896481656271e+01
6.289257851570313917e+00,4.667208708524680816e+01
6.291258251650329925e+00,4.668412819358191967e+01
6.293258651730345932e+00,4.682322463221848352e+01
6.295259051810361939e+00,4.682911060314396678e+01
6.297259451890377946e+00,4.683283085386538858e+01
6.299259851970393953e+00,4.683452531752691073e+01
6.301260252050409960e+00,4.683432916386724543e+01
6.303260652130425967e+00,4.683237242597208194e+01
6.305261052210441974e+00,4.682877969212815827e+01
6.307261452290457981e+00,4.682366987374799550e+01
6.309261852370473989e+00,4.681715605114186474e+01
6.311262252450489996e+00,4.902219136539073929e+01
6.313262652530506003e+00,4.891532093242460633e+01
6.315263052610522010e+00,4.878214897400003025e+01
6.317263452690538017e+00,4.649338003213822645e+01
6.319263852770554024e+00,4.633740676565756900e+01
6.321264252850570031e+00,4.629280128669490324e+01
6.323264652930586038e+00,4.626260128587237119e+01
6.325265053010602045e+00,4.624359774673736467e+01
6.327265453090618053e+00,4.623316880417461050e+01
6.329265853170634060e+00,4.622917966269105960e+01
6.331266253250650067e+00,4.622989904820172313e+01
6.333266653330666074e+00,4.623392952411944634e+01
6.335267053410682081e+00,4.624014941852495753e+01
6.337267453490698088e+00,4.624766446522095009e+01
6.339267853570714095e+00,4.625576756433994774e+01
6.341268253650730102e+00,4.626390532491492991e+01
6.343268653730746109e+00,4.627165026865850450e+01
6.345269053810762117e+00,4.638529554115279296e+01
6.347269453890778124e+00,4.638671505388823846e+01
6.349269853970794131e+00,4.638599188732525391e+01
6.351270254050810138e+00,4.638332314055369920e+01
6.353270654130826145e+00,4.637888709103596341e+01
6.355271054210842152e+00,4.637284540796266441e+01
6.357271454290858159e+00,4.636534500414808235e+01
6.359271854370874166e+00,4.635651960301206032e+01
6.361272254450890173e+00,4.634649107875652874e+01
6.363272654530906181e+00,4.633537061417612080e+01
6.365273054610922188e+00,4.854302703219708803e+01
6.367273454690938195e+00,4.843189640300877130e+01
6.369273854770954202e+00,4.829463239098272709e+01
6.371274254850970209e+00,4.599518052686506309e+01
6.373274654930986216e+00,4.585972558375126340e+01
6.375275055011002223e+00,4.581103330412373253e+01
6.377275455091018230e+00,4.577686440835667980e+01
6.379275855171034237e+00,4.575403843701304396e+01
6.381276255251050245e+00,4.573995383149571836e+01
6.383276655331066252e+00,4.573248940044088329e+01
6.385277055411082259e+00,4.572992206764975975e+01
6.387277455491098266e+00,4.573085826942762822e+01
6.389277855571114273e+00,4.573417678077568382e+01
6.391278255651130280e+00,4.573898110126295080e+01
6.393278655731146287e+00,4.574455983050788888e+01
6.395279055811162294e+00,4.575035371647860671e+01
6.397279455891178301e+00,4.575592827340457802e+01
6.399279855971194308e+00,4.576095104631670551e+01
6.401280256051210316e+00,4.576517275037986110e+01
6.403280656131226323e+00,4.576841164007636564e+01
6.405281056211242330e+00,4.577054056966753848e+01
6.407281456291258337e+00,4.585106481730605310e+01
6.409281856371274344e+00,4.584695716913156360e+01
6.411282256451290351e+00,4.584083242477321107e+01
6.413282656531306358e+00,4.583293500186746883e+01
6.415283056611322365e+00,4.582347746554003010e+01
6.417283456691338372e+00,4.581264519568746607e+01
6.419283856771354380e+00,4.580060028851750076e+01
6.421284256851370387e+00,4.578748482985232471e+01
6.423284656931386394e+00,4.577342365112184552e+01
6.425285057011402401e+00,4.575852665800302788e+01
6.427285457091418408e+00,4.797367332681839969e+01
6.429285857171434415e+00,4.785897001366190295e+01
6.431286257251450422e+00,4.771817669793153982e+01
6.433286657331466429e+00,4.536726159507548317e+01
6.435287057411482436e+00,4.529681228389421221e+01
6.437287457491498444e+00,4.524461655476223143e+01
6.439287857571514451e+00,4.520688096075478768e+01
6.441288257651530458e+00,4.518049053794184289e+01
6.443288657731546465e+00,4.516289418925876475e+01
6.445289057811562472e+00,4.515200890663478361e+01
6.447289457891578479e+00,4.514613980888716327e+01
6.449289857971594486e+00,4.514391343825329983e+01
6.451290258051610493e+00,4.514422215865877774e+01
6.453290658131626500e+00,4.514617784044055071e+01
6.455291058211642508e+00,4.514907330680787112e+01
6.457291458291658515e+00,4.515235026327790280e+01
6.459291858371674522e+00,4.515557263890048745e+01
6.461292258451690529e+00,4.515840444294769185e+01
6.463292658531706536e+00,4.516059138754991409e+01
6.465293058611722543e+00,4.516194564999456418e+01
6.467293458691738550e+00,4.516233325159055312e+01
6.469293858771754557e+00,4.516166361629232284e+01
6.471294258851770564e+00,4.515988094461862801e+01
6.473294658931786572e+00,4.515695709858882623e+01
6.475295059011802579e+00,4.515288574395358978e+01
6.477295459091818586e+00,4.514767753795282346e+01
6.479295859171834593e+00,4.514135618600320754e+01
6.481296259251850600e+00,4.513395522010877414e+01
6.483296659331866607e+00,4.516745565921478800e+01
6.485297059411882614e+00,4.515552325358442687e+01
6.487297459491898621e+00,4.514224032265834552e+01
6.489297859571914628e+00,4.512779881612991062e+01
6.491298259651930636e+00,4.511236271672153464e+01
6.493298659731946643e+00,4.509607237405477775e+01
6.495299059811962650e+00,4.507904812520157378e+01
6.497299459891978657e+00,4.506139332514730000e+01
6.499299859971994664e+00,4.728752641609142415e+01
6.501300260052010671e+00,4.717014839293030093e+01
6.503300660132026678e+00,4.702660791656938954e+01
6.505301060212042685e+00,4.469720843749119155e+01
6.507301460292058692e+00,4.462266071734064354e+01
6.509301860372074700e+00,4.456640791571552285e+01
6.511302260452090707e+00,4.452470227317210316e+01
6.513302660532106714e+00,4.449446337761498427e+01
6.515303060612122721e+00,4.447316550533806634e+01
6.517303460692138728e+00,4.445874350416107745e+01
6.519303860772154735e+00,4.444951423405059643e+01
6.521304260852170742e+00,4.444411104296235493e+01
6.523304660932186749e+00,4.444142915246023051e+01
6.525305061012202756e+00,4.444058016569869807e+01
6.527305461092218763e+00,4.444085419766065570e+01
6.529305861172234771e+00,4.444168837017983265e+01
6.531306261252250778e+00,4.444264061900676666e+01
6.533306661332266785e+00,4.444336793242208472e+01
6.535307061412282792e+00,4.444360828535835140e+01
6.537307461492298799e+00,4.444316565427380539e+01
6.539307861572314806e+00,4.444189759942315732e+01
6.541308261652330813e+00,4.443970498596365815e+01
6.543308661732346820e+00,4.443652348632723914e+01
6.545309061812362827e+00,4.443231656557395581e+01
6.547309461892378835e+00,4.442706970072765671e+01
6.549309861972394842e+00,4.442078562659261820e+01
6.551310262052410849e+00,4.441348043485973562e+01
6.553310662132426856e+00,4.440518038212104557e+01
6.555311062212442863e+00,4.439591928642933993e+01
6.557311462292458870e+00,4.438573641196538944e+01
6.559311862372474877e+00,4.437467475823075347e+01
6.561312262452490884e+00,4.436277968394141169e+01
6.563312662532506891e+00,4.435009780759737907e+01
6.565313062612522899e+00,4.433667613626253257e+01
6.567313462692538906e+00,4.432256138234630782e+01
6.569313862772554913e+00,4.430779943475176452e+01
6.571314262852570920e+00,4.429243495662576890e+01
6.573314662932586927e+00,4.427651108636597854e+01
6.575315063012602934e+00,4.426006922281282385e+01
6.577315463092618941e+00,4.424314887852037970e+01
6.579315863172634948e+00,4.422578758791487274e+01
6.581316263252650955e+00,4.420802085939862280e+01
6.583316663332666963e+00,4.418988216232894217e+01
6.585317063412682970e+00,4.417140294140995138e+01
6.587317463492698977e+00,4.415261265235518806e+01
6.589317863572714984e+00,4.413353881376470866e+01
6.591318263652730991e+00,4.411420707112014128e+01
6.593318663732746998e+00,4.409464126952217100e+01
6.595319063812763005e+00,4.632012891855809045e+01
6.597319463892779012e+00,4.620120709628722011e+01
6.599319863972795019e+00,4.388383050429180088e+01
6.601320264052810138e+00,4.381782323750468322e+01
6.603320664132826145e+00,4.376545501475886368e+01
6.605321064212842153e+00,4.372399968166094197e+01
6.607321464292858160e+00,4.369121254703683377e+01
6.609321864372874167e+00,4.366524930028954543e+01
6.611322264452890174e+00,4.364459828177368905e+01
6.613322664532906181e+00,4.362802394921649096e+01
6.615323064612922188e+00,4.361451972025967905e+01
6.617323464692938195e+00,4.360326865947392605e+01
6.619323864772954202e+00,4.359361072300102080e+01
6.621324264852970209e+00,4.358501548167544115e+01
6.623324664932986217e+00,4.357705941859052245e+01
6.625325065013002224e+00,4.356940704460997438e+01
6.627325465093018231e+00,4.356179519924037891e+01
6.629325865173034238e+00,4.355402000830751064e+01
6.631326265253050245e+00,4.354592605689130380e+01
6.633326665333066252e+00,4.353739740884690690e+01
6.635327065413082259e+00,4.352835016525454392e+01
6.637327465493098266e+00,4.351872630495731187e+01
6.639327865573114273e+00,4.350848859287381742e+01
6.641328265653130281e+00,4.349761637738657072e+01
6.643328665733146288e+00,4.348610212752028303e+01
6.645329065813162295e+00,4.347394858561425934e+01
6.647329465893178302e+00,4.346116643161708737e+01
6.649329865973194309e+00,4.344777237247740942e+01
6.651330266053210316e+00,4.343378758441446053e+01
6.653330666133226323e+00,4.341923644790534809e+01
6.655331066213242330e+00,4.340414552518023328e+01
6.657331466293258337e+00,4.338854273840095033e+01
6.659331866373274345e+00,4.337245671362949651e+01
6.661332266453290352e+00,4.335591626163339640e+01
6.663332666533306359e+00,4.333894997125446480e+01
6.665333066613322366e+00,4.332158589531674409e+01
6.667333466693338373e+00,4.330385131219763650e+01
6.669333866773354380e+00,4.328577254934359075e+01
6.671334266853370387e+00,4.326737485699214147e+01
6.673334666933386394e+00,4.324868232267661483e+01
6.675335067013402401e+00,4.322971781842444017e+01
6.677335467093418409e+00,4.321050297424050513e+01
6.679335867173434416e+00,4.319105817230235544e+01
6.681336267253450423e+00,4.317140255749696820e+01
6.683336667333466430e+00,4.315155406055323795e+01
6.685337067413482437e+00,4.313152943083175472e+01
6.687337467493498444e+00,4.311134427615805009e+01
6.689337867573514451e+00,4.309101310789969830e+01
6.691338267653530458e+00,4.527449195756733502e+01
6.693338667733546465e+00,4.515790708840736301e+01
6.695339067813562473e+00,4.288365635722688296e+01
6.697339467893578480e+00,4.281700131014947885e+01
6.699339867973594487e+00,4.276401347681126452e+01
6.701340268053610494e+00,4.272196522443531563e+01
6.703340668133626501e+00,4.268861086556724160e+01
6.705341068213642508e+00,4.266210531099097381e+01
6.707341468293658515e+00,4.264093617740517317e+01
6.709341868373674522e+00,4.262386716032268907e+01
6.711342268453690529e+00,4.260989082909446068e+01
6.713342668533706536e+00,4.259818929630367279e+01
6.715343068613722544e+00,4.258810146344828240e+01
6.717343468693738551e+00,4.257909575611936503e+01
6.719343868773754558e+00,4.257074743940390249e+01
6.721344268853770565e+00,4.256271975363497262e+01
6.723344668933786572e+00,4.255474823571484677e+01
6.725345069013802579e+00,4.254662769607590889e+01
6.727345469093818586e+00,4.253820140893365931e+01
6.729345869173834593e+00,4.252935214700279687e+01
6.731346269253850600e+00,4.251999475256343430e+01
6.733346669333866608e+00,4.251006998844096074e+01
6.735347069413882615e+00,4.249953945446375769e+01
6.737347469493898622e+00,4.248838139103494882e+01
6.739347869573914629e+00,4.247658722077093785e+01
6.741348269653930636e+00,4.246415870404806725e+01
6.743348669733946643e+00,4.245110560488723195e+01
6.745349069813962650e+00,4.243744378082173085e+01
6.747349469893978657e+00,4.242319362479750566e+01
6.749349869973994664e+00,4.240837879893189921e+01
6.751350270054010672e+00,4.239302521033852145e+01
6.753350670134026679e+00,4.237716018702641207e+01
6.755351070214042686e+00,4.236081181941464990e+01
6.757351470294058693e+00,4.234400843826595917e+01
6.759351870374074700e+00,4.232677820512660105e+01
6.761352270454090707e+00,4.230914879517474958e+01
6.763352670534106714e+00,4.229114715568629634e+01
6.765353070614122721e+00,4.227279932642852600e+01
6.767353470694138728e+00,4.225413031035078859e+01
6.769353870774154736e+00,4.223516398502971469e+01
6.771354270854170743e+00,4.221592304703146681e+01
6.773354670934186750e+00,4.219642898250636165e+01
6.775355071014202757e+00,4.217670205878219747e+01
6.777355471094218764e+00,4.215676133224875599e+01
6.779355871174234771e+00,4.213662466918185601e+01
6.781356271254250778e+00,4.211630877611694501e+01
6.783356671334266785e+00,4.209582923764596529e+01
6.785357071414282792e+00,4.207520055938927328e+01
6.787357471494298800e+00,4.205443621463828663e+01
6.789357871574314807e+00,4.203354869326633292e+01
6.791358271654330814e+00,4.201254955195079788e+01
6.793358671734346821e+00,4.199144946468572215e+01
6.795359071814362828e+00,4.197025827317574453e+01
6.797359471894378835e+00,4.194898503631208797e+01
6.799359871974394842e+00,4.192763807855565972e+01
6.801360272054410849e+00,4.190622503678988409e+01
6.803360672134426856e+00,4.188475290549998675e+01
6.805361072214442864e+00,4.186322808005756002e+01
6.807361472294458871e+00,4.184165639810447601e+01
6.809361872374474878e+00,4.182004317886807598e+01
6.811362272454490885e+00,4.179839326049762604e+01
6.813362672534506892e+00,4.177671103531412200e+01
6.815363072614522899e+00,4.175500048308180112e+01
6.817363472694538906e+00,4.173326520233805326e+01
6.819363872774554913e+00,4.171150843978698219e+01
6.821364272854570920e+00,4.168973311784916547e+01
6.823364672934586928e+00,4.166794186047474113e+01
6.825365073014602935e+00,4.164613701721872019e+01
6.827365473094618942e+00,4.162432068572262978e+01
6.829365873174634949e+00,4.160249473264633480e+01
6.831366273254650956e+00,4.158066081318465734e+01
6.833366673334666963e+00,4.155882038911455112e+01
6.835367073414682970e+00,4.153697474565750980e+01
6.837367473494698977e+00,4.151512500701052488e+01
6.839367873574714984e+00,4.149327215079561171e+01
6.841368273654730991e+00,4.147141702139524000e+01
6.843368673734746999e+00,4.144956034228523123e+01
6.845369073814763006e+00,4.142770272742411919e+01
6.847369473894779013e+00,4.140584469173228399e+01
6.849369873974795020e+00,4.138398666079675081e+01
6.851370274054811027e+00,4.136212897971788749e+01
6.853370674134827034e+00,4.134027192134929152e+01
6.855371074214843041e+00,4.131841569376749135e+01
6.857371474294859048e+00,4.129656044718170449e+01
6.859371874374875055e+00,4.127470628023626631e+01
6.861372274454891063e+00,4.125285324579974855e+01
6.863372674534907070e+00,4.123100135625315943e+01
6.865373074614923077e+00,4.120915058830237854e+01
6.867373474694939084e+00,4.118730088735104999e+01
6.869373874774955091e+00,4.116545217157104020e+01
6.871374274854971098e+00,4.114360433547548723e+01
6.873374674934987105e+00,4.112175725326014231e+01
6.875375075015003112e+00,4.109991078180389934e+01
6.877375475095019119e+00,4.107806476334138068e+01
6.879375875175035127e+00,4.105621902795465417e+01
6.881376275255051134e+00,4.103437339577754273e+01
6.883376675335067141e+00,4.101252767893971196e+01
6.885377075415083148e+00,4.099068168340657081e+01
6.887377475495099155e+00,4.096883521052357224e+01
6.889377875575115162e+00,4.094698805847289691e+01
6.891378275655131169e+00,4.092514002353248515e+01
6.893378675735147176e+00,4.090329090119507782e+01
6.895379075815163183e+00,4.088144048717739309e+01
6.897379475895179191e+00,4.085958857826520330e+01
6.899379875975195198e+00,4.083773497311347001e+01
6.901380276055211205e+00,4.081587947288565488e+01
6.903380676135227212e+00,4.079402188185255795e+01
6.905381076215243219e+00,4.077216200787329115e+01
6.907381476295259226e+00,4.075029966281382343e+01
6.909381876375275233e+00,4.072843466292386694e+01
6.911382276455291240e+00,4.070656682910615132e+01
6.913382676535307247e+00,4.068469598715998359e+01
6.915383076615323255e+00,4.066282196800512594e+01
6.917383476695339262e+00,4.064094460777794637e+01
6.919383876775355269e+00,4.061906374798630281e+01
6.921384276855371276e+00,4.059717923554409680e+01
6.923384676935387283e+00,4.057529092284595151e+01
6.925385077015403290e+00,4.055339866777174507e+01
6.927385477095419297e+00,4.053150233366169175e+01
6.929385877175435304e+00,4.050960178930762368e+01
6.931386277255451311e+00,4.048769690889221096e+01
6.933386677335467319e+00,4.046578757192899189e+01
6.935387077415483326e+00,4.044387366317052823e+01
6.937387477495499333e+00,4.042195507254742637e+01
6.939387877575515340e+00,4.040003169500634783e+01
6.941388277655531347e+00,4.037810343048013095e+01
6.943388677735547354e+00,4.035617018369796227e+01
6.945389077815563361e+00,4.033423186410177408e+01
6.947389477895579368e+00,4.031228838571730222e+01
6.949389877975595375e+00,4.029033966699550007e+01
6.951390278055611383e+00,4.026838563070266019e+01
6.953390678135627390e+00,4.024642620379029978e+01
6.955391078215643397e+00,4.022446131723101814e+01
6.957391478295659404e+00,4.020249090590728969e+01
6.959391878375675411e+00,4.018051490845876117e+01
6.961392278455691418e+00,4.015853326715102156e+01
6.963392678535707425e+00,4.013654592774876306e+01
6.965393078615723432e+00,4.011455283937463179e+01
6.967393478695739439e+00,4.009255395438242431e+01
6.969393878775755446e+00,4.007054922823020604e+01
6.971394278855771454e+00,4.004853861932920722e+01
6.973394678935787461e+00,4.002652208897321628e+01
6.975395079015803468e+00,4.000449960117229864e+01
6.977395479095819475e+00,3.998247112255229041e+01
6.979395879175835482e+00,3.996043662225095261e+01
6.981396279255851489e+00,3.993839607178426832e+01
6.983396679335867496e+00,3.991634944495461212e+01
6.985397079415883503e+00,3.989429671775885566e+01
6.987397479495899510e+00,3.987223786826337601e+01
6.989397879575915518e+00,3.985017287651262308e+01
6.991398279655931525e+00,3.982810172445819319e+01
6.993398679735947532e+00,3.980602439584001218e+01
6.995399079815963539e+00,3.978394087610818275e+01
6.997399479895979546e+00,3.976185115235976753e+01
6.999399879975995553e+00,3.973975521322885385e+01
7.001400280056011560e+00,3.971765304882107017e+01
7.003400680136027567e+00,3.969554465065608184e+01
7.005401080216043574e+00,3.967343001156329052e+01
7.007401480296059582e+00,3.965130912566066712e+01
7.009401880376075589e+00,3.962918198822214322e+01
7.011402280456091596e+00,3.960704859569768388e+01
7.013402680536107603e+00,3.958490894559084694e+01
7.015403080616123610e+00,3.956276303642444958e+01
7.017403480696139617e+00,3.954061086768962241e+01
7.019403880776155624e+00,3.951845243979655464e+01
7.021404280856171631e+00,3.949628775399693836e+01
7.023404680936187638e+00,3.947411681239237424e+01
7.025405081016203646e+00,3.945193961782819514e+01
7.027405481096219653e+00,3.942975617389703302e+01
7.029405881176235660e+00,3.940756648487357694e+01
7.031406281256251667e+00,3.938537055568387757e+01
7.033406681336267674e+00,3.936316839187770711e+01
7.035407081416283681e+00,3.934095999956375067e+01
7.037407481496299688e+00,3.931874538542429320e+01
7.039407881576315695e+00,3.929652455663712374e+01
7.041408281656331702e+00,3.927429752087606118e+01
7.043408681736347710e+00,3.925206428627475219e+01
7.045409081816363717e+00,3.922982486139085978e+01
7.047409481896379724e+00,3.920757925519460940e+01
7.049409881976395731e+00,3.918532747703221020e+01
7.051410282056411738e+00,3.916306953661506896e+01
7.053410682136427745e+00,3.914080544399504191e+01
7.055411082216443752e+00,3.911853520953533803e+01
7.057411482296458871e+00,3.909625884390710127e+01
7.059411882376474878e+00,3.907397635804899494e+01
7.061412282456490885e+00,3.905168776317623980e+01
7.063412682536506892e+00,3.902939307074662167e+01
7.065413082616522900e+00,3.900709229245203602e+01
7.067413482696538907e+00,3.898478544019950220e+01
7.069413882776554914e+00,3.896247252610618972e+01
7.071414282856570921e+00,3.894015356247819426e+01
7.073414682936586928e+00,3.891782856179592187e+01
7.075415083016602935e+00,3.889549753671559529e+01
7.077415483096618942e+00,3.887316050004411494e+01
7.079415883176634949e+00,3.885081746474439512e+01
7.081416283256650956e+00,3.882846844391588803e+01
7.083416683336666964e+00,3.880611345078488483e+01
7.085417083416682971e+00,3.878375249869322516e+01
7.087417483496698978e+00,3.876138560110182141e+01
7.089417883576714985e+00,3.873901277158308432e+01
7.091418283656730992e+00,3.871663402379353869e+01
7.093418683736746999e+00,3.869424937149250354e+01
7.095419083816763006e+00,3.867185882852370327e+01
7.097419483896779013e+00,3.864946240880708928e+01
7.099419883976795020e+00,3.862706012634078689e+01
7.101420284056811028e+00,3.860465199518500157e+01
7.103420684136827035e+00,3.858223802948199221e+01
7.105421084216843042e+00,3.855981824341362341e+01
7.107421484296859049e+00,3.853739265122629831e+01
7.109421884376875056e+00,3.851496126723036895e+01
7.111422284456891063e+00,3.849252410576729488e+01
7.113422684536907070e+00,3.847008118123070375e+01
7.115423084616923077e+00,3.844763250805069532e+01
7.117423484696939084e+00,3.842517810071437623e+01
7.119423884776955092e+00,3.840271797372129470e+01
7.121424284856971099e+00,3.838025214161432785e+01
7.123424684936987106e+00,3.835778061897532609e+01
7.125425085017003113e+00,3.833530342040537420e+01
7.127425485097019120e+00,3.831282056052282314e+01
7.129425885177035127e+00,3.829033205399854012e+01
7.131426285257051134e+00,3.826783791550815295e+01
7.133426685337067141e+00,3.824533815973439488e+01
7.135427085417083148e+00,3.822283280140977269e+01
7.137427485497099156e+00,3.820032185525973745e+01
7.139427885577115163e+00,3.817780533604563686e+01
7.141428285657131170e+00,3.815528325851908420e+01
7.143428685737147177e+00,3.813275563747615138e+01
7.145429085817163184e+00,3.811022248769950238e+01
7.147429485897179191e+00,3.808768382399416907e+01
7.149429885977195198e+00,3.806513966118464509e+01
7.151430286057211205e+00,3.804259001408802732e+01
7.153430686137227212e+00,3.802003489753755616e+01
7.155431086217243219e+00,3.799747432637937550e+01
7.157431486297259227e+00,3.797490831546312506e+01
7.159431886377275234e+00,3.795233687964228153e+01
7.161432286457291241e+00,3.792976003378456795e+01
7.163432686537307248e+00,3.790717779275315991e+01
7.165433086617323255e+00,3.788459017142486829e+01
7.167433486697339262e+00,3.786199718468008513e+01
7.169433886777355269e+00,3.783939884739628923e+01
7.171434286857371276e+00,3.781679517446448102e+01
7.173434686937387283e+00,3.779418618076236669e+01
7.175435087017403291e+00,3.777157188120030185e+01
7.177435487097419298e+00,3.774895229065706559e+01
7.179435887177435305e+00,3.772632742402982586e+01
7.181436287257451312e+00,3.770369729623578792e+01
7.183436687337467319e+00,3.768106192215972783e+01
7.185437087417483326e+00,3.765842131670777349e+01
7.187437487497499333e+00,3.763577549478926443e+01
7.189437887577515340e+00,3.761312447130064385e+01
7.191438287657531347e+00,3.759046826115494611e+01
7.193438687737547355e+00,3.756780687926030993e+01
7.195439087817563362e+00,3.754514034052560589e+01
7.197439487897579369e+00,3.752246865985271995e+01
7.199439887977595376e+00,3.749979185215710231e+01
7.201440288057611383e+00,3.747710993234593957e+01
7.203440688137627390e+00,3.745442291532922496e+01
7.205441088217643397e+00,3.743173081602632379e+01
7.207441488297659404e+00,3.740903364932970021e+01
7.209441888377675411e+00,3.738633143016478755e+01
7.211442288457691419e+00,3.736362417343603681e+01
7.213442688537707426e+00,3.734091189405289413e+01
7.215443088617723433e+00,3.731819460692546642e+01
7.217443488697739440e+00,3.729547232696815229e+01
7.219443888777755447e+00,3.727274506909654406e+01
7.221444288857771454e+00,3.725001284820967840e+01
7.223444688937787461e+00,3.722727567922424186e+01
7.225445089017803468e+00,3.720453357704830211e+01
7.227445489097819475e+00,3.718178655658689991e+01
7.229445889177835483e+00,3.715903463275104457e+01
7.231446289257851490e+00,3.713627782045429626e+01
7.233446689337867497e+00,3.711351613460651322e+01
7.235447089417883504e+00,3.709074959011658024e+01
7.237447489497899511e+00,3.706797820188463533e+01
7.239447889577915518e+00,3.704520198482602922e+01
7.241448289657931525e+00,3.702242095384932696e+01
7.243448689737947532e+00,3.699963512385600950e+01
7.245449089817963539e+00,3.697684450975844328e+01
7.247449489897979547e+00,3.695404912646699103e+01
7.249449889977995554e+00,3.693124898888753904e+01
7.251450290058011561e+00,3.690844411192221486e+01
7.253450690138027568e+00,3.688563451048653974e+01
7.255451090218043575e+00,3.686282019947567079e+01
7.257451490298059582e+00,3.684000119380746696e+01
7.259451890378075589e+00,3.681717750838132730e+01
7.261452290458091596e+00,3.679434915811165752e+01
7.263452690538107603e+00,3.677151615789916406e+01
7.265453090618123611e+00,3.674867852264821977e+01
7.267453490698139618e+00,3.672583626727229955e+01
7.269453890778155625e+00,3.670298940667002086e+01
7.271454290858171632e+00,3.668013795575537017e+01
7.273454690938187639e+00,3.665728192943402064e+01
7.275455091018203646e+00,3.663442134260984062e+01
7.277455491098219653e+00,3.661155621018425421e+01
7.279455891178235660e+00,3.658868654707531931e+01
7.281456291258251667e+00,3.656581236818750824e+01
7.283456691338267674e+00,3.654293368841873502e+01
7.285457091418283682e+00,3.652005052268808072e+01
7.287457491498299689e+00,3.649716288589790736e+01
7.289457891578315696e+00,3.647427079294883612e+01
7.291458291658331703e+00,3.645137425876166049e+01
7.293458691738347710e+00,3.642847329824082436e+01
7.295459091818363717e+00,3.640556792628635208e+01
7.297459491898379724e+00,3.638265815781277723e+01
7.299459891978395731e+00,3.635974400773294946e+01
7.301460292058411738e+00,3.633682549094897496e+01
7.303460692138427746e+00,3.631390262237572841e+01
7.305461092218443753e+00,3.629097541691440654e+01
7.307461492298459760e+00,3.626804388948988134e+01
7.309461892378475767e+00,3.624510805499966182e+01
7.311462292458491774e+00,3.622216792836476884e+01
7.313462692538507781e+00,3.619922352448630676e+01
7.315463092618523788e+00,3.617627485828411693e+01
7.317463492698539795e+00,3.615332194467021765e+01
7.319463892778555802e+00,3.613036479855127681e+01
7.321464292858571810e+00,3.610740343484499704e+01
7.323464692938587817e+00,3.608443786847028178e+01
7.325465093018603824e+00,3.606146811433011123e+01
7.327465493098619831e+00,3.603849418735210719e+01
7.329465893178635838e+00,3.601551610244075619e+01
7.331466293258651845e+00,3.599253387451570774e+01
7.333466693338667852e+00,3.596954751849153098e+01
7.335467093418683859e+00,3.594655704929526507e+01
7.337467493498699866e+00,3.592356248182737488e+01
7.339467893578715874e+00,3.590056383102162840e+01
7.341468293658731881e+00,3.587756111179442087e+01
7.343468693738747888e+00,3.585455433906088984e+01
7.345469093818763895e+00,3.583154352773734530e+01
7.347469493898779902e+00,3.580852869275694417e+01
7.349469893978795909e+00,3.578550984903284871e+01
7.351470294058811916e+00,3.576248701148919196e+01
7.353470694138827923e+00,3.573946019504843719e+01
7.355471094218843930e+00,3.571642941463886700e+01
7.357471494298859938e+00,3.569339468517685532e+01
7.359471894378875945e+00,3.567035602159379692e+01
7.361472294458891952e+00,3.564731343881101822e+01
7.363472694538907959e+00,3.562426695176491620e+01
7.365473094618923966e+00,3.560121657536917894e+01
7.367473494698939973e+00,3.557816232456246297e+01
7.369473894778955980e+00,3.555510421427074164e+01
7.371474294858971987e+00,3.553204225941944117e+01
7.373474694938987994e+00,3.550897647494726073e+01
7.375475095019004002e+00,3.548590687577986813e+01
7.377475495099020009e+00,3.546283347685041321e+01
7.379475895179036016e+00,3.543975629309396425e+01
7.381476295259052023e+00,3.541667533944431057e+01
7.383476695339068030e+00,3.539359063083448831e+01
7.385477095419084037e+00,3.537050218220162634e+01
7.387477495499100044e+00,3.534741000848442383e+01
7.389477895579116051e+00,3.532431412461856013e+01
7.391478295659132058e+00,3.530121454553608373e+01
7.393478695739148066e+00,3.527811128618597536e+01
7.395479095819164073e+00,3.525500436150746708e+01
7.397479495899180080e+00,3.523189378643039049e+01
7.399479895979196087e+00,3.520877957590799667e+01
7.401480296059212094e+00,3.518566174487850162e+01
7.403480696139228101e+00,3.516254030829077237e+01
7.405481096219244108e+00,3.513941528108148304e+01
7.407481496299260115e+00,3.511628667820030358e+01
7.409481896379276122e+00,3.509315451459432467e+01
7.411482296459292129e+00,3.507001880520729742e+01
7.413482696539308137e+00,3.504687956499510193e+01
7.415483096619324144e+00,3.502373680890449492e+01
7.417483496699340151e+00,3.500059055188280865e+01
7.419483896779356158e+00,3.497744080887734697e+01
7.421484296859372165e+00,3.495428759485316306e+01
7.423484696939388172e+00,3.493113092475047665e+01
7.425485097019404179e+00,3.490797081352873477e+01
7.427485497099420186e+00,3.488480727614361143e+01
7.429485897179436193e+00,3.486164032755257836e+01
7.431486297259452201e+00,3.483846998271368989e+01
7.433486697339468208e+00,3.481529625657737625e+01
7.435487097419484215e+00,3.479211916410952909e+01
7.437487497499500222e+00,3.476893872026885646e+01
7.439487897579516229e+00,3.474575494001542353e+01
7.441488297659532236e+00,3.472256783831274163e+01
7.443488697739548243e+00,3.469937743011951170e+01
7.445489097819564250e+00,3.467618373041343460e+01
7.447489497899580257e+00,3.465298675414595664e+01
7.449489897979596265e+00,3.462978651628623794e+01
7.451490298059612272e+00,3.460658303179994988e+01
7.453490698139628279e+00,3.458337631566010373e+01
7.455491098219644286e+00,3.456016638283633569e+01
7.457491498299660293e+00,3.453695324829043756e+01
7.459491898379676300e+00,3.451373692700148155e+01
7.461492298459692307e+00,3.449051743394630876e+01
7.463492698539708314e+00,3.446729478408723679e+01
7.465493098619724321e+00,3.444406899239889697e+01
7.467493498699740329e+00,3.442084007386867484e+01
7.469493898779756336e+00,3.439760804346175860e+01
7.471494298859772343e+00,3.437437291614936896e+01
7.473494698939788350e+00,3.435113470693550397e+01
7.475495099019804357e+00,3.432789343077610056e+01
7.477495499099820364e+00,3.430464910266243095e+01
7.479495899179836371e+00,3.428140173756725773e+01
7.481496299259852378e+00,3.425815135047768223e+01
7.483496699339868385e+00,3.423489795638382560e+01
7.485497099419884393e+00,3.421164157026186103e+01
7.487497499499900400e+00,3.418838220710388498e+01
7.489497899579916407e+00,3.416511988189407134e+01
7.491498299659932414e+00,3.414185460961734719e+01
7.493498699739948421e+00,3.411858640526382658e+01
7.495499099819964428e+00,3.409531528382235877e+01
7.497499499899980435e+00,3.407204126028716473e+01
7.499499899979996442e+00,3.404876434965100884e+01
7.501500300060012449e+00,3.402548456689680734e+01
7.503500700140028457e+00,3.400220192703405786e+01
7.505501100220044464e+00,3.397891644504967701e+01
7.507501500300060471e+00,3.395562813593510043e+01
7.509501900380076478e+00,3.393233701469426933e+01
7.511502300460091597e+00,3.390904309632143310e+01
7.513502700540107604e+00,3.388574639581931081e+01
7.515503100620123611e+00,3.386244692818357294e+01
7.517503500700139618e+00,3.383914470841391164e+01
7.519503900780155625e+00,3.381583975152128829e+01
7.521504300860171632e+00,3.379253207250490476e+01
7.523504700940187639e+00,3.376922168636201604e+01
7.525505101020203647e+00,3.374590860810669568e+01
7.527505501100219654e+00,3.372259285274004981e+01
7.529505901180235661e+00,3.369927443527554090e+01
7.531506301260251668e+00,3.367595337071430350e+01
7.533506701340267675e+00,3.365262967406498973e+01
7.535507101420283682e+00,3.362930336034645507e+01
7.537507501500299689e+00,3.360597444456217175e+01
7.539507901580315696e+00,3.358264294172397513e+01
7.541508301660331703e+00,3.355930886684690506e+01
7.543508701740347711e+00,3.353597223495185631e+01
7.545509101820363718e+00,3.351263306104474538e+01
7.547509501900379725e+00,3.348929136014818653e+01
7.549509901980395732e+00,3.346594714727029896e+01
7.551510302060411739e+00,3.344260043743602751e+01
7.553510702140427746e+00,3.341925124567115546e+01
7.555511102220443753e+00,3.339589958698252303e+01
7.557511502300459760e+00,3.337254547639233948e+01
7.559511902380475767e+00,3.334918892893498565e+01
7.561512302460491775e+00,3.332582995962370376e+01
7.563512702540507782e+00,3.330246858347762640e+01
7.565513102620523789e+00,3.327910481553575295e+01
7.567513502700539796e+00,3.325573867081563151e+01
7.569513902780555803e+00,3.323237016434569568e+01
7.571514302860571810e+00,3.320899931115359038e+01
7.573514702940587817e+00,3.318562612626607233e+01
7.575515103020603824e+00,3.316225062471404783e+01
7.577515503100619831e+00,3.313887282152943925e+01
7.579515903180635839e+00,3.311549273173708485e+01
7.581516303260651846e+00,3.309211037038101466e+01
7.583516703340667853e+00,3.306872575248743118e+01
7.585517103420683860e+00,3.304533889308925865e+01
7.587517503500699867e+00,3.302194980722953233e+01
7.589517903580715874e+00,3.299855850993248652e+01
7.591518303660731881e+00,3.297516501624183149e+01
7.593518703740747888e+00,3.295176934120228651e+01
7.595519103820763895e+00,3.292837149983889589e+01
7.597519503900779902e+00,3.290497150720244690e+01
7.599519903980795910e+00,3.288156937832768989e+01
7.601520304060811917e+00,3.285816512825476110e+01
7.603520704140827924e+00,3.283475877203173354e+01
7.605521104220843931e+00,3.281135032469811819e+01
7.607521504300859938e+00,3.278793980130102881e+01
7.609521904380875945e+00,3.276452721688302461e+01
7.611522304460891952e+00,3.274111258648709821e+01
7.613522704540907959e+00,3.271769592516490377e+01
7.615523104620923966e+00,3.269427724796019419e+01
7.617523504700939974e+00,3.267085656992608023e+01
7.619523904780955981e+00,3.264743390610917828e+01
7.621524304860971988e+00,3.262400927155592711e+01
7.623524704940987995e+00,3.260058268132164017e+01
7.625525105021004002e+00,3.257715415045716867e+01
7.627525505101020009e+00,3.255372369401250410e+01
7.629525905181036016e+00,3.253029132704904214e+01
7.631526305261052023e+00,3.250685706460988200e+01
7.633526705341068030e+00,3.248342092175725782e+01
7.635527105421084038e+00,3.245998291354390375e+01
7.637527505501100045e+00,3.243654305503022783e+01
7.639527905581116052e+00,3.241310136126892161e+01
7.641528305661132059e+00,3.238965784731876596e+01
7.643528705741148066e+00,3.236621252823938732e+01
7.645529105821164073e+00,3.234276541909235192e+01
7.647529505901180080e+00,3.231931653493262502e+01
7.649529905981196087e+00,3.229586589082881432e+01
7.651530306061212094e+00,3.227241350183574298e+01
7.653530706141228102e+00,3.224895938302037735e+01
7.655531106221244109e+00,3.222550354944809925e+01
7.657531506301260116e+00,3.220204601617763274e+01
7.659531906381276123e+00,3.217858679827277513e+01
7.661532306461292130e+00,3.215512591080583604e+01
7.663532706541308137e+00,3.213166336883774221e+01
7.665533106621324144e+00,3.210819918743990087e+01
7.667533506701340151e+00,3.208473338167635092e+01
7.669533906781356158e+00,3.206126596661092520e+01
7.671534306861372166e+00,3.203779695732693256e+01
7.673534706941388173e+00,3.201432636887755478e+01
7.675535107021404180e+00,3.199085421634898907e+01
7.677535507101420187e+00,3.196738051480006959e+01
7.679535907181436194e+00,3.194390527930587709e+01
7.681536307261452201e+00,3.192042852494240890e+01
7.683536707341468208e+00,3.189695026677681611e+01
7.685537107421484215e+00,3.187347051989032209e+01
7.687537507501500222e+00,3.184998929935269629e+01
7.689537907581516230e+00,3.182650662023471710e+01
7.691538307661532237e+00,3.180302249762241829e+01
7.693538707741548244e+00,3.177953694657831818e+01
7.695539107821564251e+00,3.175604998218808817e+01
7.697539507901580258e+00,3.173256161953173660e+01
7.699539907981596265e+00,3.170907187368301194e+01
7.701540308061612272e+00,3.168558075972225296e+01
7.703540708141628279e+00,3.166208829272400749e+01
7.705541108221644286e+00,3.163859448777792238e+01
7.707541508301660294e+00,3.161509935995406195e+01
7.709541908381676301e+00,3.159160292433727690e+01
7.711542308461692308e+00,3.156810519600996301e+01
7.713542708541708315e+00,3.154460619004876065e+01
7.715543108621724322e+00,3.152110592154302537e+01
7.717543508701740329e+00,3.149760440557361818e+01
7.719543908781756336e+00,3.147410165722386921e+01
7.721544308861772343e+00,3.145059769157695229e+01
7.723544708941788350e+00,3.142709252372090134e+01
7.725545109021804357e+00,3.140358616873399811e+01
7.727545509101820365e+00,3.138007864170557681e+01
7.729545909181836372e+00,3.135656995772825795e+01
7.731546309261852379e+00,3.133306013187543115e+01
7.733546709341868386e+00,3.130954917924894332e+01
7.735547109421884393e+00,3.128603711492320727e+01
7.737547509501900400e+00,3.126252395399372119e+01
7.739547909581916407e+00,3.123900971154890627e+01
7.741548309661932414e+00,3.121549440267260422e+01
7.743548709741948421e+00,3.119197804246097050e+01
7.745549109821964429e+00,3.116846064599785038e+01
7.747549509901980436e+00,3.114494222837464932e+01
7.749549909981996443e+00,3.112142280468387057e+01
7.751550310062012450e+00,3.109790239001823764e+01
7.753550710142028457e+00,3.107438099946369903e+01
7.755551110222044464e+00,3.105085864811277219e+01
7.757551510302060471e+00,3.102733535106350971e+01
7.759551910382076478e+00,3.100381112340834022e+01
7.761552310462092485e+00,3.098028598023070757e+01
7.763552710542108493e+00,3.095675993663252612e+01
7.765553110622124500e+00,3.093323300770313722e+01
7.767553510702140507e+00,3.090970520854139991e+01
7.769553910782156514e+00,3.088617655423973218e+01
7.771554310862172521e+00,3.086264705988630297e+01
7.773554710942188528e+00,3.083911674058713004e+01
7.775555111022204535e+00,3.081558561142711383e+01
7.777555511102220542e+00,3.079205368751274463e+01
7.779555911182236549e+00,3.076852098392835799e+01
7.781556311262252557e+00,3.074498751577683109e+01
7.783556711342268564e+00,3.072145329815266379e+01
7.785557111422284571e+00,3.069791834615308801e+01
7.787557511502300578e+00,3.067438267488045867e+01
7.789557911582316585e+00,3.065084629942386840e+01
7.791558311662332592e+00,3.062730923489006685e+01
7.793558711742348599e+00,3.060377149636646266e+01
7.795559111822364606e+00,3.058023309895763475e+01
7.797559511902380613e+00,3.055669405775543268e+01
7.799559911982396621e+00,3.053315438786661673e+01
7.801560312062412628e+00,3.050961410438481636e+01
7.803560712142428635e+00,3.048607322241194240e+01
7.805561112222444642e+00,3.046253175704271143e+01
7.807561512302460649e+00,3.043898972338418574e+01
7.809561912382476656e+00,3.041544713652908882e+01
7.811562312462492663e+00,3.039190401157921428e+01
7.813562712542508670e+00,3.036836036363841274e+01
7.815563112622524677e+00,3.034481620779395072e+01
7.817563512702540685e+00,3.032127155915933159e+01
7.819563912782556692e+00,3.029772643282849032e+01
7.821564312862572699e+00,3.027418084390532016e+01
7.823564712942588706e+00,3.025063480748731237e+01
7.825565113022604713e+00,3.022708833867597633e+01
7.827565513102620720e+00,3.020354145257218548e+01
7.829565913182636727e+00,3.017999416427723958e+01
7.831566313262652734e+00,3.015644648889457002e+01
7.833566713342668741e+00,3.013289844151859143e+01
7.835567113422684749e+00,3.010935003725382231e+01
7.837567513502700756e+00,3.008580129120000990e+01
7.839567913582716763e+00,3.006225221846738904e+01
7.841568313662732770e+00,3.003870283414334352e+01
7.843568713742748777e+00,3.001515315334018297e+01
7.845569113822764784e+00,2.999160319114957929e+01
7.847569513902780791e+00,2.996805296268363250e+01
7.849569913982796798e+00,2.994450248303537521e+01
7.851570314062812805e+00,2.992095176731184836e+01
7.853570714142828812e+00,2.989740083060998899e+01
7.855571114222844820e+00,2.987384968803663199e+01
7.857571514302860827e+00,2.985029835468469273e+01
7.859571914382876834e+00,2.982674684566024581e+01
7.861572314462892841e+00,2.980319517606497115e+01
7.863572714542908848e+00,2.977964336100042786e+01
7.865573114622924855e+00,2.975609141556594750e+01
7.867573514702940862e+00,2.973253935486743060e+01
7.869573914782956869e+00,2.970898719399924559e+01
7.871574314862972876e+00,2.968543494806639416e+01
7.873574714942988884e+00,2.966188263216834997e+01
7.875575115023004891e+00,2.963833026140653359e+01
7.877575515103020898e+00,2.961477785087894077e+01
7.879575915183036905e+00,2.959122541569486486e+01
7.881576315263052912e+00,2.956767297094303970e+01
7.883576715343068919e+00,2.954412053172970332e+01
7.885577115423084926e+00,2.952056811315721774e+01
7.887577515503100933e+00,2.949701573031651947e+01
7.889577915583116940e+00,2.947346339832346374e+01
7.891578315663132948e+00,2.944991113226101120e+01
7.893578715743148955e+00,2.942635894723927237e+01
7.895579115823164962e+00,2.940280685835555730e+01
7.897579515903180969e+00,2.937925488070242963e+01
7.899579915983196976e+00,2.935570302939279230e+01
7.901580316063212983e+00,2.933215131951192944e+01
7.903580716143228990e+00,2.930859976616557105e+01
7.905581116223244997e+00,2.928504838444298386e+01
7.907581516303261004e+00,2.926149718945557510e+01
7.909581916383277012e+00,2.923794619629824965e+01
7.911582316463293019e+00,2.921439542005782997e+01
7.913582716543309026e+00,2.919084487583942078e+01
7.915583116623325033e+00,2.916729457874048848e+01
7.917583516703341040e+00,2.914374454385755442e+01
7.919583916783357047e+00,2.912019478628735669e+01
7.921584316863373054e+00,2.909664532112407187e+01
7.923584716943389061e+00,2.907309616346321945e+01
7.925585117023405068e+00,2.904954732840454312e+01
7.927585517103421076e+00,2.902599883103856016e+01
7.929585917183437083e+00,2.900245068646109203e+01
7.931586317263453090e+00,2.897890290976771510e+01
7.933586717343469097e+00,2.895535551605718894e+01
7.935587117423485104e+00,2.893180852041911066e+01
7.937587517503501111e+00,2.890826193794063315e+01
7.939587917583517118e+00,2.888471578372535120e+01
7.941588317663533125e+00,2.886117007285898950e+01
7.943588717743549132e+00,2.883762482043955799e+01
7.945589117823565140e+00,2.881408004155171909e+01
7.947589517903581147e+00,2.879053575129368525e+01
7.949589917983597154e+00,2.876699196475828657e+01
7.951590318063613161e+00,2.874344869702693117e+01
7.953590718143629168e+00,2.871990596319298561e+01
7.955591118223645175e+00,2.869636377835018237e+01
7.957591518303661182e+00,2.867282215759033903e+01
7.959591918383677189e+00,2.864928111599505201e+01
7.961592318463693196e+00,2.862574066865571254e+01
7.963592718543709204e+00,2.860220083065637908e+01
7.965593118623725211e+00,2.857866161709412012e+01
7.967593518703740330e+00,2.855512304304659921e+01
7.969593918783756337e+00,2.853158512360531773e+01
7.971594318863772344e+00,2.850804787385298766e+01
7.973594718943788351e+00,2.848451130887768556e+01
7.975595119023804358e+00,2.846097544375830779e+01
7.977595519103820365e+00,2.843744029359363878e+01
7.979595919183836372e+00,2.841390587344826102e+01
7.981596319263852379e+00,2.839037219841930337e+01
7.983596719343868386e+00,2.836683928358394624e+01
7.985597119423884394e+00,2.834330714401954410e+01
7.987597519503900401e+00,2.831977579481843676e+01
7.989597919583916408e+00,2.829624525105566235e+01
7.991598319663932415e+00,2.827271552781001418e+01
7.993598719743948422e+00,2.824918664015876146e+01
7.995599119823964429e+00,2.822565860319588182e+01
7.997599519903980436e+00,2.820213143197610961e+01
7.999599919983996443e+00,2.817860514159579566e+01
8.001600320064012450e+00,2.815519711327582542e+01
8.003600720144028458e+00,2.813190928613203567e+01
8.005601120224044465e+00,2.810861508477273674e+01
8.007601520304060472e+00,2.808551411970591971e+01
8.009601920384076479e+00,2.806262459138819310e+01
8.011602320464092486e+00,2.803968412509645702e+01
8.013602720544108493e+00,2.801669451155313340e+01
8.015603120624124500e+00,2.799365753452675420e+01
8.017603520704140507e+00,2.797057503345350327e+01
8.019603920784156514e+00,2.794744893169675493e+01
8.021604320864172522e+00,2.792432964900306303e+01
8.023604720944188529e+00,2.790127387133976100e+01
8.025605121024204536e+00,2.787820929287159544e+01
8.027605521104220543e+00,2.785524941228069551e+01
8.029605921184236550e+00,2.783248528228277863e+01
8.031606321264252557e+00,2.780968874015319869e+01
8.033606721344268564e+00,2.778685051442306886e+01
8.035607121424284571e+00,2.776396449921912790e+01
8.037607521504300578e+00,2.774102702991179825e+01
8.039607921584316585e+00,2.771803631301339976e+01
8.041608321664332593e+00,2.769499197704952209e+01
8.043608721744348600e+00,2.767189471887542140e+01
8.045609121824364607e+00,2.764874602512325552e+01
8.047609521904380614e+00,2.762554795315895007e+01
8.049609921984396621e+00,2.760230295910191600e+01
8.051610322064412628e+00,2.757901376324829101e+01
8.053610722144428635e+00,2.755568324512079670e+01
8.055611122224444642e+00,2.753231436218614903e+01
8.057611522304460649e+00,2.750891008727008824e+01
8.059611922384476657e+00,2.748547336096738292e+01
8.061612322464492664e+00,2.746200705593581759e+01
8.063612722544508671e+00,2.743851395061020781e+01
8.065613122624524678e+00,2.741499671041856701e+01
8.067613522704540685e+00,2.739145787496669726e+01
8.069613922784556692e+00,2.736789984983908042e+01
8.071614322864572699e+00,2.734432490213139744e+01
8.073614722944588706e+00,2.732073515880334469e+01
8.075615123024604713e+00,2.729713260727664448e+01
8.077615523104620721e+00,2.727351909771523353e+01
8.079615923184636728e+00,2.724989634656520465e+01
8.081616323264652735e+00,2.722626594105735975e+01
8.083616723344668742e+00,2.720262934438059688e+01
8.085617123424684749e+00,2.717898790127063791e+01
8.087617523504700756e+00,2.715534284393559261e+01
8.089617923584716763e+00,2.713169529809544045e+01
8.091618323664732770e+00,2.710804628909434655e+01
8.093618723744748777e+00,2.708439674794065155e+01
8.095619123824764785e+00,2.706074751727878436e+01
8.097619523904780792e+00,2.703709935720195290e+01
8.099619923984796799e+00,2.701345295083923403e+01
8.101620324064812806e+00,2.698980890983214920e+01
8.103620724144828813e+00,2.696616777945004984e+01
8.105621124224844820e+00,2.694253004357816650e+01
8.107621524304860827e+00,2.691889612937917420e+01
8.109621924384876834e+00,2.689526641176692578e+01
8.111622324464892841e+00,2.687164121760051216e+01
8.113622724544908849e+00,2.684802082960963077e+01
8.115623124624924856e+00,2.682440549015957032e+01
8.117623524704940863e+00,2.680079540468231158e+01
8.119623924784956870e+00,2.677719074498446972e+01
8.121624324864972877e+00,2.675359165225518510e+01
8.123624724944988884e+00,2.672999823991177593e+01
8.125625125025004891e+00,2.670641059627070391e+01
8.127625525105020898e+00,2.668282878695316995e+01
8.129625925185036905e+00,2.665925285719779936e+01
8.131626325265052913e+00,2.663568283396882208e+01
8.133626725345068920e+00,2.661211872787187005e+01
8.135627125425084927e+00,2.658856053500324279e+01
8.137627525505100934e+00,2.656500823858348070e+01
8.139627925585116941e+00,2.654146181047772046e+01
8.141628325665132948e+00,2.651792121263470392e+01
8.143628725745148955e+00,2.649438639833914877e+01
8.145629125825164962e+00,2.647085731341197246e+01
8.147629525905180969e+00,2.644733389729575634e+01
8.149629925985196977e+00,2.642381608403109539e+01
8.151630326065212984e+00,2.640030380314249570e+01
8.153630726145228991e+00,2.637679698049148413e+01
8.155631126225244998e+00,2.635329553898255028e+01
8.157631526305261005e+00,2.632979939924432955e+01
8.159631926385277012e+00,2.630630848024700086e+01
8.161632326465293019e+00,2.628282269983041886e+01
8.163632726545309026e+00,2.625934197520409796e+01
8.165633126625325033e+00,2.623586622337641927e+01
8.167633526705341040e+00,2.621239536155539085e+01
8.169633926785357048e+00,2.618892930748265968e+01
8.171634326865373055e+00,2.616546797975244942e+01
8.173634726945389062e+00,2.614201129807042889e+01
8.175635127025405069e+00,2.611855918349881023e+01
8.177635527105421076e+00,2.609511155864218424e+01
8.179635927185437083e+00,2.607166834784460718e+01
8.181636327265453090e+00,2.604822947733507377e+01
8.183636727345469097e+00,2.602479487533367575e+01
8.185637127425485104e+00,2.600136447218272906e+01
8.187637527505501112e+00,2.597793820041874469e+01
8.189637927585517119e+00,2.595451599483824268e+01
8.191638327665533126e+00,2.593109779255179603e+01
8.193638727745549133e+00,2.590768353302788896e+01
8.195639127825565140e+00,2.588427315809921936e+01
8.197639527905581147e+00,2.586086661199405157e+01
8.199639927985597154e+00,2.583746384133161911e+01
8.201640328065613161e+00,2.581406479510338414e+01
8.203640728145629168e+00,2.579066942467696677e+01
8.205641128225645176e+00,2.576727768375670991e+01
8.207641528305661183e+00,2.574388952837267297e+01
8.209641928385677190e+00,2.572050491682406914e+01
8.211642328465693197e+00,2.569712380965474807e+01
8.213642728545709204e+00,2.567374616960640310e+01
8.215643128625725211e+00,2.565037196157122068e+01
8.217643528705741218e+00,2.562700115253888811e+01
8.219643928785757225e+00,2.560363371155358791e+01
8.221644328865773232e+00,2.558026960965462493e+01
8.223644728945789240e+00,2.555690881981118068e+01
8.225645129025805247e+00,2.553355131687903423e+01
8.227645529105821254e+00,2.551019707753243182e+01
8.229645929185837261e+00,2.548684608022418630e+01
8.231646329265853268e+00,2.546349830509139878e+01
8.233646729345869275e+00,2.544015373395231450e+01
8.235647129425885282e+00,2.541681235018710794e+01
8.237647529505901289e+00,2.539347413872030401e+01
8.239647929585917296e+00,2.537013908595009326e+01
8.241648329665933304e+00,2.534680717969212083e+01
8.243648729745949311e+00,2.532347840913739745e+01
8.245649129825965318e+00,2.530015276477234565e+01
8.247649529905981325e+00,2.527683023833940368e+01
8.249649929985997332e+00,2.525351082279544102e+01
8.251650330066013339e+00,2.523019451223900234e+01
8.253650730146029346e+00,2.520688130188449350e+01
8.255651130226045353e+00,2.518357118798610728e+01
8.257651530306061360e+00,2.516026416781868846e+01
8.259651930386077368e+00,2.513696023960184078e+01
8.261652330466093375e+00,2.511365940249956097e+01
8.263652730546109382e+00,2.509036165652456774e+01
8.265653130626125389e+00,2.506706700253546671e+01
8.267653530706141396e+00,2.504377544219035201e+01
8.269653930786157403e+00,2.502048697788576703e+01
8.271654330866173410e+00,2.499720161275379482e+01
8.273654730946189417e+00,2.497391935060113966e+01
8.275655131026205424e+00,2.495064019588381399e+01
8.277655531106221432e+00,2.492736415367493663e+01
8.279655931186237439e+00,2.490409122961394672e+01
8.281656331266253446e+00,2.488082142993265222e+01
8.283656731346269453e+00,2.485755476134284692e+01
8.285657131426285460e+00,2.483429123108919967e+01
8.287657531506301467e+00,2.481103084686299454e+01
8.289657931586317474e+00,2.478777361680582558e+01
8.291658331666333481e+00,2.476451954947996370e+01
8.293658731746349488e+00,2.474126865384547713e+01
8.295659131826365495e+00,2.471802093924011601e+01
8.297659531906381503e+00,2.469477641534562551e+01
8.299659931986397510e+00,2.467153509218346485e+01
8.301660332066413517e+00,2.464829698009561199e+01
8.303660732146429524e+00,2.462506208970672361e+01
8.305661132226445531e+00,2.460183043192723673e+01
8.307661532306461538e+00,2.457860201793001309e+01
8.309661932386477545e+00,2.455537685912953094e+01
8.311662332466493552e+00,2.453215496717944077e+01
8.313662732546509559e+00,2.450893635394649195e+01
8.315663132626525567e+00,2.448572103149428614e+01
8.317663532706541574e+00,2.446250901209891282e+01
8.319663932786557581e+00,2.443930030819579002e+01
8.321664332866573588e+00,2.441609493239160145e+01
8.323664732946589595e+00,2.439289289746334788e+01
8.325665133026605602e+00,2.436969421631942012e+01
8.327665533106621609e+00,2.434649890201848166e+01
8.329665933186637616e+00,2.432330696774005574e+01
8.331666333266653623e+00,2.430011842677906486e+01
8.333666733346669631e+00,2.427693329256642230e+01
8.335667133426685638e+00,2.425375157860876385e+01
8.337667533506701645e+00,2.423057329851889463e+01
8.339667933586717652e+00,2.420739846601201606e+01
8.341668333666733659e+00,2.418422709487991540e+01
8.343668733746749666e+00,2.416105919898668120e+01
8.345669133826765673e+00,2.413789479227934009e+01
8.347669533906781680e+00,2.411473388876418156e+01
8.349669933986797687e+00,2.409157650251372829e+01
8.351670334066813695e+00,2.406842264765867867e+01
8.353670734146829702e+00,2.404527233838856759e+01
8.355671134226845709e+00,2.402212558892510330e+01
8.357671534306861716e+00,2.399898241355278117e+01
8.359671934386877723e+00,2.397584282659495969e+01
8.361672334466893730e+00,2.395270684240533399e+01
8.363672734546909737e+00,2.392957447538070426e+01
8.365673134626925744e+00,2.390644573995166766e+01
8.367673534706941751e+00,2.388332065057348075e+01
8.369673934786957759e+00,2.386019922173104035e+01
8.371674334866973766e+00,2.383708146793330585e+01
8.373674734946989773e+00,2.381396740370965048e+01
8.375675135027005780e+00,2.379085704362032061e+01
8.377675535107021787e+00,2.376775040223238733e+01
8.379675935187037794e+00,2.374464749413984777e+01
8.381676335267053801e+00,2.372154833393766538e+01
8.383676735347069808e+00,2.369845293624406324e+01
8.385677135427085815e+00,2.367536131569370639e+01
8.387677535507101823e+00,2.365227348693015941e+01
8.389677935587117830e+00,2.362918946459771874e+01
8.391678335667133837e+00,2.360610926335726845e+01
8.393678735747149844e+00,2.358303289787138013e+01
8.395679135827165851e+00,2.355996038281826088e+01
8.397679535907181858e+00,2.353689173287817837e+01
8.399679935987197865e+00,2.351382696272680661e+01
8.401680336067213872e+00,2.349076608705907532e+01
8.403680736147229879e+00,2.346770912056453540e+01
8.405681136227245887e+00,2.344465607793050665e+01
8.407681536307261894e+00,2.342160697385598311e+01
8.409681936387277901e+00,2.339856182304339782e+01
8.411682336467293908e+00,2.337552064018398212e+01
8.413682736547309915e+00,2.335248343997390563e+01
8.415683136627325922e+00,2.332945023711891253e+01
8.417683536707341929e+00,2.330642104631872158e+01
8.419683936787357936e+00,2.328339588226264922e+01
8.421684336867373943e+00,2.326037475964970369e+01
8.423684736947389951e+00,2.323735769317819688e+01
8.425685137027405958e+00,2.321434469754442986e+01
8.427685537107421965e+00,2.319133578743839053e+01
8.429685937187437972e+00,2.316833097754243553e+01
8.431686337267453979e+00,2.314533028256078140e+01
8.433686737347469986e+00,2.312233371716857988e+01
8.435687137427485993e+00,2.309934129605460029e+01
8.437687537507502000e+00,2.307635303389843173e+01
8.439687937587518007e+00,2.305336894537815695e+01
8.441688337667534014e+00,2.303038904516803598e+01
8.443688737747550022e+00,2.300741334794480508e+01
8.445689137827566029e+00,2.298444186837836511e+01
8.447689537907582036e+00,2.296147462113236060e+01
8.449689937987598043e+00,2.293851162086999906e+01
8.451690338067614050e+00,2.291555288225893250e+01
8.453690738147630057e+00,2.289259841994707401e+01
8.455691138227646064e+00,2.286964824859259338e+01
8.457691538307662071e+00,2.284670238285220378e+01
8.459691938387678078e+00,2.282376083736495431e+01
8.461692338467694086e+00,2.280082362677871544e+01
8.463692738547710093e+00,2.277789076573508709e+01
8.465693138627726100e+00,2.275496226886922102e+01
8.467693538707742107e+00,2.273203815082285573e+01
8.469693938787758114e+00,2.270911842621673316e+01
8.471694338867774121e+00,2.268620310968802301e+01
8.473694738947790128e+00,2.266329221585391451e+01
8.475695139027806135e+00,2.264038575933730613e+01
8.477695539107822142e+00,2.261748375475709594e+01
8.479695939187838150e+00,2.259458621672593637e+01
8.481696339267854157e+00,2.257169315986056546e+01
8.483696739347870164e+00,2.254880459875843712e+01
8.485697139427886171e+00,2.252592054803171706e+01
8.487697539507902178e+00,2.250304102227939396e+01
8.489697939587918185e+00,2.248016603610439645e+01
8.491698339667934192e+00,2.245729560409117553e+01
8.493698739747950199e+00,2.243442974083522401e+01
8.495699139827966206e+00,2.241156846092691524e+01
8.497699539907982214e+00,2.238871177895126152e+01
8.499699939987998221e+00,2.236585970948690161e+01
8.501700340068014228e+00,2.234301226711927413e+01
8.503700740148030235e+00,2.232016946641115851e+01
8.505701140228046242e+00,2.229733132194714429e+01
8.507701540308062249e+00,2.227449784828889534e+01
8.509701940388078256e+00,2.225166906000455569e+01
8.511702340468094263e+00,2.222884497165576789e+01
8.513702740548110270e+00,2.220602559780420293e+01
8.515703140628126278e+00,2.218321095300816026e+01
8.517703540708142285e+00,2.216040105181282982e+01
8.519703940788158292e+00,2.213759590877677041e+01
8.521704340868174299e+00,2.211479553844277035e+01
8.523704740948190306e+00,2.209199995535869832e+01
8.525705141028206313e+00,2.206920917406476335e+01
8.527705541108222320e+00,2.204642320909417208e+01
8.529705941188238327e+00,2.202364207499085680e+01
8.531706341268254334e+00,2.200086578627426093e+01
8.533706741348270342e+00,2.197809435748586893e+01
8.535707141428286349e+00,2.195532780314427157e+01
8.537707541508302356e+00,2.193256613777404240e+01
8.539707941588318363e+00,2.190980937589515776e+01
8.541708341668334370e+00,2.188705753202210502e+01
8.543708741748350377e+00,2.186431062067253706e+01
8.545709141828366384e+00,2.184156865636014899e+01
8.547709541908382391e+00,2.181883165358573962e+01
8.549709941988398398e+00,2.179609962685391977e+01
8.551710342068414406e+00,2.177337259067262920e+01
8.553710742148430413e+00,2.175065055953442439e+01
8.555711142228446420e+00,2.172793354793858356e+01
8.557711542308462427e+00,2.170522157038262634e+01
8.559711942388478434e+00,2.168251464134683104e+01
8.561712342468494441e+00,2.165981277531971472e+01
8.563712742548510448e+00,2.163711598679003956e+01
8.565713142628526455e+00,2.161442429023330547e+01
8.567713542708542462e+00,2.159173770013115856e+01
8.569713942788558469e+00,2.156905623095403257e+01
8.571714342868574477e+00,2.154637989717634738e+01
8.573714742948590484e+00,2.152370871327116575e+01
8.575715143028606491e+00,2.150104269369772325e+01
8.577715543108622498e+00,2.147838185291167079e+01
8.579715943188638505e+00,2.145572620538957764e+01
8.581716343268654512e+00,2.143307576557240068e+01
8.583716743348670519e+00,2.141043054791751032e+01
8.585717143428686526e+00,2.138779056688114366e+01
8.587717543508702533e+00,2.136515583690645670e+01
8.589717943588718541e+00,2.134252637243503514e+01
8.591718343668734548e+00,2.131990218791242242e+01
8.593718743748750555e+00,2.129728329777315210e+01
8.595719143828766562e+00,2.127466971644782845e+01
8.597719543908782569e+00,2.125206145837892890e+01
8.599719943988798576e+00,2.122945853798995941e+01
8.601720344068814583e+00,2.120686096970050727e+01
8.603720744148830590e+00,2.118426876793455449e+01
8.605721144228846597e+00,2.116168194712297179e+01
8.607721544308862605e+00,2.113910052166837517e+01
8.609721944388878612e+00,2.111652450598115394e+01
8.611722344468894619e+00,2.109395391448344981e+01
8.613722744548910626e+00,2.107138876158066765e+01
8.615723144628926633e+00,2.104882906165828871e+01
8.617723544708942640e+00,2.102627482914065382e+01
8.619723944788958647e+00,2.100372607840758121e+01
8.621724344868974654e+00,2.098118282385908628e+01
8.623724744948990661e+00,2.095864507988050107e+01
8.625725145029006669e+00,2.093611286086249379e+01
8.627725545109022676e+00,2.091358618119252455e+01
8.629725945189038683e+00,2.089106505523906065e+01
8.631726345269054690e+00,2.086854949739489484e+01
8.633726745349070697e+00,2.084603952202569133e+01
8.635727145429086704e+00,2.082353514349662404e+01
8.637727545509102711e+00,2.080103637618455892e+01
8.639727945589118718e+00,2.077854323445135876e+01
8.641728345669134725e+00,2.075605573265520931e+01
8.643728745749150733e+00,2.073357388515365329e+01
8.645729145829166740e+00,2.071109770630264890e+01
8.647729545909182747e+00,2.068862721044933295e+01
8.649729945989196978e+00,2.066616241194627079e+01
8.651730346069212985e+00,2.064370332513249195e+01
8.653730746149228992e+00,2.062124996435324320e+01
8.655731146229244999e+00,2.059880234393608589e+01
8.657731546309261006e+00,2.057636047822973069e+01
8.659731946389277013e+00,2.055392438155220347e+01
8.661732346469293020e+00,2.053149406823050782e+01
8.663732746549309027e+00,2.050906955259553044e+01
8.665733146629325034e+00,2.048665084896267174e+01
8.667733546709341041e+00,2.046423797165162028e+01
8.669733946789357049e+00,2.044183093496643622e+01
8.671734346869373056e+00,2.041942975323007659e+01
8.673734746949389063e+00,2.039703444073983718e+01
8.675735147029405070e+00,2.037464501178936871e+01
8.677735547109421077e+00,2.035226148069703811e+01
8.679735947189437084e+00,2.032988386175095030e+01
8.681736347269453091e+00,2.030751216923703595e+01
8.683736747349469098e+00,2.028514641744597924e+01
8.685737147429485105e+00,2.026278662066571457e+01
8.687737547509501113e+00,2.024043279317501742e+01
8.689737947589517120e+00,2.021808494925130972e+01
8.691738347669533127e+00,2.019574310316735932e+01
8.693738747749549134e+00,2.017340726919736582e+01
8.695739147829565141e+00,2.015107746160582991e+01
8.697739547909581148e+00,2.012875369465582409e+01
8.699739947989597155e+00,2.010643598260764975e+01
8.701740348069613162e+00,2.008412433971898636e+01
8.703740748149629169e+00,2.006181878023573617e+01
8.705741148229645177e+00,2.003951931840954970e+01
8.707741548309661184e+00,2.001722596848621549e+01
8.709741948389677191e+00,1.999493874470617882e+01
8.711742348469693198e+00,1.997265766130295006e+01
8.713742748549709205e+00,1.995038273251761751e+01
8.715743148629725212e+00,1.992811397257763417e+01
8.717743548709741219e+00,1.990585139570652018e+01
8.719743948789757226e+00,1.988359501612453428e+01
8.721744348869773233e+00,1.986134484805138456e+01
8.723744748949789241e+00,1.983910090571111340e+01
8.725745149029805248e+00,1.981686320330580031e+01
8.727745549109821255e+00,1.979463175504065475e+01
8.729745949189837262e+00,1.977240657512443178e+01
8.731746349269853269e+00,1.975018767775231510e+01
8.733746749349869276e+00,1.972797507712471798e+01
8.735747149429885283e+00,1.970576878743634808e+01
8.737747549509901290e+00,1.968356882286652265e+01
8.739747949589917297e+00,1.966137519760379959e+01
8.741748349669933305e+00,1.963918792582948214e+01
8.743748749749949312e+00,1.961700702172098332e+01
8.745749149829965319e+00,1.959483249944514327e+01
8.747749549909981326e+00,1.957266437317742813e+01
8.749749949989997333e+00,1.955050265707401280e+01
8.751750350070013340e+00,1.952834736530689597e+01
8.753750750150029347e+00,1.950619851202077371e+01
8.755751150230045354e+00,1.948405611137692972e+01
8.757751550310061361e+00,1.946192017752616366e+01
8.759751950390077369e+00,1.943979072460736290e+01
8.761752350470093376e+00,1.941766776675850181e+01
8.763752750550109383e+00,1.939555131812750233e+01
8.765753150630125390e+00,1.937344139283722910e+01
8.767753550710141397e+00,1.935133800501648693e+01
8.769753950790157404e+00,1.932924116880386478e+01
8.771754350870173411e+00,1.930715089830859554e+01
8.773754750950189418e+00,1.928506720764391957e+01
8.775755151030205425e+00,1.926299011093937352e+01
8.777755551110221433e+00,1.924091962227978669e+01
8.779755951190237440e+00,1.921885575579032945e+01
8.781756351270253447e+00,1.919679852556527777e+01
8.783756751350269454e+00,1.917474794569341867e+01
8.785757151430285461e+00,1.915270403027983903e+01
8.787757551510301468e+00,1.913066679339941345e+01
8.789757951590317475e+00,1.910863624915106129e+01
8.791758351670333482e+00,1.908661241160334754e+01
8.793758751750349489e+00,1.906459529483725746e+01
8.795759151830365496e+00,1.904258491292151945e+01
8.797759551910381504e+00,1.902058127992249226e+01
8.799759951990397511e+00,1.899858440990950115e+01
8.801760352070413518e+00,1.897659431693874410e+01
8.803760752150429525e+00,1.895461101505929591e+01
8.805761152230445532e+00,1.893263451833164623e+01
8.807761552310461539e+00,1.891066484079499332e+01
8.809761952390477546e+00,1.888870199649436898e+01
8.811762352470493553e+00,1.886674599946939423e+01
8.813762752550509560e+00,1.884479686375188479e+01
8.815763152630525568e+00,1.882285460336796490e+01
8.817763552710541575e+00,1.880091923234886053e+01
8.819763952790557582e+00,1.877899076471429041e+01
8.821764352870573589e+00,1.875706921447678965e+01
8.823764752950589596e+00,1.873515459564892538e+01
8.825765153030605603e+00,1.871324692224181874e+01
8.827765553110621610e+00,1.869134620826022797e+01
8.829765953190637617e+00,1.866945246769763145e+01
8.831766353270653624e+00,1.864756571455126277e+01
8.833766753350669632e+00,1.862568596281911226e+01
8.835767153430685639e+00,1.860381322648041191e+01
8.837767553510701646e+00,1.858194751951601020e+01
8.839767953590717653e+00,1.856008885590141588e+01
8.841768353670733660e+00,1.853823724961840824e+01
8.843768753750749667e+00,1.851639271462648395e+01
8.845769153830765674e+00,1.849455526489870394e+01
8.847769553910781681e+00,1.847272491439180442e+01
8.849769953990797688e+00,1.845090167705313178e+01
8.851770354070813696e+00,1.842908556684061594e+01
8.853770754150829703e+00,1.840727659769912350e+01
8.855771154230845710e+00,1.838547478357403264e+01
8.857771554310861717e+00,1.836368013840074198e+01
8.859771954390877724e+00,1.834189267611196783e+01
8.861772354470893731e+00,1.832011241063759499e+01
8.863772754550909738e+00,1.829833935589319793e+01
8.865773154630925745e+00,1.827657352581197614e+01
8.867773554710941752e+00,1.825481493429684576e+01
8.869773954790957760e+00,1.823306359526968734e+01
8.871774354870973767e+00,1.821131952262374298e+01
8.873774754950989774e+00,1.818958273027212513e+01
8.875775155031005781e+00,1.816785323210253722e+01
8.877775555111021788e+00,1.814613104201100668e+01
8.879775955191037795e+00,1.812441617388444115e+01
8.881776355271053802e+00,1.810270864160789017e+01
8.883776755351069809e+00,1.808100845905639886e+01
8.885777155431085816e+00,1.805931564010631973e+01
8.887777555511101824e+00,1.803763019862709882e+01
8.889777955591117831e+00,1.801595214847848325e+01
8.891778355671133838e+00,1.799428150352289535e+01
8.893778755751149845e+00,1.797261827761593267e+01
8.895779155831165852e+00,1.795096248460786015e+01
8.897779555911181859e+00,1.792931413834715926e+01
8.899779955991197866e+00,1.790767325267139043e+01
8.901780356071213873e+00,1.788603984142261538e+01
8.903780756151229880e+00,1.786441391842545201e+01
8.905781156231245888e+00,1.784279549750617733e+01
8.907781556311261895e+00,1.782118459249285536e+01
8.909781956391277902e+00,1.779958121719930020e+01
8.911782356471293909e+00,1.777798538544057649e+01
8.913782756551309916e+00,1.775639711102451201e+01
8.915783156631325923e+00,1.773481640775126422e+01
8.917783556711341930e+00,1.771324328942626281e+01
8.919783956791357937e+00,1.769167776983472962e+01
8.921784356871373944e+00,1.767011986277004709e+01
8.923784756951389951e+00,1.764856958201304238e+01
8.925785157031405959e+00,1.762702694134941339e+01
8.927785557111421966e+00,1.760549195455181959e+01
8.929785957191437973e+00,1.758396463538488419e+01
8.931786357271453980e+00,1.756244499761602995e+01
8.933786757351469987e+00,1.754093305500592592e+01
8.935787157431485994e+00,1.751942882131486456e+01
8.937787557511502001e+00,1.749793231028058216e+01
8.939787957591518008e+00,1.747644353565647179e+01
8.941788357671534015e+00,1.745496251118174413e+01
8.943788757751550023e+00,1.743348925059290977e+01
8.945789157831566030e+00,1.741202376762502979e+01
8.947789557911582037e+00,1.739056607599205861e+01
8.949789957991598044e+00,1.736911618942422919e+01
8.951790358071614051e+00,1.734767412163324352e+01
8.953790758151630058e+00,1.732623988633427814e+01
8.955791158231646065e+00,1.730481349722442985e+01
8.957791558311662072e+00,1.728339496801787689e+01
8.959791958391678079e+00,1.726198431239909326e+01
8.961792358471694087e+00,1.724058154405929599e+01
8.963792758551710094e+00,1.721918667669346448e+01
8.965793158631726101e+00,1.719779972397435230e+01
8.967793558711742108e+00,1.717642069958676743e+01
8.969793958791758115e+00,1.715504961719205568e+01
8.971794358871774122e+00,1.713368649046262249e+01
8.973794758951790129e+00,1.711233133305308840e+01
8.975795159031806136e+00,1.709098415862092679e+01
8.977795559111822143e+00,1.706964498082822956e+01
8.979795959191838151e+00,1.704831381330529538e+01
8.981796359271854158e+00,1.702699066970089348e+01
8.983796759351870165e+00,1.700567556364794797e+01
8.985797159431886172e+00,1.698436850877819992e+01
8.987797559511902179e+00,1.696306951871828517e+01
8.989797959591918186e+00,1.694177860708512995e+01
8.991798359671934193e+00,1.692049578749289296e+01
8.993798759751950200e+00,1.689922107355977232e+01
8.995799159831966207e+00,1.687795447888012745e+01
8.997799559911982215e+00,1.685669601705859932e+01
8.999799959991998222e+00,1.683544570169206622e+01
9.001800360072014229e+00,1.681420354636431469e+01
9.003800760152030236e+00,1.679296956466579616e+01
9.005801160232046243e+00,1.677174377017283291e+01
9.007801560312062250e+00,1.675052617645534525e+01
9.009801960392078257e+00,1.672931679708534958e+01
9.011802360472094264e+00,1.670811564562731988e+01
9.013802760552110271e+00,1.668692273563553385e+01
9.015803160632126279e+00,1.666573808066856799e+01
9.017803560712142286e+00,1.664456169426433263e+01
9.019803960792158293e+00,1.662339358997887118e+01
9.021804360872174300e+00,1.660223378134055139e+01
9.023804760952190307e+00,1.658108228188015687e+01
9.025805161032206314e+00,1.655993910513006639e+01
9.027805561112222321e+00,1.653880426460879605e+01
9.029805961192238328e+00,1.651767777382790214e+01
9.031806361272254335e+00,1.649655964629939930e+01
9.033806761352270343e+00,1.647544989553544070e+01
9.035807161432286350e+00,1.645434853503284600e+01
9.037807561512302357e+00,1.643325557828225669e+01
9.039807961592318364e+00,1.641217103877702854e+01
9.041808361672334371e+00,1.639109493000148632e+01
9.043808761752350378e+00,1.637002726542592868e+01
9.045809161832366385e+00,1.634896805853720281e+01
9.047809561912382392e+00,1.632791732279097374e+01
9.049809961992398399e+00,1.630687507166166128e+01
9.051810362072414406e+00,1.628584131859411954e+01
9.053810762152430414e+00,1.626481607705192189e+01
9.055811162232446421e+00,1.624379936046572936e+01
9.057811562312462428e+00,1.622279118228900785e+01
9.059811962392478435e+00,1.620179155595872800e+01
9.061812362472494442e+00,1.618080049489387662e+01
9.063812762552510449e+00,1.615981801252539185e+01
9.065813162632526456e+00,1.613884412227140075e+01
9.067813562712542463e+00,1.611787883754433537e+01
9.069813962792558470e+00,1.609692217175517825e+01
9.071814362872574478e+00,1.607597413829958555e+01
9.073814762952590485e+00,1.605503475058813834e+01
9.075815163032606492e+00,1.603410402200096030e+01
9.077815563112622499e+00,1.601318196592496790e+01
9.079815963192638506e+00,1.599226859574058679e+01
9.081816363272654513e+00,1.597136392482682155e+01
9.083816763352670520e+00,1.595046796655267585e+01
9.085817163432686527e+00,1.592958073427709387e+01
9.087817563512702534e+00,1.590870224136518196e+01
9.089817963592718542e+00,1.588783250116737733e+01
9.091818363672734549e+00,1.586697152702345193e+01
9.093818763752750556e+00,1.584611933228241831e+01
9.095819163832766563e+00,1.582527593027984913e+01
9.097819563912782570e+00,1.580444133434623488e+01
9.099819963992798577e+00,1.578361555780265313e+01
9.101820364072814584e+00,1.576279861397171445e+01
9.103820764152830591e+00,1.574199051616696643e+01
9.105821164232846598e+00,1.572119127769476243e+01
9.107821564312862606e+00,1.570040091185633102e+01
9.109821964392878613e+00,1.567961943194741181e+01
9.111822364472894620e+00,1.565884685126049192e+01
9.113822764552910627e+00,1.563808318308318412e+01
9.115823164632926634e+00,1.561732844069448412e+01
9.117823564712942641e+00,1.559658263735893513e+01
9.119823964792958648e+00,1.557584578636045336e+01
9.121824364872974655e+00,1.555511790094819169e+01
9.123824764952990662e+00,1.553439899438838445e+01
9.125825165033006670e+00,1.551368907992313773e+01
9.127825565113022677e+00,1.549298817080329371e+01
9.129825965193038684e+00,1.547229628026291337e+01
9.131826365273054691e+00,1.545161342154202622e+01
9.133826765353070698e+00,1.543093960786765528e+01
9.135827165433086705e+00,1.541027485245649409e+01
9.137827565513102712e+00,1.538961916853152445e+01
9.139827965593118719e+00,1.536897256929823818e+01
9.141828365673134726e+00,1.534833506796261204e+01
9.143828765753150734e+00,1.532770667772771489e+01
9.145829165833166741e+00,1.530708741177750731e+01
9.147829565913182748e+00,1.528647728331110933e+01
9.149829965993198755e+00,1.526587630550457320e+01
9.151830366073214762e+00,1.524528449152454179e+01
9.153830766153230769e+00,1.522470185455312475e+01
9.155831166233246776e+00,1.520412840775323815e+01
9.157831566313262783e+00,1.518356416427381639e+01
9.159831966393278790e+00,1.516300913727713073e+01
9.161832366473294798e+00,1.514246333990109861e+01
9.163832766553310805e+00,1.512192678529042489e+01
9.165833166633326812e+00,1.510139948658728137e+01
9.167833566713342819e+00,1.508088145690550164e+01
9.169833966793358826e+00,1.506037270937571115e+01
9.171834366873374833e+00,1.503987325711264234e+01
9.173834766953390840e+00,1.501938311322993869e+01
9.175835167033406847e+00,1.499890229082821946e+01
9.177835567113422854e+00,1.497843080300774332e+01
9.179835967193438861e+00,1.495796866286226390e+01
9.181836367273454869e+00,1.493751588347616810e+01
9.183836767353470876e+00,1.491707247793621072e+01
9.185837167433486883e+00,1.489663845931650776e+01
9.187837567513502890e+00,1.487621384067586661e+01
9.189837967593518897e+00,1.485579863508341880e+01
9.191838367673534904e+00,1.483539285560203069e+01
9.193838767753550911e+00,1.481499651527220962e+01
9.195839167833566918e+00,1.479460962715007177e+01
9.197839567913582925e+00,1.477423220427029626e+01
9.199839967993598933e+00,1.475386425965269588e+01
9.201840368073614940e+00,1.473350580634476437e+01
9.203840768153630947e+00,1.471315685735208234e+01
9.205841168233646954e+00,1.469281742570069760e+01
9.207841568313662961e+00,1.467248752438596604e+01
9.209841968393678968e+00,1.465216716641879202e+01
9.211842368473694975e+00,1.463185636479294160e+01
9.213842768553710982e+00,1.461155513250163196e+01
9.215843168633726989e+00,1.459126348252791772e+01
9.217843568713742997e+00,1.457098142784660411e+01
9.219843968793759004e+00,1.455070898143056013e+01
9.221844368873775011e+00,1.453044615624803448e+01
9.223844768953791018e+00,1.451019296525603686e+01
9.225845169033807025e+00,1.448994942140590858e+01
9.227845569113823032e+00,1.446971553765047247e+01
9.229845969193839039e+00,1.444949132692544858e+01
9.231846369273855046e+00,1.442927680216641662e+01
9.233846769353871053e+00,1.440907197630428982e+01
9.235847169433887061e+00,1.438887686226194873e+01
9.237847569513903068e+00,1.436869147294811100e+01
9.239847969593919075e+00,1.434851582128748326e+01
9.241848369673935082e+00,1.432834992016409004e+01
9.243848769753951089e+00,1.430819378249449514e+01
9.245849169833967096e+00,1.428804742115901050e+01
9.247849569913983103e+00,1.426791084904407114e+01
9.249849969993999110e+00,1.424778407902909549e+01
9.251850370074015117e+00,1.422766712398798283e+01
9.253850770154031125e+00,1.420755999678352843e+01
9.255851170234047132e+00,1.418746271027999839e+01
9.257851570314063139e+00,1.416737527733055124e+01
9.259851970394079146e+00,1.414729771077664822e+01
9.261852370474095153e+00,1.412723002346037404e+01
9.263852770554111160e+00,1.410717222822475847e+01
9.265853170634127167e+00,1.408712433788688045e+01
9.267853570714143174e+00,1.406708636528116330e+01
9.269853970794159181e+00,1.404705832321330661e+01
9.271854370874175189e+00,1.402704022449627530e+01
9.273854770954191196e+00,1.400703208193184501e+01
9.275855171034207203e+00,1.398703390831462912e+01
9.277855571114223210e+00,1.396704571644148274e+01
9.279855971194239217e+00,1.394706751908769604e+01
9.281856371274255224e+00,1.392709932903425774e+01
9.283856771354271231e+00,1.390714115905720050e+01
9.285857171434287238e+00,1.388719302191494620e+01
9.287857571514303245e+00,1.386725493036786716e+01
9.289857971594319253e+00,1.384732689716157594e+01
9.291858371674335260e+00,1.382740893505107138e+01
9.293858771754351267e+00,1.380750105677018702e+01
9.295859171834367274e+00,1.378760327505262673e+01
9.297859571914383281e+00,1.376771560262075589e+01
9.299859971994399288e+00,1.374783805219700739e+01
9.301860372074415295e+00,1.372797063649602300e+01
9.303860772154431302e+00,1.370811336822445803e+01
9.305861172234447309e+00,1.368826626007532177e+01
9.307861572314463317e+00,1.366842932475000971e+01
9.309861972394479324e+00,1.364860257493340079e+01
9.311862372474495331e+00,1.362878602330382449e+01
9.313862772554511338e+00,1.360897968253103585e+01
9.315863172634527345e+00,1.358918356529076910e+01
9.317863572714543352e+00,1.356939768423898585e+01
9.319863972794559359e+00,1.354962205203684178e+01
9.321864372874575366e+00,1.352985668132329877e+01
9.323864772954591373e+00,1.351010158474318423e+01
9.325865173034607380e+00,1.349035677492894081e+01
9.327865573114623388e+00,1.347062226451602385e+01
9.329865973194639395e+00,1.345089806611652250e+01
9.331866373274655402e+00,1.343118419234413174e+01
9.333866773354671409e+00,1.341148065582205362e+01
9.335867173434687416e+00,1.339178746913399642e+01
9.337867573514703423e+00,1.337210464488137873e+01
9.339867973594719430e+00,1.335243219565873396e+01
9.341868373674735437e+00,1.333277013403898614e+01
9.343868773754751444e+00,1.331311847259994252e+01
9.345869173834767452e+00,1.329347722391372066e+01
9.347869573914783459e+00,1.327384640053830189e+01
9.349869973994799466e+00,1.325422601502672038e+01
9.351870374074815473e+00,1.323461607993164968e+01
9.353870774154831480e+00,1.321501660779342657e+01
9.355871174234847487e+00,1.319542761114214535e+01
9.357871574314863494e+00,1.317584910251314412e+01
9.359871974394879501e+00,1.315628109442786808e+01
9.361872374474895508e+00,1.313672359939505085e+01
9.363872774554911516e+00,1.311717662992614564e+01
9.365873174634927523e+00,1.309764019852300798e+01
9.367873574714943530e+00,1.307811431767874666e+01
9.369873974794959537e+00,1.305859899987823880e+01
9.371874374874975544e+00,1.303909425761344032e+01
9.373874774954991551e+00,1.301960010335063878e+01
9.375875175035007558e+00,1.300011654955088503e+01
9.377875575115023565e+00,1.298064360868681000e+01
9.379875975195039572e+00,1.296118129320332812e+01
9.381876375275055580e+00,1.294172961555838519e+01
9.383876775355071587e+00,1.292228858817784598e+01
9.385877175435087594e+00,1.290285822350377920e+01
9.387877575515103601e+00,1.288343853396464311e+01
9.389877975595119608e+00,1.286402953197801935e+01
9.391878375675135615e+00,1.284463122995679818e+01
9.393878775755151622e+00,1.282524364030246211e+01
9.395879175835167629e+00,1.280586677541952234e+01
9.397879575915183636e+00,1.278650064769973937e+01
9.399879975995199644e+00,1.276714526953127127e+01
9.401880376075215651e+00,1.274780065328205580e+01
9.403880776155231658e+00,1.272846681133739466e+01
9.405881176235247665e+00,1.270914375605199886e+01
9.407881576315263672e+00,1.268983149978793001e+01
9.409881976395279679e+00,1.267053005489994533e+01
9.411882376475295686e+00,1.265123943372249293e+01
9.413882776555311693e+00,1.263195964860250875e+01
9.415883176635327700e+00,1.261269071186091928e+01
9.417883576715343708e+00,1.259343263583139461e+01
9.419883976795359715e+00,1.257418543282504864e+01
9.421884376875375722e+00,1.255494911514802148e+01
9.423884776955391729e+00,1.253572369510444418e+01
9.425885177035407736e+00,1.251650918499486487e+01
9.427885577115423743e+00,1.249730559710324229e+01
9.429885977195439750e+00,1.247811294370309021e+01
9.431886377275455757e+00,1.245893123708663097e+01
9.433886777355471764e+00,1.243976048951039104e+01
9.435887177435487772e+00,1.242060071323041370e+01
9.437887577515503779e+00,1.240145192050936451e+01
9.439887977595519786e+00,1.238231412359237815e+01
9.441888377675535793e+00,1.236318733471162723e+01
9.443888777755551800e+00,1.234407156610418532e+01
9.445889177835567807e+00,1.232496682999820514e+01
9.447889577915583814e+00,1.230587313860308818e+01
9.449889977995599821e+00,1.228679050413809293e+01
9.451890378075615828e+00,1.226771893880442299e+01
9.453890778155631835e+00,1.224865845480236182e+01
9.455891178235647843e+00,1.222960906431269379e+01
9.457891578315663850e+00,1.221057077952205994e+01
9.459891978395679857e+00,1.219154361261019304e+01
9.461892378475695864e+00,1.217252757574096123e+01
9.463892778555711871e+00,1.215352268107641542e+01
9.465893178635727878e+00,1.213452894077317801e+01
9.467893578715743885e+00,1.211554636697832876e+01
9.469893978795759892e+00,1.209657497182848829e+01
9.471894378875775899e+00,1.207761476745805851e+01
9.473894778955791907e+00,1.205866576599156481e+01
9.475895179035807914e+00,1.203972797954984664e+01
9.477895579115823921e+00,1.202080142023701725e+01
9.479895979195839928e+00,1.200188610016866342e+01
9.481896379275855935e+00,1.198298203143031948e+01
9.483896779355871942e+00,1.196408922611564485e+01
9.485897179435887949e+00,1.194520769630806711e+01
9.487897579515903956e+00,1.192633745408425305e+01
9.489897979595919963e+00,1.190747851151601644e+01
9.491898379675935971e+00,1.188863088064574924e+01
9.493898779755951978e+00,1.186979457354638789e+01
9.495899179835967985e+00,1.185096960225553886e+01
9.497899579915983992e+00,1.183215597881661374e+01
9.499899979995999999e+00,1.181335371525162259e+01
9.501900380076016006e+00,1.179456282359825892e+01
9.503900780156032013e+00,1.177578331586012794e+01
9.505901180236048020e+00,1.175701520405444889e+01
9.507901580316064027e+00,1.173825850018567785e+01
9.509901980396080035e+00,1.171951321625016007e+01
9.511902380476096042e+00,1.170077936422480214e+01
9.513902780556112049e+00,1.168205695610176953e+01
9.515903180636128056e+00,1.166334600384271170e+01
9.517903580716144063e+00,1.164464651942484252e+01
9.519903980796160070e+00,1.162595851480511300e+01
9.521904380876176077e+00,1.160728200192636450e+01
9.523904780956192084e+00,1.158861699274140200e+01
9.525905181036208091e+00,1.156996349918331290e+01
9.527905581116224099e+00,1.155132153317812183e+01
9.529905981196240106e+00,1.153269110665032393e+01
9.531906381276256113e+00,1.151407223151551307e+01
9.533906781356272120e+00,1.149546491967657857e+01
9.535907181436288127e+00,1.147686918303439363e+01
9.537907581516304134e+00,1.145828503348833571e+01
9.539907981596320141e+00,1.143971248291217790e+01
9.541908381676336148e+00,1.142115154319125736e+01
9.543908781756352155e+00,1.140260222618808328e+01
9.545909181836368163e+00,1.138406454377527588e+01
9.547909581916384170e+00,1.136553850779272246e+01
9.549909981996400177e+00,1.134702413010120559e+01
9.551910382076416184e+00,1.132852142253468131e+01
9.553910782156432191e+00,1.131003039692423684e+01
9.555911182236448198e+00,1.129155106510218154e+01
9.557911582316464205e+00,1.127308343888424780e+01
9.559911982396478436e+00,1.125462753006747363e+01
9.561912382476494443e+00,1.123618335046938022e+01
9.563912782556510450e+00,1.121775091187931217e+01
9.565913182636526457e+00,1.119933022608660700e+01
9.567913582716542464e+00,1.118092130486970248e+01
9.569913982796558471e+00,1.116252416000154923e+01
9.571914382876574479e+00,1.114413880324785566e+01
9.573914782956590486e+00,1.112576524636167008e+01
9.575915183036606493e+00,1.110740350109704266e+01
9.577915583116622500e+00,1.108905357919470980e+01
9.579915983196638507e+00,1.107071549238986741e+01
9.581916383276654514e+00,1.105238925241294545e+01
9.583916783356670521e+00,1.103407487097466877e+01
9.585917183436686528e+00,1.101577235979148739e+01
9.587917583516702535e+00,1.099748173057183820e+01
9.589917983596718543e+00,1.097920299500747632e+01
9.591918383676734550e+00,1.096093616478627020e+01
9.593918783756750557e+00,1.094268125159475069e+01
9.595919183836766564e+00,1.092443826710309374e+01
9.597919583916782571e+00,1.090620722297791545e+01
9.599919983996798578e+00,1.088798813087920436e+01
9.601920384076814585e+00,1.086978100245548085e+01
9.603920784156830592e+00,1.085158584934802306e+01
9.605921184236846599e+00,1.083340268319831345e+01
9.607921584316862607e+00,1.081523151563015439e+01
9.609921984396878614e+00,1.079707235826474765e+01
9.611922384476894621e+00,1.077892522271577214e+01
9.613922784556910628e+00,1.076079012058522011e+01
9.615923184636926635e+00,1.074266706347539291e+01
9.617923584716942642e+00,1.072455606296282404e+01
9.619923984796958649e+00,1.070645713065186833e+01
9.621924384876974656e+00,1.068837027809069617e+01
9.623924784956990663e+00,1.067029551685900479e+01
9.625925185037006671e+00,1.065223285851448409e+01
9.627925585117022678e+00,1.063418231461008645e+01
9.629925985197038685e+00,1.061614389668334013e+01
9.631926385277054692e+00,1.059811761627113746e+01
9.633926785357070699e+00,1.058010348490014962e+01
9.635927185437086706e+00,1.056210151409605835e+01
9.637927585517102713e+00,1.054411171535532787e+01
9.639927985597118720e+00,1.052613410019594120e+01
9.641928385677134727e+00,1.050816868011724026e+01
9.643928785757150735e+00,1.049021546659102277e+01
9.645929185837166742e+00,1.047227447111533216e+01
9.647929585917182749e+00,1.045434570514771622e+01
9.649929985997198756e+00,1.043642918016345611e+01
9.651930386077214763e+00,1.041852490761502814e+01
9.653930786157230770e+00,1.040063289895519461e+01
9.655931186237246777e+00,1.038275316562095796e+01
9.657931586317262784e+00,1.036488571904715705e+01
9.659931986397278791e+00,1.034703057066084675e+01
9.661932386477294799e+00,1.032918773188352546e+01
9.663932786557310806e+00,1.031135721411257578e+01
9.665933186637326813e+00,1.029353902876306748e+01
9.667933586717342820e+00,1.027573318722300399e+01
9.669933986797358827e+00,1.025793970087915064e+01
9.671934386877374834e+00,1.024015858111152077e+01
9.673934786957390841e+00,1.022238983928549594e+01
9.675935187037406848e+00,1.020463348676893034e+01
9.677935587117422855e+00,1.018688953491956539e+01
9.679935987197438862e+00,1.016915799507159157e+01
9.681936387277454870e+00,1.015143887857066396e+01
9.683936787357470877e+00,1.013373219674600634e+01
9.685937187437486884e+00,1.011603796092657070e+01
9.687937587517502891e+00,1.009835618242322930e+01
9.689937987597518898e+00,1.008068687253805429e+01
9.691938387677534905e+00,1.006303004256930045e+01
9.693938787757550912e+00,1.004538570382148599e+01
9.695939187837566919e+00,1.002775386756187359e+01
9.697939587917582926e+00,1.001013454507046241e+01
9.699939987997598934e+00,9.992527747615557843e+00
9.701940388077614941e+00,9.974933486453975817e+00
9.703940788157630948e+00,9.957351772839022175e+00
9.705941188237646955e+00,9.939782618005159165e+00
9.707941588317662962e+00,9.922226033199462947e+00
9.709941988397678969e+00,9.904682029641582730e+00
9.711942388477694976e+00,9.887150618553754100e+00
9.713942788557710983e+00,9.869631811139431221e+00
9.715943188637726990e+00,9.852125618606432766e+00
9.717943588717742998e+00,9.834632052139745895e+00
9.719943988797759005e+00,9.817151122942224362e+00
9.721944388877775012e+00,9.799682842181361764e+00
9.723944788957791019e+00,9.782227221025328490e+00
9.725945189037807026e+00,9.764784270647814068e+00
9.727945589117823033e+00,9.747354002182449406e+00
9.729945989197839040e+00,9.729936426794671078e+00
9.731946389277855047e+00,9.712531555612537559e+00
9.733946789357871054e+00,9.695139399763840871e+00
9.735947189437887062e+00,9.677759970375836573e+00
9.737947589517903069e+00,9.660393278558467856e+00
9.739947989597919076e+00,9.643039335414107072e+00
9.741948389677935083e+00,9.625698152045409017e+00
9.743948789757951090e+00,9.608369739535065790e+00
9.745949189837967097e+00,9.591054108966478253e+00
9.747949589917983104e+00,9.573751271413927455e+00
9.749949989997999111e+00,9.556461237938638220e+00
9.751950390078015118e+00,9.539184019596000041e+00
9.753950790158031126e+00,9.521919627436393085e+00
9.755951190238047133e+00,9.504668072497922893e+00
9.757951590318063140e+00,9.487429365806338666e+00
9.759951990398079147e+00,9.470203518399179288e+00
9.761952390478095154e+00,9.452990541275633873e+00
9.763952790558111161e+00,9.435790445449566022e+00
9.765953190638127168e+00,9.418603241917026025e+00
9.767953590718143175e+00,9.401428941667587580e+00
9.769953990798159182e+00,9.384267555686736983e+00
9.771954390878175190e+00,9.367119094946264823e+00
9.773954790958191197e+00,9.349983570412209843e+00
9.775955191038207204e+00,9.332860993039137298e+00
9.777955591118223211e+00,9.315751373774768140e+00
9.779955991198239218e+00,9.298654723561265101e+00
9.781956391278255225e+00,9.281571053330193166e+00
9.783956791358271232e+00,9.264500374009019268e+00
9.785957191438287239e+00,9.247442696506471549e+00
9.787957591518303246e+00,9.230398031732322650e+00
9.789957991598319254e+00,9.213366390587394150e+00
9.791958391678335261e+00,9.196347783965105549e+00
9.793958791758351268e+00,9.179342222739402146e+00
9.795959191838367275e+00,9.162349717787602543e+00
9.797959591918383282e+00,9.145370279979010419e+00
9.799959991998399289e+00,9.128403920163153273e+00
9.801960392078415296e+00,9.111450649191514373e+00
9.803960792158431303e+00,9.094510477906910140e+00
9.805961192238447310e+00,9.077583417140132838e+00
9.807961592318463317e+00,9.060669477712458786e+00
9.809961992398479325e+00,9.043768670442238644e+00
9.811962392478495332e+00,9.026881006130434315e+00
9.813962792558511339e+00,9.010006495585054509e+00
9.815963192638527346e+00,8.993145149589254927e+00
9.817963592718543353e+00,8.976296978919497960e+00
9.819963992798559360e+00,8.959461994360445658e+00
9.821964392878575367e+00,8.942640206667471503e+00
9.823964792958591374e+00,8.925831626600359670e+00
9.825965193038607381e+00,8.909036264907346236e+00
9.827965593118623389e+00,8.892254132328973881e+00
9.829965993198639396e+00,8.875485239589478326e+00
9.831966393278655403e+00,8.858729597414281898e+00
9.833966793358671410e+00,8.841987216520877269e+00
9.835967193438687417e+00,8.825258107605350233e+00
9.837967593518703424e+00,8.808542281374359462e+00
9.839967993598719431e+00,8.791839748511527830e+00
9.841968393678735438e+00,8.775150519700023466e+00
9.843968793758751445e+00,8.758474605603259633e+00
9.845969193838767453e+00,8.741812016894547455e+00
9.847969593918783460e+00,8.725162764214266176e+00
9.849969993998799467e+00,8.708526858222377598e+00
9.851970394078815474e+00,8.691904309550595897e+00
9.853970794158831481e+00,8.675295128822439139e+00
9.855971194238847488e+00,8.658699326663210627e+00
9.857971594318863495e+00,8.642116913682196255e+00
9.859971994398879502e+00,8.625547900489088704e+00
9.861972394478895509e+00,8.608992297660725157e+00
9.863972794558911517e+00,8.592450115801582911e+00
9.865973194638927524e+00,8.575921365482267689e+00
9.867973594718943531e+00,8.559406057265794843e+00
9.869973994798959538e+00,8.542904201721894353e+00
9.871974394878975545e+00,8.526415809392975831e+00
9.873974794958991552e+00,8.509940890823726178e+00
9.875975195039007559e+00,8.493479456550380391e+00
9.877975595119023566e+00,8.477031517100551028e+00
9.879975995199039573e+00,8.460597082985151118e+00
9.881976395279055581e+00,8.444176164713850241e+00
9.883976795359071588e+00,8.427768772789333340e+00
9.885977195439087595e+00,8.411374917703513532e+00
9.887977595519103602e+00,8.394994609929957718e+00
9.889977995599119609e+00,8.378627859948243994e+00
9.891978395679135616e+00,8.362274678223611701e+00
9.893978795759151623e+00,8.345935075212633336e+00
9.895979195839167630e+00,8.329609061354664945e+00
9.897979595919183637e+00,8.313296647097873304e+00
9.899979995999199645e+00,8.296997842872027462e+00
9.901980396079215652e+00,8.280712659090912808e+00
9.903980796159231659e+00,8.264441106175913987e+00
9.905981196239247666e+00,8.248183194522995976e+00
9.907981596319263673e+00,8.231938934531266128e+00
9.909981996399279680e+00,8.215708336587903560e+00
9.911982396479295687e+00,8.199491411072290958e+00
9.913982796559311694e+00,8.183288168338744839e+00
9.915983196639327701e+00,8.167098618770035401e+00
9.917983596719343709e+00,8.150922772703319552e+00
9.919983996799359716e+00,8.134760640481001559e+00
9.921984396879375723e+00,8.118612232447201649e+00
9.923984796959391730e+00,8.102477558914118916e+00
9.925985197039407737e+00,8.086356630206752882e+00
9.927985597119423744e+00,8.070249456626406470e+00
9.929985997199439751e+00,8.054156048477379315e+00
9.931986397279455758e+00,8.038076416042120087e+00
9.933986797359471765e+00,8.022010569612614717e+00
9.935987197439487772e+00,8.005958519450683042e+00
9.937987597519503780e+00,7.989920275828442442e+00
9.939987997599519787e+00,7.973895848985852020e+00
9.941988397679535794e+00,7.957885249185479459e+00
9.943988797759551801e+00,7.941888486660783286e+00
9.945989197839567808e+00,7.925905571626359780e+00
9.947989597919583815e+00,7.909936514319646506e+00
9.949989997999599822e+00,7.893981324932264343e+00
9.951990398079615829e+00,7.878040013683604847e+00
9.953990798159631836e+00,7.862112590756311192e+00
9.955991198239647844e+00,7.846199066333664263e+00
9.957991598319663851e+00,7.830299450595351374e+00
9.959991998399679858e+00,7.814413753700885756e+00
9.961992398479695865e+00,7.798541985814843258e+00
9.963992798559711872e+00,7.782684157074731601e+00
9.965993198639727879e+00,7.766840277629784239e+00
9.967993598719743886e+00,7.751010357608266510e+00
9.969993998799759893e+00,7.735194407121522175e+00
9.971994398879775900e+00,7.719392436292606519e+00
9.973994798959791908e+00,7.703604455224112080e+00
9.975995199039807915e+00,7.687830474005061809e+00
9.977995599119823922e+00,7.672070502726246133e+00
9.979995999199839929e+00,7.656324551454922300e+00
9.981996399279855936e+00,7.640592630269638974e+00
9.983996799359871943e+00,7.624874749223140569e+00
9.985997199439887950e+00,7.609170918362750946e+00
9.987997599519903957e+00,7.593481147740927639e+00
9.989997999599919964e+00,7.577805447372456094e+00
9.991998399679935972e+00,7.562143827286129216e+00
9.993998799759951979e+00,7.546496297507159667e+00
9.995999199839967986e+00,7.530862868022322409e+00
9.997999599919983993e+00,7.515243548834207310e+00
1.000000000000000000e+01,7.499638349932549630e+00
